date_id,full_date,day,day_name,day_of_week,week_of_year,month,month_name,quarter,year,decade,is_weekend,is_leap_year,is_year_start,period_label
1,2019-01-01,1,Tuesday,2,1,1,January,Q1,2019,2010s,false,false,true,Pre-Pandemic
2,2019-01-02,2,Wednesday,3,1,1,January,Q1,2019,2010s,false,false,false,Pre-Pandemic
3,2019-01-03,3,Thursday,4,1,1,January,Q1,2019,2010s,false,false,false,Pre-Pandemic
4,2019-01-04,4,Friday,5,1,1,January,Q1,2019,2010s,false,false,false,Pre-Pandemic
5,2019-01-05,5,Saturday,6,1,1,January,Q1,2019,2010s,true,false,false,Pre-Pandemic
6,2019-01-06,6,Sunday,7,1,1,January,Q1,2019,2010s,true,false,false,Pre-Pandemic
7,2019-01-07,7,Monday,1,2,1,January,Q1,2019,2010s,false,false,false,Pre-Pandemic
8,2019-01-08,8,Tuesday,2,2,1,January,Q1,2019,2010s,false,false,false,Pre-Pandemic
9,2019-01-09,9,Wednesday,3,2,1,January,Q1,2019,2010s,false,false,false,Pre-Pandemic
10,2019-01-10,10,Thursday,4,2,1,January,Q1,2019,2010s,false,false,false,Pre-Pandemic
11,2019-01-11,11,Friday,5,2,1,January,Q1,2019,2010s,false,false,false,Pre-Pandemic
12,2019-01-12,12,Saturday,6,2,1,January,Q1,2019,2010s,true,false,false,Pre-Pandemic
13,2019-01-13,13,Sunday,7,2,1,January,Q1,2019,2010s,true,false,false,Pre-Pandemic
14,2019-01-14,14,Monday,1,3,1,January,Q1,2019,2010s,false,false,false,Pre-Pandemic
15,2019-01-15,15,Tuesday,2,3,1,January,Q1,2019,2010s,false,false,false,Pre-Pandemic
16,2019-01-16,16,Wednesday,3,3,1,January,Q1,2019,2010s,false,false,false,Pre-Pandemic
17,2019-01-17,17,Thursday,4,3,1,January,Q1,2019,2010s,false,false,false,Pre-Pandemic
18,2019-01-18,18,Friday,5,3,1,January,Q1,2019,2010s,false,false,false,Pre-Pandemic
19,2019-01-19,19,Saturday,6,3,1,January,Q1,2019,2010s,true,false,false,Pre-Pandemic
20,2019-01-20,20,Sunday,7,3,1,January,Q1,2019,2010s,true,false,false,Pre-Pandemic
21,2019-01-21,21,Monday,1,4,1,January,Q1,2019,2010s,false,false,false,Pre-Pandemic
22,2019-01-22,22,Tuesday,2,4,1,January,Q1,2019,2010s,false,false,false,Pre-Pandemic
23,2019-01-23,23,Wednesday,3,4,1,January,Q1,2019,2010s,false,false,false,Pre-Pandemic
24,2019-01-24,24,Thursday,4,4,1,January,Q1,2019,2010s,false,false,false,Pre-Pandemic
25,2019-01-25,25,Friday,5,4,1,January,Q1,2019,2010s,false,false,false,Pre-Pandemic
26,2019-01-26,26,Saturday,6,4,1,January,Q1,2019,2010s,true,false,false,Pre-Pandemic
27,2019-01-27,27,Sunday,7,4,1,January,Q1,2019,2010s,true,false,false,Pre-Pandemic
28,2019-01-28,28,Monday,1,5,1,January,Q1,2019,2010s,false,false,false,Pre-Pandemic
29,2019-01-29,29,Tuesday,2,5,1,January,Q1,2019,2010s,false,false,false,Pre-Pandemic
30,2019-01-30,30,Wednesday,3,5,1,January,Q1,2019,2010s,false,false,false,Pre-Pandemic
31,2019-01-31,31,Thursday,4,5,1,January,Q1,2019,2010s,false,false,false,Pre-Pandemic
32,2019-02-01,1,Friday,5,5,2,February,Q1,2019,2010s,false,false,false,Pre-Pandemic
33,2019-02-02,2,Saturday,6,5,2,February,Q1,2019,2010s,true,false,false,Pre-Pandemic
34,2019-02-03,3,Sunday,7,5,2,February,Q1,2019,2010s,true,false,false,Pre-Pandemic
35,2019-02-04,4,Monday,1,6,2,February,Q1,2019,2010s,false,false,false,Pre-Pandemic
36,2019-02-05,5,Tuesday,2,6,2,February,Q1,2019,2010s,false,false,false,Pre-Pandemic
37,2019-02-06,6,Wednesday,3,6,2,February,Q1,2019,2010s,false,false,false,Pre-Pandemic
38,2019-02-07,7,Thursday,4,6,2,February,Q1,2019,2010s,false,false,false,Pre-Pandemic
39,2019-02-08,8,Friday,5,6,2,February,Q1,2019,2010s,false,false,false,Pre-Pandemic
40,2019-02-09,9,Saturday,6,6,2,February,Q1,2019,2010s,true,false,false,Pre-Pandemic
41,2019-02-10,10,Sunday,7,6,2,February,Q1,2019,2010s,true,false,false,Pre-Pandemic
42,2019-02-11,11,Monday,1,7,2,February,Q1,2019,2010s,false,false,false,Pre-Pandemic
43,2019-02-12,12,Tuesday,2,7,2,February,Q1,2019,2010s,false,false,false,Pre-Pandemic
44,2019-02-13,13,Wednesday,3,7,2,February,Q1,2019,2010s,false,false,false,Pre-Pandemic
45,2019-02-14,14,Thursday,4,7,2,February,Q1,2019,2010s,false,false,false,Pre-Pandemic
46,2019-02-15,15,Friday,5,7,2,February,Q1,2019,2010s,false,false,false,Pre-Pandemic
47,2019-02-16,16,Saturday,6,7,2,February,Q1,2019,2010s,true,false,false,Pre-Pandemic
48,2019-02-17,17,Sunday,7,7,2,February,Q1,2019,2010s,true,false,false,Pre-Pandemic
49,2019-02-18,18,Monday,1,8,2,February,Q1,2019,2010s,false,false,false,Pre-Pandemic
50,2019-02-19,19,Tuesday,2,8,2,February,Q1,2019,2010s,false,false,false,Pre-Pandemic
51,2019-02-20,20,Wednesday,3,8,2,February,Q1,2019,2010s,false,false,false,Pre-Pandemic
52,2019-02-21,21,Thursday,4,8,2,February,Q1,2019,2010s,false,false,false,Pre-Pandemic
53,2019-02-22,22,Friday,5,8,2,February,Q1,2019,2010s,false,false,false,Pre-Pandemic
54,2019-02-23,23,Saturday,6,8,2,February,Q1,2019,2010s,true,false,false,Pre-Pandemic
55,2019-02-24,24,Sunday,7,8,2,February,Q1,2019,2010s,true,false,false,Pre-Pandemic
56,2019-02-25,25,Monday,1,9,2,February,Q1,2019,2010s,false,false,false,Pre-Pandemic
57,2019-02-26,26,Tuesday,2,9,2,February,Q1,2019,2010s,false,false,false,Pre-Pandemic
58,2019-02-27,27,Wednesday,3,9,2,February,Q1,2019,2010s,false,false,false,Pre-Pandemic
59,2019-02-28,28,Thursday,4,9,2,February,Q1,2019,2010s,false,false,false,Pre-Pandemic
60,2019-03-01,1,Friday,5,9,3,March,Q1,2019,2010s,false,false,false,Pre-Pandemic
61,2019-03-02,2,Saturday,6,9,3,March,Q1,2019,2010s,true,false,false,Pre-Pandemic
62,2019-03-03,3,Sunday,7,9,3,March,Q1,2019,2010s,true,false,false,Pre-Pandemic
63,2019-03-04,4,Monday,1,10,3,March,Q1,2019,2010s,false,false,false,Pre-Pandemic
64,2019-03-05,5,Tuesday,2,10,3,March,Q1,2019,2010s,false,false,false,Pre-Pandemic
65,2019-03-06,6,Wednesday,3,10,3,March,Q1,2019,2010s,false,false,false,Pre-Pandemic
66,2019-03-07,7,Thursday,4,10,3,March,Q1,2019,2010s,false,false,false,Pre-Pandemic
67,2019-03-08,8,Friday,5,10,3,March,Q1,2019,2010s,false,false,false,Pre-Pandemic
68,2019-03-09,9,Saturday,6,10,3,March,Q1,2019,2010s,true,false,false,Pre-Pandemic
69,2019-03-10,10,Sunday,7,10,3,March,Q1,2019,2010s,true,false,false,Pre-Pandemic
70,2019-03-11,11,Monday,1,11,3,March,Q1,2019,2010s,false,false,false,Pre-Pandemic
71,2019-03-12,12,Tuesday,2,11,3,March,Q1,2019,2010s,false,false,false,Pre-Pandemic
72,2019-03-13,13,Wednesday,3,11,3,March,Q1,2019,2010s,false,false,false,Pre-Pandemic
73,2019-03-14,14,Thursday,4,11,3,March,Q1,2019,2010s,false,false,false,Pre-Pandemic
74,2019-03-15,15,Friday,5,11,3,March,Q1,2019,2010s,false,false,false,Pre-Pandemic
75,2019-03-16,16,Saturday,6,11,3,March,Q1,2019,2010s,true,false,false,Pre-Pandemic
76,2019-03-17,17,Sunday,7,11,3,March,Q1,2019,2010s,true,false,false,Pre-Pandemic
77,2019-03-18,18,Monday,1,12,3,March,Q1,2019,2010s,false,false,false,Pre-Pandemic
78,2019-03-19,19,Tuesday,2,12,3,March,Q1,2019,2010s,false,false,false,Pre-Pandemic
79,2019-03-20,20,Wednesday,3,12,3,March,Q1,2019,2010s,false,false,false,Pre-Pandemic
80,2019-03-21,21,Thursday,4,12,3,March,Q1,2019,2010s,false,false,false,Pre-Pandemic
81,2019-03-22,22,Friday,5,12,3,March,Q1,2019,2010s,false,false,false,Pre-Pandemic
82,2019-03-23,23,Saturday,6,12,3,March,Q1,2019,2010s,true,false,false,Pre-Pandemic
83,2019-03-24,24,Sunday,7,12,3,March,Q1,2019,2010s,true,false,false,Pre-Pandemic
84,2019-03-25,25,Monday,1,13,3,March,Q1,2019,2010s,false,false,false,Pre-Pandemic
85,2019-03-26,26,Tuesday,2,13,3,March,Q1,2019,2010s,false,false,false,Pre-Pandemic
86,2019-03-27,27,Wednesday,3,13,3,March,Q1,2019,2010s,false,false,false,Pre-Pandemic
87,2019-03-28,28,Thursday,4,13,3,March,Q1,2019,2010s,false,false,false,Pre-Pandemic
88,2019-03-29,29,Friday,5,13,3,March,Q1,2019,2010s,false,false,false,Pre-Pandemic
89,2019-03-30,30,Saturday,6,13,3,March,Q1,2019,2010s,true,false,false,Pre-Pandemic
90,2019-03-31,31,Sunday,7,13,3,March,Q1,2019,2010s,true,false,false,Pre-Pandemic
91,2019-04-01,1,Monday,1,14,4,April,Q2,2019,2010s,false,false,false,Pre-Pandemic
92,2019-04-02,2,Tuesday,2,14,4,April,Q2,2019,2010s,false,false,false,Pre-Pandemic
93,2019-04-03,3,Wednesday,3,14,4,April,Q2,2019,2010s,false,false,false,Pre-Pandemic
94,2019-04-04,4,Thursday,4,14,4,April,Q2,2019,2010s,false,false,false,Pre-Pandemic
95,2019-04-05,5,Friday,5,14,4,April,Q2,2019,2010s,false,false,false,Pre-Pandemic
96,2019-04-06,6,Saturday,6,14,4,April,Q2,2019,2010s,true,false,false,Pre-Pandemic
97,2019-04-07,7,Sunday,7,14,4,April,Q2,2019,2010s,true,false,false,Pre-Pandemic
98,2019-04-08,8,Monday,1,15,4,April,Q2,2019,2010s,false,false,false,Pre-Pandemic
99,2019-04-09,9,Tuesday,2,15,4,April,Q2,2019,2010s,false,false,false,Pre-Pandemic
100,2019-04-10,10,Wednesday,3,15,4,April,Q2,2019,2010s,false,false,false,Pre-Pandemic
101,2019-04-11,11,Thursday,4,15,4,April,Q2,2019,2010s,false,false,false,Pre-Pandemic
102,2019-04-12,12,Friday,5,15,4,April,Q2,2019,2010s,false,false,false,Pre-Pandemic
103,2019-04-13,13,Saturday,6,15,4,April,Q2,2019,2010s,true,false,false,Pre-Pandemic
104,2019-04-14,14,Sunday,7,15,4,April,Q2,2019,2010s,true,false,false,Pre-Pandemic
105,2019-04-15,15,Monday,1,16,4,April,Q2,2019,2010s,false,false,false,Pre-Pandemic
106,2019-04-16,16,Tuesday,2,16,4,April,Q2,2019,2010s,false,false,false,Pre-Pandemic
107,2019-04-17,17,Wednesday,3,16,4,April,Q2,2019,2010s,false,false,false,Pre-Pandemic
108,2019-04-18,18,Thursday,4,16,4,April,Q2,2019,2010s,false,false,false,Pre-Pandemic
109,2019-04-19,19,Friday,5,16,4,April,Q2,2019,2010s,false,false,false,Pre-Pandemic
110,2019-04-20,20,Saturday,6,16,4,April,Q2,2019,2010s,true,false,false,Pre-Pandemic
111,2019-04-21,21,Sunday,7,16,4,April,Q2,2019,2010s,true,false,false,Pre-Pandemic
112,2019-04-22,22,Monday,1,17,4,April,Q2,2019,2010s,false,false,false,Pre-Pandemic
113,2019-04-23,23,Tuesday,2,17,4,April,Q2,2019,2010s,false,false,false,Pre-Pandemic
114,2019-04-24,24,Wednesday,3,17,4,April,Q2,2019,2010s,false,false,false,Pre-Pandemic
115,2019-04-25,25,Thursday,4,17,4,April,Q2,2019,2010s,false,false,false,Pre-Pandemic
116,2019-04-26,26,Friday,5,17,4,April,Q2,2019,2010s,false,false,false,Pre-Pandemic
117,2019-04-27,27,Saturday,6,17,4,April,Q2,2019,2010s,true,false,false,Pre-Pandemic
118,2019-04-28,28,Sunday,7,17,4,April,Q2,2019,2010s,true,false,false,Pre-Pandemic
119,2019-04-29,29,Monday,1,18,4,April,Q2,2019,2010s,false,false,false,Pre-Pandemic
120,2019-04-30,30,Tuesday,2,18,4,April,Q2,2019,2010s,false,false,false,Pre-Pandemic
121,2019-05-01,1,Wednesday,3,18,5,May,Q2,2019,2010s,false,false,false,Pre-Pandemic
122,2019-05-02,2,Thursday,4,18,5,May,Q2,2019,2010s,false,false,false,Pre-Pandemic
123,2019-05-03,3,Friday,5,18,5,May,Q2,2019,2010s,false,false,false,Pre-Pandemic
124,2019-05-04,4,Saturday,6,18,5,May,Q2,2019,2010s,true,false,false,Pre-Pandemic
125,2019-05-05,5,Sunday,7,18,5,May,Q2,2019,2010s,true,false,false,Pre-Pandemic
126,2019-05-06,6,Monday,1,19,5,May,Q2,2019,2010s,false,false,false,Pre-Pandemic
127,2019-05-07,7,Tuesday,2,19,5,May,Q2,2019,2010s,false,false,false,Pre-Pandemic
128,2019-05-08,8,Wednesday,3,19,5,May,Q2,2019,2010s,false,false,false,Pre-Pandemic
129,2019-05-09,9,Thursday,4,19,5,May,Q2,2019,2010s,false,false,false,Pre-Pandemic
130,2019-05-10,10,Friday,5,19,5,May,Q2,2019,2010s,false,false,false,Pre-Pandemic
131,2019-05-11,11,Saturday,6,19,5,May,Q2,2019,2010s,true,false,false,Pre-Pandemic
132,2019-05-12,12,Sunday,7,19,5,May,Q2,2019,2010s,true,false,false,Pre-Pandemic
133,2019-05-13,13,Monday,1,20,5,May,Q2,2019,2010s,false,false,false,Pre-Pandemic
134,2019-05-14,14,Tuesday,2,20,5,May,Q2,2019,2010s,false,false,false,Pre-Pandemic
135,2019-05-15,15,Wednesday,3,20,5,May,Q2,2019,2010s,false,false,false,Pre-Pandemic
136,2019-05-16,16,Thursday,4,20,5,May,Q2,2019,2010s,false,false,false,Pre-Pandemic
137,2019-05-17,17,Friday,5,20,5,May,Q2,2019,2010s,false,false,false,Pre-Pandemic
138,2019-05-18,18,Saturday,6,20,5,May,Q2,2019,2010s,true,false,false,Pre-Pandemic
139,2019-05-19,19,Sunday,7,20,5,May,Q2,2019,2010s,true,false,false,Pre-Pandemic
140,2019-05-20,20,Monday,1,21,5,May,Q2,2019,2010s,false,false,false,Pre-Pandemic
141,2019-05-21,21,Tuesday,2,21,5,May,Q2,2019,2010s,false,false,false,Pre-Pandemic
142,2019-05-22,22,Wednesday,3,21,5,May,Q2,2019,2010s,false,false,false,Pre-Pandemic
143,2019-05-23,23,Thursday,4,21,5,May,Q2,2019,2010s,false,false,false,Pre-Pandemic
144,2019-05-24,24,Friday,5,21,5,May,Q2,2019,2010s,false,false,false,Pre-Pandemic
145,2019-05-25,25,Saturday,6,21,5,May,Q2,2019,2010s,true,false,false,Pre-Pandemic
146,2019-05-26,26,Sunday,7,21,5,May,Q2,2019,2010s,true,false,false,Pre-Pandemic
147,2019-05-27,27,Monday,1,22,5,May,Q2,2019,2010s,false,false,false,Pre-Pandemic
148,2019-05-28,28,Tuesday,2,22,5,May,Q2,2019,2010s,false,false,false,Pre-Pandemic
149,2019-05-29,29,Wednesday,3,22,5,May,Q2,2019,2010s,false,false,false,Pre-Pandemic
150,2019-05-30,30,Thursday,4,22,5,May,Q2,2019,2010s,false,false,false,Pre-Pandemic
151,2019-05-31,31,Friday,5,22,5,May,Q2,2019,2010s,false,false,false,Pre-Pandemic
152,2019-06-01,1,Saturday,6,22,6,June,Q2,2019,2010s,true,false,false,Pre-Pandemic
153,2019-06-02,2,Sunday,7,22,6,June,Q2,2019,2010s,true,false,false,Pre-Pandemic
154,2019-06-03,3,Monday,1,23,6,June,Q2,2019,2010s,false,false,false,Pre-Pandemic
155,2019-06-04,4,Tuesday,2,23,6,June,Q2,2019,2010s,false,false,false,Pre-Pandemic
156,2019-06-05,5,Wednesday,3,23,6,June,Q2,2019,2010s,false,false,false,Pre-Pandemic
157,2019-06-06,6,Thursday,4,23,6,June,Q2,2019,2010s,false,false,false,Pre-Pandemic
158,2019-06-07,7,Friday,5,23,6,June,Q2,2019,2010s,false,false,false,Pre-Pandemic
159,2019-06-08,8,Saturday,6,23,6,June,Q2,2019,2010s,true,false,false,Pre-Pandemic
160,2019-06-09,9,Sunday,7,23,6,June,Q2,2019,2010s,true,false,false,Pre-Pandemic
161,2019-06-10,10,Monday,1,24,6,June,Q2,2019,2010s,false,false,false,Pre-Pandemic
162,2019-06-11,11,Tuesday,2,24,6,June,Q2,2019,2010s,false,false,false,Pre-Pandemic
163,2019-06-12,12,Wednesday,3,24,6,June,Q2,2019,2010s,false,false,false,Pre-Pandemic
164,2019-06-13,13,Thursday,4,24,6,June,Q2,2019,2010s,false,false,false,Pre-Pandemic
165,2019-06-14,14,Friday,5,24,6,June,Q2,2019,2010s,false,false,false,Pre-Pandemic
166,2019-06-15,15,Saturday,6,24,6,June,Q2,2019,2010s,true,false,false,Pre-Pandemic
167,2019-06-16,16,Sunday,7,24,6,June,Q2,2019,2010s,true,false,false,Pre-Pandemic
168,2019-06-17,17,Monday,1,25,6,June,Q2,2019,2010s,false,false,false,Pre-Pandemic
169,2019-06-18,18,Tuesday,2,25,6,June,Q2,2019,2010s,false,false,false,Pre-Pandemic
170,2019-06-19,19,Wednesday,3,25,6,June,Q2,2019,2010s,false,false,false,Pre-Pandemic
171,2019-06-20,20,Thursday,4,25,6,June,Q2,2019,2010s,false,false,false,Pre-Pandemic
172,2019-06-21,21,Friday,5,25,6,June,Q2,2019,2010s,false,false,false,Pre-Pandemic
173,2019-06-22,22,Saturday,6,25,6,June,Q2,2019,2010s,true,false,false,Pre-Pandemic
174,2019-06-23,23,Sunday,7,25,6,June,Q2,2019,2010s,true,false,false,Pre-Pandemic
175,2019-06-24,24,Monday,1,26,6,June,Q2,2019,2010s,false,false,false,Pre-Pandemic
176,2019-06-25,25,Tuesday,2,26,6,June,Q2,2019,2010s,false,false,false,Pre-Pandemic
177,2019-06-26,26,Wednesday,3,26,6,June,Q2,2019,2010s,false,false,false,Pre-Pandemic
178,2019-06-27,27,Thursday,4,26,6,June,Q2,2019,2010s,false,false,false,Pre-Pandemic
179,2019-06-28,28,Friday,5,26,6,June,Q2,2019,2010s,false,false,false,Pre-Pandemic
180,2019-06-29,29,Saturday,6,26,6,June,Q2,2019,2010s,true,false,false,Pre-Pandemic
181,2019-06-30,30,Sunday,7,26,6,June,Q2,2019,2010s,true,false,false,Pre-Pandemic
182,2019-07-01,1,Monday,1,27,7,July,Q3,2019,2010s,false,false,false,Pre-Pandemic
183,2019-07-02,2,Tuesday,2,27,7,July,Q3,2019,2010s,false,false,false,Pre-Pandemic
184,2019-07-03,3,Wednesday,3,27,7,July,Q3,2019,2010s,false,false,false,Pre-Pandemic
185,2019-07-04,4,Thursday,4,27,7,July,Q3,2019,2010s,false,false,false,Pre-Pandemic
186,2019-07-05,5,Friday,5,27,7,July,Q3,2019,2010s,false,false,false,Pre-Pandemic
187,2019-07-06,6,Saturday,6,27,7,July,Q3,2019,2010s,true,false,false,Pre-Pandemic
188,2019-07-07,7,Sunday,7,27,7,July,Q3,2019,2010s,true,false,false,Pre-Pandemic
189,2019-07-08,8,Monday,1,28,7,July,Q3,2019,2010s,false,false,false,Pre-Pandemic
190,2019-07-09,9,Tuesday,2,28,7,July,Q3,2019,2010s,false,false,false,Pre-Pandemic
191,2019-07-10,10,Wednesday,3,28,7,July,Q3,2019,2010s,false,false,false,Pre-Pandemic
192,2019-07-11,11,Thursday,4,28,7,July,Q3,2019,2010s,false,false,false,Pre-Pandemic
193,2019-07-12,12,Friday,5,28,7,July,Q3,2019,2010s,false,false,false,Pre-Pandemic
194,2019-07-13,13,Saturday,6,28,7,July,Q3,2019,2010s,true,false,false,Pre-Pandemic
195,2019-07-14,14,Sunday,7,28,7,July,Q3,2019,2010s,true,false,false,Pre-Pandemic
196,2019-07-15,15,Monday,1,29,7,July,Q3,2019,2010s,false,false,false,Pre-Pandemic
197,2019-07-16,16,Tuesday,2,29,7,July,Q3,2019,2010s,false,false,false,Pre-Pandemic
198,2019-07-17,17,Wednesday,3,29,7,July,Q3,2019,2010s,false,false,false,Pre-Pandemic
199,2019-07-18,18,Thursday,4,29,7,July,Q3,2019,2010s,false,false,false,Pre-Pandemic
200,2019-07-19,19,Friday,5,29,7,July,Q3,2019,2010s,false,false,false,Pre-Pandemic
201,2019-07-20,20,Saturday,6,29,7,July,Q3,2019,2010s,true,false,false,Pre-Pandemic
202,2019-07-21,21,Sunday,7,29,7,July,Q3,2019,2010s,true,false,false,Pre-Pandemic
203,2019-07-22,22,Monday,1,30,7,July,Q3,2019,2010s,false,false,false,Pre-Pandemic
204,2019-07-23,23,Tuesday,2,30,7,July,Q3,2019,2010s,false,false,false,Pre-Pandemic
205,2019-07-24,24,Wednesday,3,30,7,July,Q3,2019,2010s,false,false,false,Pre-Pandemic
206,2019-07-25,25,Thursday,4,30,7,July,Q3,2019,2010s,false,false,false,Pre-Pandemic
207,2019-07-26,26,Friday,5,30,7,July,Q3,2019,2010s,false,false,false,Pre-Pandemic
208,2019-07-27,27,Saturday,6,30,7,July,Q3,2019,2010s,true,false,false,Pre-Pandemic
209,2019-07-28,28,Sunday,7,30,7,July,Q3,2019,2010s,true,false,false,Pre-Pandemic
210,2019-07-29,29,Monday,1,31,7,July,Q3,2019,2010s,false,false,false,Pre-Pandemic
211,2019-07-30,30,Tuesday,2,31,7,July,Q3,2019,2010s,false,false,false,Pre-Pandemic
212,2019-07-31,31,Wednesday,3,31,7,July,Q3,2019,2010s,false,false,false,Pre-Pandemic
213,2019-08-01,1,Thursday,4,31,8,August,Q3,2019,2010s,false,false,false,Pre-Pandemic
214,2019-08-02,2,Friday,5,31,8,August,Q3,2019,2010s,false,false,false,Pre-Pandemic
215,2019-08-03,3,Saturday,6,31,8,August,Q3,2019,2010s,true,false,false,Pre-Pandemic
216,2019-08-04,4,Sunday,7,31,8,August,Q3,2019,2010s,true,false,false,Pre-Pandemic
217,2019-08-05,5,Monday,1,32,8,August,Q3,2019,2010s,false,false,false,Pre-Pandemic
218,2019-08-06,6,Tuesday,2,32,8,August,Q3,2019,2010s,false,false,false,Pre-Pandemic
219,2019-08-07,7,Wednesday,3,32,8,August,Q3,2019,2010s,false,false,false,Pre-Pandemic
220,2019-08-08,8,Thursday,4,32,8,August,Q3,2019,2010s,false,false,false,Pre-Pandemic
221,2019-08-09,9,Friday,5,32,8,August,Q3,2019,2010s,false,false,false,Pre-Pandemic
222,2019-08-10,10,Saturday,6,32,8,August,Q3,2019,2010s,true,false,false,Pre-Pandemic
223,2019-08-11,11,Sunday,7,32,8,August,Q3,2019,2010s,true,false,false,Pre-Pandemic
224,2019-08-12,12,Monday,1,33,8,August,Q3,2019,2010s,false,false,false,Pre-Pandemic
225,2019-08-13,13,Tuesday,2,33,8,August,Q3,2019,2010s,false,false,false,Pre-Pandemic
226,2019-08-14,14,Wednesday,3,33,8,August,Q3,2019,2010s,false,false,false,Pre-Pandemic
227,2019-08-15,15,Thursday,4,33,8,August,Q3,2019,2010s,false,false,false,Pre-Pandemic
228,2019-08-16,16,Friday,5,33,8,August,Q3,2019,2010s,false,false,false,Pre-Pandemic
229,2019-08-17,17,Saturday,6,33,8,August,Q3,2019,2010s,true,false,false,Pre-Pandemic
230,2019-08-18,18,Sunday,7,33,8,August,Q3,2019,2010s,true,false,false,Pre-Pandemic
231,2019-08-19,19,Monday,1,34,8,August,Q3,2019,2010s,false,false,false,Pre-Pandemic
232,2019-08-20,20,Tuesday,2,34,8,August,Q3,2019,2010s,false,false,false,Pre-Pandemic
233,2019-08-21,21,Wednesday,3,34,8,August,Q3,2019,2010s,false,false,false,Pre-Pandemic
234,2019-08-22,22,Thursday,4,34,8,August,Q3,2019,2010s,false,false,false,Pre-Pandemic
235,2019-08-23,23,Friday,5,34,8,August,Q3,2019,2010s,false,false,false,Pre-Pandemic
236,2019-08-24,24,Saturday,6,34,8,August,Q3,2019,2010s,true,false,false,Pre-Pandemic
237,2019-08-25,25,Sunday,7,34,8,August,Q3,2019,2010s,true,false,false,Pre-Pandemic
238,2019-08-26,26,Monday,1,35,8,August,Q3,2019,2010s,false,false,false,Pre-Pandemic
239,2019-08-27,27,Tuesday,2,35,8,August,Q3,2019,2010s,false,false,false,Pre-Pandemic
240,2019-08-28,28,Wednesday,3,35,8,August,Q3,2019,2010s,false,false,false,Pre-Pandemic
241,2019-08-29,29,Thursday,4,35,8,August,Q3,2019,2010s,false,false,false,Pre-Pandemic
242,2019-08-30,30,Friday,5,35,8,August,Q3,2019,2010s,false,false,false,Pre-Pandemic
243,2019-08-31,31,Saturday,6,35,8,August,Q3,2019,2010s,true,false,false,Pre-Pandemic
244,2019-09-01,1,Sunday,7,35,9,September,Q3,2019,2010s,true,false,false,Pre-Pandemic
245,2019-09-02,2,Monday,1,36,9,September,Q3,2019,2010s,false,false,false,Pre-Pandemic
246,2019-09-03,3,Tuesday,2,36,9,September,Q3,2019,2010s,false,false,false,Pre-Pandemic
247,2019-09-04,4,Wednesday,3,36,9,September,Q3,2019,2010s,false,false,false,Pre-Pandemic
248,2019-09-05,5,Thursday,4,36,9,September,Q3,2019,2010s,false,false,false,Pre-Pandemic
249,2019-09-06,6,Friday,5,36,9,September,Q3,2019,2010s,false,false,false,Pre-Pandemic
250,2019-09-07,7,Saturday,6,36,9,September,Q3,2019,2010s,true,false,false,Pre-Pandemic
251,2019-09-08,8,Sunday,7,36,9,September,Q3,2019,2010s,true,false,false,Pre-Pandemic
252,2019-09-09,9,Monday,1,37,9,September,Q3,2019,2010s,false,false,false,Pre-Pandemic
253,2019-09-10,10,Tuesday,2,37,9,September,Q3,2019,2010s,false,false,false,Pre-Pandemic
254,2019-09-11,11,Wednesday,3,37,9,September,Q3,2019,2010s,false,false,false,Pre-Pandemic
255,2019-09-12,12,Thursday,4,37,9,September,Q3,2019,2010s,false,false,false,Pre-Pandemic
256,2019-09-13,13,Friday,5,37,9,September,Q3,2019,2010s,false,false,false,Pre-Pandemic
257,2019-09-14,14,Saturday,6,37,9,September,Q3,2019,2010s,true,false,false,Pre-Pandemic
258,2019-09-15,15,Sunday,7,37,9,September,Q3,2019,2010s,true,false,false,Pre-Pandemic
259,2019-09-16,16,Monday,1,38,9,September,Q3,2019,2010s,false,false,false,Pre-Pandemic
260,2019-09-17,17,Tuesday,2,38,9,September,Q3,2019,2010s,false,false,false,Pre-Pandemic
261,2019-09-18,18,Wednesday,3,38,9,September,Q3,2019,2010s,false,false,false,Pre-Pandemic
262,2019-09-19,19,Thursday,4,38,9,September,Q3,2019,2010s,false,false,false,Pre-Pandemic
263,2019-09-20,20,Friday,5,38,9,September,Q3,2019,2010s,false,false,false,Pre-Pandemic
264,2019-09-21,21,Saturday,6,38,9,September,Q3,2019,2010s,true,false,false,Pre-Pandemic
265,2019-09-22,22,Sunday,7,38,9,September,Q3,2019,2010s,true,false,false,Pre-Pandemic
266,2019-09-23,23,Monday,1,39,9,September,Q3,2019,2010s,false,false,false,Pre-Pandemic
267,2019-09-24,24,Tuesday,2,39,9,September,Q3,2019,2010s,false,false,false,Pre-Pandemic
268,2019-09-25,25,Wednesday,3,39,9,September,Q3,2019,2010s,false,false,false,Pre-Pandemic
269,2019-09-26,26,Thursday,4,39,9,September,Q3,2019,2010s,false,false,false,Pre-Pandemic
270,2019-09-27,27,Friday,5,39,9,September,Q3,2019,2010s,false,false,false,Pre-Pandemic
271,2019-09-28,28,Saturday,6,39,9,September,Q3,2019,2010s,true,false,false,Pre-Pandemic
272,2019-09-29,29,Sunday,7,39,9,September,Q3,2019,2010s,true,false,false,Pre-Pandemic
273,2019-09-30,30,Monday,1,40,9,September,Q3,2019,2010s,false,false,false,Pre-Pandemic
274,2019-10-01,1,Tuesday,2,40,10,October,Q4,2019,2010s,false,false,false,Pre-Pandemic
275,2019-10-02,2,Wednesday,3,40,10,October,Q4,2019,2010s,false,false,false,Pre-Pandemic
276,2019-10-03,3,Thursday,4,40,10,October,Q4,2019,2010s,false,false,false,Pre-Pandemic
277,2019-10-04,4,Friday,5,40,10,October,Q4,2019,2010s,false,false,false,Pre-Pandemic
278,2019-10-05,5,Saturday,6,40,10,October,Q4,2019,2010s,true,false,false,Pre-Pandemic
279,2019-10-06,6,Sunday,7,40,10,October,Q4,2019,2010s,true,false,false,Pre-Pandemic
280,2019-10-07,7,Monday,1,41,10,October,Q4,2019,2010s,false,false,false,Pre-Pandemic
281,2019-10-08,8,Tuesday,2,41,10,October,Q4,2019,2010s,false,false,false,Pre-Pandemic
282,2019-10-09,9,Wednesday,3,41,10,October,Q4,2019,2010s,false,false,false,Pre-Pandemic
283,2019-10-10,10,Thursday,4,41,10,October,Q4,2019,2010s,false,false,false,Pre-Pandemic
284,2019-10-11,11,Friday,5,41,10,October,Q4,2019,2010s,false,false,false,Pre-Pandemic
285,2019-10-12,12,Saturday,6,41,10,October,Q4,2019,2010s,true,false,false,Pre-Pandemic
286,2019-10-13,13,Sunday,7,41,10,October,Q4,2019,2010s,true,false,false,Pre-Pandemic
287,2019-10-14,14,Monday,1,42,10,October,Q4,2019,2010s,false,false,false,Pre-Pandemic
288,2019-10-15,15,Tuesday,2,42,10,October,Q4,2019,2010s,false,false,false,Pre-Pandemic
289,2019-10-16,16,Wednesday,3,42,10,October,Q4,2019,2010s,false,false,false,Pre-Pandemic
290,2019-10-17,17,Thursday,4,42,10,October,Q4,2019,2010s,false,false,false,Pre-Pandemic
291,2019-10-18,18,Friday,5,42,10,October,Q4,2019,2010s,false,false,false,Pre-Pandemic
292,2019-10-19,19,Saturday,6,42,10,October,Q4,2019,2010s,true,false,false,Pre-Pandemic
293,2019-10-20,20,Sunday,7,42,10,October,Q4,2019,2010s,true,false,false,Pre-Pandemic
294,2019-10-21,21,Monday,1,43,10,October,Q4,2019,2010s,false,false,false,Pre-Pandemic
295,2019-10-22,22,Tuesday,2,43,10,October,Q4,2019,2010s,false,false,false,Pre-Pandemic
296,2019-10-23,23,Wednesday,3,43,10,October,Q4,2019,2010s,false,false,false,Pre-Pandemic
297,2019-10-24,24,Thursday,4,43,10,October,Q4,2019,2010s,false,false,false,Pre-Pandemic
298,2019-10-25,25,Friday,5,43,10,October,Q4,2019,2010s,false,false,false,Pre-Pandemic
299,2019-10-26,26,Saturday,6,43,10,October,Q4,2019,2010s,true,false,false,Pre-Pandemic
300,2019-10-27,27,Sunday,7,43,10,October,Q4,2019,2010s,true,false,false,Pre-Pandemic
301,2019-10-28,28,Monday,1,44,10,October,Q4,2019,2010s,false,false,false,Pre-Pandemic
302,2019-10-29,29,Tuesday,2,44,10,October,Q4,2019,2010s,false,false,false,Pre-Pandemic
303,2019-10-30,30,Wednesday,3,44,10,October,Q4,2019,2010s,false,false,false,Pre-Pandemic
304,2019-10-31,31,Thursday,4,44,10,October,Q4,2019,2010s,false,false,false,Pre-Pandemic
305,2019-11-01,1,Friday,5,44,11,November,Q4,2019,2010s,false,false,false,Pre-Pandemic
306,2019-11-02,2,Saturday,6,44,11,November,Q4,2019,2010s,true,false,false,Pre-Pandemic
307,2019-11-03,3,Sunday,7,44,11,November,Q4,2019,2010s,true,false,false,Pre-Pandemic
308,2019-11-04,4,Monday,1,45,11,November,Q4,2019,2010s,false,false,false,Pre-Pandemic
309,2019-11-05,5,Tuesday,2,45,11,November,Q4,2019,2010s,false,false,false,Pre-Pandemic
310,2019-11-06,6,Wednesday,3,45,11,November,Q4,2019,2010s,false,false,false,Pre-Pandemic
311,2019-11-07,7,Thursday,4,45,11,November,Q4,2019,2010s,false,false,false,Pre-Pandemic
312,2019-11-08,8,Friday,5,45,11,November,Q4,2019,2010s,false,false,false,Pre-Pandemic
313,2019-11-09,9,Saturday,6,45,11,November,Q4,2019,2010s,true,false,false,Pre-Pandemic
314,2019-11-10,10,Sunday,7,45,11,November,Q4,2019,2010s,true,false,false,Pre-Pandemic
315,2019-11-11,11,Monday,1,46,11,November,Q4,2019,2010s,false,false,false,Pre-Pandemic
316,2019-11-12,12,Tuesday,2,46,11,November,Q4,2019,2010s,false,false,false,Pre-Pandemic
317,2019-11-13,13,Wednesday,3,46,11,November,Q4,2019,2010s,false,false,false,Pre-Pandemic
318,2019-11-14,14,Thursday,4,46,11,November,Q4,2019,2010s,false,false,false,Pre-Pandemic
319,2019-11-15,15,Friday,5,46,11,November,Q4,2019,2010s,false,false,false,Pre-Pandemic
320,2019-11-16,16,Saturday,6,46,11,November,Q4,2019,2010s,true,false,false,Pre-Pandemic
321,2019-11-17,17,Sunday,7,46,11,November,Q4,2019,2010s,true,false,false,Pre-Pandemic
322,2019-11-18,18,Monday,1,47,11,November,Q4,2019,2010s,false,false,false,Pre-Pandemic
323,2019-11-19,19,Tuesday,2,47,11,November,Q4,2019,2010s,false,false,false,Pre-Pandemic
324,2019-11-20,20,Wednesday,3,47,11,November,Q4,2019,2010s,false,false,false,Pre-Pandemic
325,2019-11-21,21,Thursday,4,47,11,November,Q4,2019,2010s,false,false,false,Pre-Pandemic
326,2019-11-22,22,Friday,5,47,11,November,Q4,2019,2010s,false,false,false,Pre-Pandemic
327,2019-11-23,23,Saturday,6,47,11,November,Q4,2019,2010s,true,false,false,Pre-Pandemic
328,2019-11-24,24,Sunday,7,47,11,November,Q4,2019,2010s,true,false,false,Pre-Pandemic
329,2019-11-25,25,Monday,1,48,11,November,Q4,2019,2010s,false,false,false,Pre-Pandemic
330,2019-11-26,26,Tuesday,2,48,11,November,Q4,2019,2010s,false,false,false,Pre-Pandemic
331,2019-11-27,27,Wednesday,3,48,11,November,Q4,2019,2010s,false,false,false,Pre-Pandemic
332,2019-11-28,28,Thursday,4,48,11,November,Q4,2019,2010s,false,false,false,Pre-Pandemic
333,2019-11-29,29,Friday,5,48,11,November,Q4,2019,2010s,false,false,false,Pre-Pandemic
334,2019-11-30,30,Saturday,6,48,11,November,Q4,2019,2010s,true,false,false,Pre-Pandemic
335,2019-12-01,1,Sunday,7,48,12,December,Q4,2019,2010s,true,false,false,Pre-Pandemic
336,2019-12-02,2,Monday,1,49,12,December,Q4,2019,2010s,false,false,false,Pre-Pandemic
337,2019-12-03,3,Tuesday,2,49,12,December,Q4,2019,2010s,false,false,false,Pre-Pandemic
338,2019-12-04,4,Wednesday,3,49,12,December,Q4,2019,2010s,false,false,false,Pre-Pandemic
339,2019-12-05,5,Thursday,4,49,12,December,Q4,2019,2010s,false,false,false,Pre-Pandemic
340,2019-12-06,6,Friday,5,49,12,December,Q4,2019,2010s,false,false,false,Pre-Pandemic
341,2019-12-07,7,Saturday,6,49,12,December,Q4,2019,2010s,true,false,false,Pre-Pandemic
342,2019-12-08,8,Sunday,7,49,12,December,Q4,2019,2010s,true,false,false,Pre-Pandemic
343,2019-12-09,9,Monday,1,50,12,December,Q4,2019,2010s,false,false,false,Pre-Pandemic
344,2019-12-10,10,Tuesday,2,50,12,December,Q4,2019,2010s,false,false,false,Pre-Pandemic
345,2019-12-11,11,Wednesday,3,50,12,December,Q4,2019,2010s,false,false,false,Pre-Pandemic
346,2019-12-12,12,Thursday,4,50,12,December,Q4,2019,2010s,false,false,false,Pre-Pandemic
347,2019-12-13,13,Friday,5,50,12,December,Q4,2019,2010s,false,false,false,Pre-Pandemic
348,2019-12-14,14,Saturday,6,50,12,December,Q4,2019,2010s,true,false,false,Pre-Pandemic
349,2019-12-15,15,Sunday,7,50,12,December,Q4,2019,2010s,true,false,false,Pre-Pandemic
350,2019-12-16,16,Monday,1,51,12,December,Q4,2019,2010s,false,false,false,Pre-Pandemic
351,2019-12-17,17,Tuesday,2,51,12,December,Q4,2019,2010s,false,false,false,Pre-Pandemic
352,2019-12-18,18,Wednesday,3,51,12,December,Q4,2019,2010s,false,false,false,Pre-Pandemic
353,2019-12-19,19,Thursday,4,51,12,December,Q4,2019,2010s,false,false,false,Pre-Pandemic
354,2019-12-20,20,Friday,5,51,12,December,Q4,2019,2010s,false,false,false,Pre-Pandemic
355,2019-12-21,21,Saturday,6,51,12,December,Q4,2019,2010s,true,false,false,Pre-Pandemic
356,2019-12-22,22,Sunday,7,51,12,December,Q4,2019,2010s,true,false,false,Pre-Pandemic
357,2019-12-23,23,Monday,1,52,12,December,Q4,2019,2010s,false,false,false,Pre-Pandemic
358,2019-12-24,24,Tuesday,2,52,12,December,Q4,2019,2010s,false,false,false,Pre-Pandemic
359,2019-12-25,25,Wednesday,3,52,12,December,Q4,2019,2010s,false,false,false,Pre-Pandemic
360,2019-12-26,26,Thursday,4,52,12,December,Q4,2019,2010s,false,false,false,Pre-Pandemic
361,2019-12-27,27,Friday,5,52,12,December,Q4,2019,2010s,false,false,false,Pre-Pandemic
362,2019-12-28,28,Saturday,6,52,12,December,Q4,2019,2010s,true,false,false,Pre-Pandemic
363,2019-12-29,29,Sunday,7,52,12,December,Q4,2019,2010s,true,false,false,Pre-Pandemic
364,2019-12-30,30,Monday,1,1,12,December,Q4,2019,2010s,false,false,false,Pre-Pandemic
365,2019-12-31,31,Tuesday,2,1,12,December,Q4,2019,2010s,false,false,false,Pre-Pandemic
366,2021-01-01,1,Friday,5,53,1,January,Q1,2021,2020s,false,false,true,Post-Pandemic Year 1
367,2021-01-02,2,Saturday,6,53,1,January,Q1,2021,2020s,true,false,false,Post-Pandemic Year 1
368,2021-01-03,3,Sunday,7,53,1,January,Q1,2021,2020s,true,false,false,Post-Pandemic Year 1
369,2021-01-04,4,Monday,1,1,1,January,Q1,2021,2020s,false,false,false,Post-Pandemic Year 1
370,2021-01-05,5,Tuesday,2,1,1,January,Q1,2021,2020s,false,false,false,Post-Pandemic Year 1
371,2021-01-06,6,Wednesday,3,1,1,January,Q1,2021,2020s,false,false,false,Post-Pandemic Year 1
372,2021-01-07,7,Thursday,4,1,1,January,Q1,2021,2020s,false,false,false,Post-Pandemic Year 1
373,2021-01-08,8,Friday,5,1,1,January,Q1,2021,2020s,false,false,false,Post-Pandemic Year 1
374,2021-01-09,9,Saturday,6,1,1,January,Q1,2021,2020s,true,false,false,Post-Pandemic Year 1
375,2021-01-10,10,Sunday,7,1,1,January,Q1,2021,2020s,true,false,false,Post-Pandemic Year 1
376,2021-01-11,11,Monday,1,2,1,January,Q1,2021,2020s,false,false,false,Post-Pandemic Year 1
377,2021-01-12,12,Tuesday,2,2,1,January,Q1,2021,2020s,false,false,false,Post-Pandemic Year 1
378,2021-01-13,13,Wednesday,3,2,1,January,Q1,2021,2020s,false,false,false,Post-Pandemic Year 1
379,2021-01-14,14,Thursday,4,2,1,January,Q1,2021,2020s,false,false,false,Post-Pandemic Year 1
380,2021-01-15,15,Friday,5,2,1,January,Q1,2021,2020s,false,false,false,Post-Pandemic Year 1
381,2021-01-16,16,Saturday,6,2,1,January,Q1,2021,2020s,true,false,false,Post-Pandemic Year 1
382,2021-01-17,17,Sunday,7,2,1,January,Q1,2021,2020s,true,false,false,Post-Pandemic Year 1
383,2021-01-18,18,Monday,1,3,1,January,Q1,2021,2020s,false,false,false,Post-Pandemic Year 1
384,2021-01-19,19,Tuesday,2,3,1,January,Q1,2021,2020s,false,false,false,Post-Pandemic Year 1
385,2021-01-20,20,Wednesday,3,3,1,January,Q1,2021,2020s,false,false,false,Post-Pandemic Year 1
386,2021-01-21,21,Thursday,4,3,1,January,Q1,2021,2020s,false,false,false,Post-Pandemic Year 1
387,2021-01-22,22,Friday,5,3,1,January,Q1,2021,2020s,false,false,false,Post-Pandemic Year 1
388,2021-01-23,23,Saturday,6,3,1,January,Q1,2021,2020s,true,false,false,Post-Pandemic Year 1
389,2021-01-24,24,Sunday,7,3,1,January,Q1,2021,2020s,true,false,false,Post-Pandemic Year 1
390,2021-01-25,25,Monday,1,4,1,January,Q1,2021,2020s,false,false,false,Post-Pandemic Year 1
391,2021-01-26,26,Tuesday,2,4,1,January,Q1,2021,2020s,false,false,false,Post-Pandemic Year 1
392,2021-01-27,27,Wednesday,3,4,1,January,Q1,2021,2020s,false,false,false,Post-Pandemic Year 1
393,2021-01-28,28,Thursday,4,4,1,January,Q1,2021,2020s,false,false,false,Post-Pandemic Year 1
394,2021-01-29,29,Friday,5,4,1,January,Q1,2021,2020s,false,false,false,Post-Pandemic Year 1
395,2021-01-30,30,Saturday,6,4,1,January,Q1,2021,2020s,true,false,false,Post-Pandemic Year 1
396,2021-01-31,31,Sunday,7,4,1,January,Q1,2021,2020s,true,false,false,Post-Pandemic Year 1
397,2021-02-01,1,Monday,1,5,2,February,Q1,2021,2020s,false,false,false,Post-Pandemic Year 1
398,2021-02-02,2,Tuesday,2,5,2,February,Q1,2021,2020s,false,false,false,Post-Pandemic Year 1
399,2021-02-03,3,Wednesday,3,5,2,February,Q1,2021,2020s,false,false,false,Post-Pandemic Year 1
400,2021-02-04,4,Thursday,4,5,2,February,Q1,2021,2020s,false,false,false,Post-Pandemic Year 1
401,2021-02-05,5,Friday,5,5,2,February,Q1,2021,2020s,false,false,false,Post-Pandemic Year 1
402,2021-02-06,6,Saturday,6,5,2,February,Q1,2021,2020s,true,false,false,Post-Pandemic Year 1
403,2021-02-07,7,Sunday,7,5,2,February,Q1,2021,2020s,true,false,false,Post-Pandemic Year 1
404,2021-02-08,8,Monday,1,6,2,February,Q1,2021,2020s,false,false,false,Post-Pandemic Year 1
405,2021-02-09,9,Tuesday,2,6,2,February,Q1,2021,2020s,false,false,false,Post-Pandemic Year 1
406,2021-02-10,10,Wednesday,3,6,2,February,Q1,2021,2020s,false,false,false,Post-Pandemic Year 1
407,2021-02-11,11,Thursday,4,6,2,February,Q1,2021,2020s,false,false,false,Post-Pandemic Year 1
408,2021-02-12,12,Friday,5,6,2,February,Q1,2021,2020s,false,false,false,Post-Pandemic Year 1
409,2021-02-13,13,Saturday,6,6,2,February,Q1,2021,2020s,true,false,false,Post-Pandemic Year 1
410,2021-02-14,14,Sunday,7,6,2,February,Q1,2021,2020s,true,false,false,Post-Pandemic Year 1
411,2021-02-15,15,Monday,1,7,2,February,Q1,2021,2020s,false,false,false,Post-Pandemic Year 1
412,2021-02-16,16,Tuesday,2,7,2,February,Q1,2021,2020s,false,false,false,Post-Pandemic Year 1
413,2021-02-17,17,Wednesday,3,7,2,February,Q1,2021,2020s,false,false,false,Post-Pandemic Year 1
414,2021-02-18,18,Thursday,4,7,2,February,Q1,2021,2020s,false,false,false,Post-Pandemic Year 1
415,2021-02-19,19,Friday,5,7,2,February,Q1,2021,2020s,false,false,false,Post-Pandemic Year 1
416,2021-02-20,20,Saturday,6,7,2,February,Q1,2021,2020s,true,false,false,Post-Pandemic Year 1
417,2021-02-21,21,Sunday,7,7,2,February,Q1,2021,2020s,true,false,false,Post-Pandemic Year 1
418,2021-02-22,22,Monday,1,8,2,February,Q1,2021,2020s,false,false,false,Post-Pandemic Year 1
419,2021-02-23,23,Tuesday,2,8,2,February,Q1,2021,2020s,false,false,false,Post-Pandemic Year 1
420,2021-02-24,24,Wednesday,3,8,2,February,Q1,2021,2020s,false,false,false,Post-Pandemic Year 1
421,2021-02-25,25,Thursday,4,8,2,February,Q1,2021,2020s,false,false,false,Post-Pandemic Year 1
422,2021-02-26,26,Friday,5,8,2,February,Q1,2021,2020s,false,false,false,Post-Pandemic Year 1
423,2021-02-27,27,Saturday,6,8,2,February,Q1,2021,2020s,true,false,false,Post-Pandemic Year 1
424,2021-02-28,28,Sunday,7,8,2,February,Q1,2021,2020s,true,false,false,Post-Pandemic Year 1
425,2021-03-01,1,Monday,1,9,3,March,Q1,2021,2020s,false,false,false,Post-Pandemic Year 1
426,2021-03-02,2,Tuesday,2,9,3,March,Q1,2021,2020s,false,false,false,Post-Pandemic Year 1
427,2021-03-03,3,Wednesday,3,9,3,March,Q1,2021,2020s,false,false,false,Post-Pandemic Year 1
428,2021-03-04,4,Thursday,4,9,3,March,Q1,2021,2020s,false,false,false,Post-Pandemic Year 1
429,2021-03-05,5,Friday,5,9,3,March,Q1,2021,2020s,false,false,false,Post-Pandemic Year 1
430,2021-03-06,6,Saturday,6,9,3,March,Q1,2021,2020s,true,false,false,Post-Pandemic Year 1
431,2021-03-07,7,Sunday,7,9,3,March,Q1,2021,2020s,true,false,false,Post-Pandemic Year 1
432,2021-03-08,8,Monday,1,10,3,March,Q1,2021,2020s,false,false,false,Post-Pandemic Year 1
433,2021-03-09,9,Tuesday,2,10,3,March,Q1,2021,2020s,false,false,false,Post-Pandemic Year 1
434,2021-03-10,10,Wednesday,3,10,3,March,Q1,2021,2020s,false,false,false,Post-Pandemic Year 1
435,2021-03-11,11,Thursday,4,10,3,March,Q1,2021,2020s,false,false,false,Post-Pandemic Year 1
436,2021-03-12,12,Friday,5,10,3,March,Q1,2021,2020s,false,false,false,Post-Pandemic Year 1
437,2021-03-13,13,Saturday,6,10,3,March,Q1,2021,2020s,true,false,false,Post-Pandemic Year 1
438,2021-03-14,14,Sunday,7,10,3,March,Q1,2021,2020s,true,false,false,Post-Pandemic Year 1
439,2021-03-15,15,Monday,1,11,3,March,Q1,2021,2020s,false,false,false,Post-Pandemic Year 1
440,2021-03-16,16,Tuesday,2,11,3,March,Q1,2021,2020s,false,false,false,Post-Pandemic Year 1
441,2021-03-17,17,Wednesday,3,11,3,March,Q1,2021,2020s,false,false,false,Post-Pandemic Year 1
442,2021-03-18,18,Thursday,4,11,3,March,Q1,2021,2020s,false,false,false,Post-Pandemic Year 1
443,2021-03-19,19,Friday,5,11,3,March,Q1,2021,2020s,false,false,false,Post-Pandemic Year 1
444,2021-03-20,20,Saturday,6,11,3,March,Q1,2021,2020s,true,false,false,Post-Pandemic Year 1
445,2021-03-21,21,Sunday,7,11,3,March,Q1,2021,2020s,true,false,false,Post-Pandemic Year 1
446,2021-03-22,22,Monday,1,12,3,March,Q1,2021,2020s,false,false,false,Post-Pandemic Year 1
447,2021-03-23,23,Tuesday,2,12,3,March,Q1,2021,2020s,false,false,false,Post-Pandemic Year 1
448,2021-03-24,24,Wednesday,3,12,3,March,Q1,2021,2020s,false,false,false,Post-Pandemic Year 1
449,2021-03-25,25,Thursday,4,12,3,March,Q1,2021,2020s,false,false,false,Post-Pandemic Year 1
450,2021-03-26,26,Friday,5,12,3,March,Q1,2021,2020s,false,false,false,Post-Pandemic Year 1
451,2021-03-27,27,Saturday,6,12,3,March,Q1,2021,2020s,true,false,false,Post-Pandemic Year 1
452,2021-03-28,28,Sunday,7,12,3,March,Q1,2021,2020s,true,false,false,Post-Pandemic Year 1
453,2021-03-29,29,Monday,1,13,3,March,Q1,2021,2020s,false,false,false,Post-Pandemic Year 1
454,2021-03-30,30,Tuesday,2,13,3,March,Q1,2021,2020s,false,false,false,Post-Pandemic Year 1
455,2021-03-31,31,Wednesday,3,13,3,March,Q1,2021,2020s,false,false,false,Post-Pandemic Year 1
456,2021-04-01,1,Thursday,4,13,4,April,Q2,2021,2020s,false,false,false,Post-Pandemic Year 1
457,2021-04-02,2,Friday,5,13,4,April,Q2,2021,2020s,false,false,false,Post-Pandemic Year 1
458,2021-04-03,3,Saturday,6,13,4,April,Q2,2021,2020s,true,false,false,Post-Pandemic Year 1
459,2021-04-04,4,Sunday,7,13,4,April,Q2,2021,2020s,true,false,false,Post-Pandemic Year 1
460,2021-04-05,5,Monday,1,14,4,April,Q2,2021,2020s,false,false,false,Post-Pandemic Year 1
461,2021-04-06,6,Tuesday,2,14,4,April,Q2,2021,2020s,false,false,false,Post-Pandemic Year 1
462,2021-04-07,7,Wednesday,3,14,4,April,Q2,2021,2020s,false,false,false,Post-Pandemic Year 1
463,2021-04-08,8,Thursday,4,14,4,April,Q2,2021,2020s,false,false,false,Post-Pandemic Year 1
464,2021-04-09,9,Friday,5,14,4,April,Q2,2021,2020s,false,false,false,Post-Pandemic Year 1
465,2021-04-10,10,Saturday,6,14,4,April,Q2,2021,2020s,true,false,false,Post-Pandemic Year 1
466,2021-04-11,11,Sunday,7,14,4,April,Q2,2021,2020s,true,false,false,Post-Pandemic Year 1
467,2021-04-12,12,Monday,1,15,4,April,Q2,2021,2020s,false,false,false,Post-Pandemic Year 1
468,2021-04-13,13,Tuesday,2,15,4,April,Q2,2021,2020s,false,false,false,Post-Pandemic Year 1
469,2021-04-14,14,Wednesday,3,15,4,April,Q2,2021,2020s,false,false,false,Post-Pandemic Year 1
470,2021-04-15,15,Thursday,4,15,4,April,Q2,2021,2020s,false,false,false,Post-Pandemic Year 1
471,2021-04-16,16,Friday,5,15,4,April,Q2,2021,2020s,false,false,false,Post-Pandemic Year 1
472,2021-04-17,17,Saturday,6,15,4,April,Q2,2021,2020s,true,false,false,Post-Pandemic Year 1
473,2021-04-18,18,Sunday,7,15,4,April,Q2,2021,2020s,true,false,false,Post-Pandemic Year 1
474,2021-04-19,19,Monday,1,16,4,April,Q2,2021,2020s,false,false,false,Post-Pandemic Year 1
475,2021-04-20,20,Tuesday,2,16,4,April,Q2,2021,2020s,false,false,false,Post-Pandemic Year 1
476,2021-04-21,21,Wednesday,3,16,4,April,Q2,2021,2020s,false,false,false,Post-Pandemic Year 1
477,2021-04-22,22,Thursday,4,16,4,April,Q2,2021,2020s,false,false,false,Post-Pandemic Year 1
478,2021-04-23,23,Friday,5,16,4,April,Q2,2021,2020s,false,false,false,Post-Pandemic Year 1
479,2021-04-24,24,Saturday,6,16,4,April,Q2,2021,2020s,true,false,false,Post-Pandemic Year 1
480,2021-04-25,25,Sunday,7,16,4,April,Q2,2021,2020s,true,false,false,Post-Pandemic Year 1
481,2021-04-26,26,Monday,1,17,4,April,Q2,2021,2020s,false,false,false,Post-Pandemic Year 1
482,2021-04-27,27,Tuesday,2,17,4,April,Q2,2021,2020s,false,false,false,Post-Pandemic Year 1
483,2021-04-28,28,Wednesday,3,17,4,April,Q2,2021,2020s,false,false,false,Post-Pandemic Year 1
484,2021-04-29,29,Thursday,4,17,4,April,Q2,2021,2020s,false,false,false,Post-Pandemic Year 1
485,2021-04-30,30,Friday,5,17,4,April,Q2,2021,2020s,false,false,false,Post-Pandemic Year 1
486,2021-05-01,1,Saturday,6,17,5,May,Q2,2021,2020s,true,false,false,Post-Pandemic Year 1
487,2021-05-02,2,Sunday,7,17,5,May,Q2,2021,2020s,true,false,false,Post-Pandemic Year 1
488,2021-05-03,3,Monday,1,18,5,May,Q2,2021,2020s,false,false,false,Post-Pandemic Year 1
489,2021-05-04,4,Tuesday,2,18,5,May,Q2,2021,2020s,false,false,false,Post-Pandemic Year 1
490,2021-05-05,5,Wednesday,3,18,5,May,Q2,2021,2020s,false,false,false,Post-Pandemic Year 1
491,2021-05-06,6,Thursday,4,18,5,May,Q2,2021,2020s,false,false,false,Post-Pandemic Year 1
492,2021-05-07,7,Friday,5,18,5,May,Q2,2021,2020s,false,false,false,Post-Pandemic Year 1
493,2021-05-08,8,Saturday,6,18,5,May,Q2,2021,2020s,true,false,false,Post-Pandemic Year 1
494,2021-05-09,9,Sunday,7,18,5,May,Q2,2021,2020s,true,false,false,Post-Pandemic Year 1
495,2021-05-10,10,Monday,1,19,5,May,Q2,2021,2020s,false,false,false,Post-Pandemic Year 1
496,2021-05-11,11,Tuesday,2,19,5,May,Q2,2021,2020s,false,false,false,Post-Pandemic Year 1
497,2021-05-12,12,Wednesday,3,19,5,May,Q2,2021,2020s,false,false,false,Post-Pandemic Year 1
498,2021-05-13,13,Thursday,4,19,5,May,Q2,2021,2020s,false,false,false,Post-Pandemic Year 1
499,2021-05-14,14,Friday,5,19,5,May,Q2,2021,2020s,false,false,false,Post-Pandemic Year 1
500,2021-05-15,15,Saturday,6,19,5,May,Q2,2021,2020s,true,false,false,Post-Pandemic Year 1
501,2021-05-16,16,Sunday,7,19,5,May,Q2,2021,2020s,true,false,false,Post-Pandemic Year 1
502,2021-05-17,17,Monday,1,20,5,May,Q2,2021,2020s,false,false,false,Post-Pandemic Year 1
503,2021-05-18,18,Tuesday,2,20,5,May,Q2,2021,2020s,false,false,false,Post-Pandemic Year 1
504,2021-05-19,19,Wednesday,3,20,5,May,Q2,2021,2020s,false,false,false,Post-Pandemic Year 1
505,2021-05-20,20,Thursday,4,20,5,May,Q2,2021,2020s,false,false,false,Post-Pandemic Year 1
506,2021-05-21,21,Friday,5,20,5,May,Q2,2021,2020s,false,false,false,Post-Pandemic Year 1
507,2021-05-22,22,Saturday,6,20,5,May,Q2,2021,2020s,true,false,false,Post-Pandemic Year 1
508,2021-05-23,23,Sunday,7,20,5,May,Q2,2021,2020s,true,false,false,Post-Pandemic Year 1
509,2021-05-24,24,Monday,1,21,5,May,Q2,2021,2020s,false,false,false,Post-Pandemic Year 1
510,2021-05-25,25,Tuesday,2,21,5,May,Q2,2021,2020s,false,false,false,Post-Pandemic Year 1
511,2021-05-26,26,Wednesday,3,21,5,May,Q2,2021,2020s,false,false,false,Post-Pandemic Year 1
512,2021-05-27,27,Thursday,4,21,5,May,Q2,2021,2020s,false,false,false,Post-Pandemic Year 1
513,2021-05-28,28,Friday,5,21,5,May,Q2,2021,2020s,false,false,false,Post-Pandemic Year 1
514,2021-05-29,29,Saturday,6,21,5,May,Q2,2021,2020s,true,false,false,Post-Pandemic Year 1
515,2021-05-30,30,Sunday,7,21,5,May,Q2,2021,2020s,true,false,false,Post-Pandemic Year 1
516,2021-05-31,31,Monday,1,22,5,May,Q2,2021,2020s,false,false,false,Post-Pandemic Year 1
517,2021-06-01,1,Tuesday,2,22,6,June,Q2,2021,2020s,false,false,false,Post-Pandemic Year 1
518,2021-06-02,2,Wednesday,3,22,6,June,Q2,2021,2020s,false,false,false,Post-Pandemic Year 1
519,2021-06-03,3,Thursday,4,22,6,June,Q2,2021,2020s,false,false,false,Post-Pandemic Year 1
520,2021-06-04,4,Friday,5,22,6,June,Q2,2021,2020s,false,false,false,Post-Pandemic Year 1
521,2021-06-05,5,Saturday,6,22,6,June,Q2,2021,2020s,true,false,false,Post-Pandemic Year 1
522,2021-06-06,6,Sunday,7,22,6,June,Q2,2021,2020s,true,false,false,Post-Pandemic Year 1
523,2021-06-07,7,Monday,1,23,6,June,Q2,2021,2020s,false,false,false,Post-Pandemic Year 1
524,2021-06-08,8,Tuesday,2,23,6,June,Q2,2021,2020s,false,false,false,Post-Pandemic Year 1
525,2021-06-09,9,Wednesday,3,23,6,June,Q2,2021,2020s,false,false,false,Post-Pandemic Year 1
526,2021-06-10,10,Thursday,4,23,6,June,Q2,2021,2020s,false,false,false,Post-Pandemic Year 1
527,2021-06-11,11,Friday,5,23,6,June,Q2,2021,2020s,false,false,false,Post-Pandemic Year 1
528,2021-06-12,12,Saturday,6,23,6,June,Q2,2021,2020s,true,false,false,Post-Pandemic Year 1
529,2021-06-13,13,Sunday,7,23,6,June,Q2,2021,2020s,true,false,false,Post-Pandemic Year 1
530,2021-06-14,14,Monday,1,24,6,June,Q2,2021,2020s,false,false,false,Post-Pandemic Year 1
531,2021-06-15,15,Tuesday,2,24,6,June,Q2,2021,2020s,false,false,false,Post-Pandemic Year 1
532,2021-06-16,16,Wednesday,3,24,6,June,Q2,2021,2020s,false,false,false,Post-Pandemic Year 1
533,2021-06-17,17,Thursday,4,24,6,June,Q2,2021,2020s,false,false,false,Post-Pandemic Year 1
534,2021-06-18,18,Friday,5,24,6,June,Q2,2021,2020s,false,false,false,Post-Pandemic Year 1
535,2021-06-19,19,Saturday,6,24,6,June,Q2,2021,2020s,true,false,false,Post-Pandemic Year 1
536,2021-06-20,20,Sunday,7,24,6,June,Q2,2021,2020s,true,false,false,Post-Pandemic Year 1
537,2021-06-21,21,Monday,1,25,6,June,Q2,2021,2020s,false,false,false,Post-Pandemic Year 1
538,2021-06-22,22,Tuesday,2,25,6,June,Q2,2021,2020s,false,false,false,Post-Pandemic Year 1
539,2021-06-23,23,Wednesday,3,25,6,June,Q2,2021,2020s,false,false,false,Post-Pandemic Year 1
540,2021-06-24,24,Thursday,4,25,6,June,Q2,2021,2020s,false,false,false,Post-Pandemic Year 1
541,2021-06-25,25,Friday,5,25,6,June,Q2,2021,2020s,false,false,false,Post-Pandemic Year 1
542,2021-06-26,26,Saturday,6,25,6,June,Q2,2021,2020s,true,false,false,Post-Pandemic Year 1
543,2021-06-27,27,Sunday,7,25,6,June,Q2,2021,2020s,true,false,false,Post-Pandemic Year 1
544,2021-06-28,28,Monday,1,26,6,June,Q2,2021,2020s,false,false,false,Post-Pandemic Year 1
545,2021-06-29,29,Tuesday,2,26,6,June,Q2,2021,2020s,false,false,false,Post-Pandemic Year 1
546,2021-06-30,30,Wednesday,3,26,6,June,Q2,2021,2020s,false,false,false,Post-Pandemic Year 1
547,2021-07-01,1,Thursday,4,26,7,July,Q3,2021,2020s,false,false,false,Post-Pandemic Year 1
548,2021-07-02,2,Friday,5,26,7,July,Q3,2021,2020s,false,false,false,Post-Pandemic Year 1
549,2021-07-03,3,Saturday,6,26,7,July,Q3,2021,2020s,true,false,false,Post-Pandemic Year 1
550,2021-07-04,4,Sunday,7,26,7,July,Q3,2021,2020s,true,false,false,Post-Pandemic Year 1
551,2021-07-05,5,Monday,1,27,7,July,Q3,2021,2020s,false,false,false,Post-Pandemic Year 1
552,2021-07-06,6,Tuesday,2,27,7,July,Q3,2021,2020s,false,false,false,Post-Pandemic Year 1
553,2021-07-07,7,Wednesday,3,27,7,July,Q3,2021,2020s,false,false,false,Post-Pandemic Year 1
554,2021-07-08,8,Thursday,4,27,7,July,Q3,2021,2020s,false,false,false,Post-Pandemic Year 1
555,2021-07-09,9,Friday,5,27,7,July,Q3,2021,2020s,false,false,false,Post-Pandemic Year 1
556,2021-07-10,10,Saturday,6,27,7,July,Q3,2021,2020s,true,false,false,Post-Pandemic Year 1
557,2021-07-11,11,Sunday,7,27,7,July,Q3,2021,2020s,true,false,false,Post-Pandemic Year 1
558,2021-07-12,12,Monday,1,28,7,July,Q3,2021,2020s,false,false,false,Post-Pandemic Year 1
559,2021-07-13,13,Tuesday,2,28,7,July,Q3,2021,2020s,false,false,false,Post-Pandemic Year 1
560,2021-07-14,14,Wednesday,3,28,7,July,Q3,2021,2020s,false,false,false,Post-Pandemic Year 1
561,2021-07-15,15,Thursday,4,28,7,July,Q3,2021,2020s,false,false,false,Post-Pandemic Year 1
562,2021-07-16,16,Friday,5,28,7,July,Q3,2021,2020s,false,false,false,Post-Pandemic Year 1
563,2021-07-17,17,Saturday,6,28,7,July,Q3,2021,2020s,true,false,false,Post-Pandemic Year 1
564,2021-07-18,18,Sunday,7,28,7,July,Q3,2021,2020s,true,false,false,Post-Pandemic Year 1
565,2021-07-19,19,Monday,1,29,7,July,Q3,2021,2020s,false,false,false,Post-Pandemic Year 1
566,2021-07-20,20,Tuesday,2,29,7,July,Q3,2021,2020s,false,false,false,Post-Pandemic Year 1
567,2021-07-21,21,Wednesday,3,29,7,July,Q3,2021,2020s,false,false,false,Post-Pandemic Year 1
568,2021-07-22,22,Thursday,4,29,7,July,Q3,2021,2020s,false,false,false,Post-Pandemic Year 1
569,2021-07-23,23,Friday,5,29,7,July,Q3,2021,2020s,false,false,false,Post-Pandemic Year 1
570,2021-07-24,24,Saturday,6,29,7,July,Q3,2021,2020s,true,false,false,Post-Pandemic Year 1
571,2021-07-25,25,Sunday,7,29,7,July,Q3,2021,2020s,true,false,false,Post-Pandemic Year 1
572,2021-07-26,26,Monday,1,30,7,July,Q3,2021,2020s,false,false,false,Post-Pandemic Year 1
573,2021-07-27,27,Tuesday,2,30,7,July,Q3,2021,2020s,false,false,false,Post-Pandemic Year 1
574,2021-07-28,28,Wednesday,3,30,7,July,Q3,2021,2020s,false,false,false,Post-Pandemic Year 1
575,2021-07-29,29,Thursday,4,30,7,July,Q3,2021,2020s,false,false,false,Post-Pandemic Year 1
576,2021-07-30,30,Friday,5,30,7,July,Q3,2021,2020s,false,false,false,Post-Pandemic Year 1
577,2021-07-31,31,Saturday,6,30,7,July,Q3,2021,2020s,true,false,false,Post-Pandemic Year 1
578,2021-08-01,1,Sunday,7,30,8,August,Q3,2021,2020s,true,false,false,Post-Pandemic Year 1
579,2021-08-02,2,Monday,1,31,8,August,Q3,2021,2020s,false,false,false,Post-Pandemic Year 1
580,2021-08-03,3,Tuesday,2,31,8,August,Q3,2021,2020s,false,false,false,Post-Pandemic Year 1
581,2021-08-04,4,Wednesday,3,31,8,August,Q3,2021,2020s,false,false,false,Post-Pandemic Year 1
582,2021-08-05,5,Thursday,4,31,8,August,Q3,2021,2020s,false,false,false,Post-Pandemic Year 1
583,2021-08-06,6,Friday,5,31,8,August,Q3,2021,2020s,false,false,false,Post-Pandemic Year 1
584,2021-08-07,7,Saturday,6,31,8,August,Q3,2021,2020s,true,false,false,Post-Pandemic Year 1
585,2021-08-08,8,Sunday,7,31,8,August,Q3,2021,2020s,true,false,false,Post-Pandemic Year 1
586,2021-08-09,9,Monday,1,32,8,August,Q3,2021,2020s,false,false,false,Post-Pandemic Year 1
587,2021-08-10,10,Tuesday,2,32,8,August,Q3,2021,2020s,false,false,false,Post-Pandemic Year 1
588,2021-08-11,11,Wednesday,3,32,8,August,Q3,2021,2020s,false,false,false,Post-Pandemic Year 1
589,2021-08-12,12,Thursday,4,32,8,August,Q3,2021,2020s,false,false,false,Post-Pandemic Year 1
590,2021-08-13,13,Friday,5,32,8,August,Q3,2021,2020s,false,false,false,Post-Pandemic Year 1
591,2021-08-14,14,Saturday,6,32,8,August,Q3,2021,2020s,true,false,false,Post-Pandemic Year 1
592,2021-08-15,15,Sunday,7,32,8,August,Q3,2021,2020s,true,false,false,Post-Pandemic Year 1
593,2021-08-16,16,Monday,1,33,8,August,Q3,2021,2020s,false,false,false,Post-Pandemic Year 1
594,2021-08-17,17,Tuesday,2,33,8,August,Q3,2021,2020s,false,false,false,Post-Pandemic Year 1
595,2021-08-18,18,Wednesday,3,33,8,August,Q3,2021,2020s,false,false,false,Post-Pandemic Year 1
596,2021-08-19,19,Thursday,4,33,8,August,Q3,2021,2020s,false,false,false,Post-Pandemic Year 1
597,2021-08-20,20,Friday,5,33,8,August,Q3,2021,2020s,false,false,false,Post-Pandemic Year 1
598,2021-08-21,21,Saturday,6,33,8,August,Q3,2021,2020s,true,false,false,Post-Pandemic Year 1
599,2021-08-22,22,Sunday,7,33,8,August,Q3,2021,2020s,true,false,false,Post-Pandemic Year 1
600,2021-08-23,23,Monday,1,34,8,August,Q3,2021,2020s,false,false,false,Post-Pandemic Year 1
601,2021-08-24,24,Tuesday,2,34,8,August,Q3,2021,2020s,false,false,false,Post-Pandemic Year 1
602,2021-08-25,25,Wednesday,3,34,8,August,Q3,2021,2020s,false,false,false,Post-Pandemic Year 1
603,2021-08-26,26,Thursday,4,34,8,August,Q3,2021,2020s,false,false,false,Post-Pandemic Year 1
604,2021-08-27,27,Friday,5,34,8,August,Q3,2021,2020s,false,false,false,Post-Pandemic Year 1
605,2021-08-28,28,Saturday,6,34,8,August,Q3,2021,2020s,true,false,false,Post-Pandemic Year 1
606,2021-08-29,29,Sunday,7,34,8,August,Q3,2021,2020s,true,false,false,Post-Pandemic Year 1
607,2021-08-30,30,Monday,1,35,8,August,Q3,2021,2020s,false,false,false,Post-Pandemic Year 1
608,2021-08-31,31,Tuesday,2,35,8,August,Q3,2021,2020s,false,false,false,Post-Pandemic Year 1
609,2021-09-01,1,Wednesday,3,35,9,September,Q3,2021,2020s,false,false,false,Post-Pandemic Year 1
610,2021-09-02,2,Thursday,4,35,9,September,Q3,2021,2020s,false,false,false,Post-Pandemic Year 1
611,2021-09-03,3,Friday,5,35,9,September,Q3,2021,2020s,false,false,false,Post-Pandemic Year 1
612,2021-09-04,4,Saturday,6,35,9,September,Q3,2021,2020s,true,false,false,Post-Pandemic Year 1
613,2021-09-05,5,Sunday,7,35,9,September,Q3,2021,2020s,true,false,false,Post-Pandemic Year 1
614,2021-09-06,6,Monday,1,36,9,September,Q3,2021,2020s,false,false,false,Post-Pandemic Year 1
615,2021-09-07,7,Tuesday,2,36,9,September,Q3,2021,2020s,false,false,false,Post-Pandemic Year 1
616,2021-09-08,8,Wednesday,3,36,9,September,Q3,2021,2020s,false,false,false,Post-Pandemic Year 1
617,2021-09-09,9,Thursday,4,36,9,September,Q3,2021,2020s,false,false,false,Post-Pandemic Year 1
618,2021-09-10,10,Friday,5,36,9,September,Q3,2021,2020s,false,false,false,Post-Pandemic Year 1
619,2021-09-11,11,Saturday,6,36,9,September,Q3,2021,2020s,true,false,false,Post-Pandemic Year 1
620,2021-09-12,12,Sunday,7,36,9,September,Q3,2021,2020s,true,false,false,Post-Pandemic Year 1
621,2021-09-13,13,Monday,1,37,9,September,Q3,2021,2020s,false,false,false,Post-Pandemic Year 1
622,2021-09-14,14,Tuesday,2,37,9,September,Q3,2021,2020s,false,false,false,Post-Pandemic Year 1
623,2021-09-15,15,Wednesday,3,37,9,September,Q3,2021,2020s,false,false,false,Post-Pandemic Year 1
624,2021-09-16,16,Thursday,4,37,9,September,Q3,2021,2020s,false,false,false,Post-Pandemic Year 1
625,2021-09-17,17,Friday,5,37,9,September,Q3,2021,2020s,false,false,false,Post-Pandemic Year 1
626,2021-09-18,18,Saturday,6,37,9,September,Q3,2021,2020s,true,false,false,Post-Pandemic Year 1
627,2021-09-19,19,Sunday,7,37,9,September,Q3,2021,2020s,true,false,false,Post-Pandemic Year 1
628,2021-09-20,20,Monday,1,38,9,September,Q3,2021,2020s,false,false,false,Post-Pandemic Year 1
629,2021-09-21,21,Tuesday,2,38,9,September,Q3,2021,2020s,false,false,false,Post-Pandemic Year 1
630,2021-09-22,22,Wednesday,3,38,9,September,Q3,2021,2020s,false,false,false,Post-Pandemic Year 1
631,2021-09-23,23,Thursday,4,38,9,September,Q3,2021,2020s,false,false,false,Post-Pandemic Year 1
632,2021-09-24,24,Friday,5,38,9,September,Q3,2021,2020s,false,false,false,Post-Pandemic Year 1
633,2021-09-25,25,Saturday,6,38,9,September,Q3,2021,2020s,true,false,false,Post-Pandemic Year 1
634,2021-09-26,26,Sunday,7,38,9,September,Q3,2021,2020s,true,false,false,Post-Pandemic Year 1
635,2021-09-27,27,Monday,1,39,9,September,Q3,2021,2020s,false,false,false,Post-Pandemic Year 1
636,2021-09-28,28,Tuesday,2,39,9,September,Q3,2021,2020s,false,false,false,Post-Pandemic Year 1
637,2021-09-29,29,Wednesday,3,39,9,September,Q3,2021,2020s,false,false,false,Post-Pandemic Year 1
638,2021-09-30,30,Thursday,4,39,9,September,Q3,2021,2020s,false,false,false,Post-Pandemic Year 1
639,2021-10-01,1,Friday,5,39,10,October,Q4,2021,2020s,false,false,false,Post-Pandemic Year 1
640,2021-10-02,2,Saturday,6,39,10,October,Q4,2021,2020s,true,false,false,Post-Pandemic Year 1
641,2021-10-03,3,Sunday,7,39,10,October,Q4,2021,2020s,true,false,false,Post-Pandemic Year 1
642,2021-10-04,4,Monday,1,40,10,October,Q4,2021,2020s,false,false,false,Post-Pandemic Year 1
643,2021-10-05,5,Tuesday,2,40,10,October,Q4,2021,2020s,false,false,false,Post-Pandemic Year 1
644,2021-10-06,6,Wednesday,3,40,10,October,Q4,2021,2020s,false,false,false,Post-Pandemic Year 1
645,2021-10-07,7,Thursday,4,40,10,October,Q4,2021,2020s,false,false,false,Post-Pandemic Year 1
646,2021-10-08,8,Friday,5,40,10,October,Q4,2021,2020s,false,false,false,Post-Pandemic Year 1
647,2021-10-09,9,Saturday,6,40,10,October,Q4,2021,2020s,true,false,false,Post-Pandemic Year 1
648,2021-10-10,10,Sunday,7,40,10,October,Q4,2021,2020s,true,false,false,Post-Pandemic Year 1
649,2021-10-11,11,Monday,1,41,10,October,Q4,2021,2020s,false,false,false,Post-Pandemic Year 1
650,2021-10-12,12,Tuesday,2,41,10,October,Q4,2021,2020s,false,false,false,Post-Pandemic Year 1
651,2021-10-13,13,Wednesday,3,41,10,October,Q4,2021,2020s,false,false,false,Post-Pandemic Year 1
652,2021-10-14,14,Thursday,4,41,10,October,Q4,2021,2020s,false,false,false,Post-Pandemic Year 1
653,2021-10-15,15,Friday,5,41,10,October,Q4,2021,2020s,false,false,false,Post-Pandemic Year 1
654,2021-10-16,16,Saturday,6,41,10,October,Q4,2021,2020s,true,false,false,Post-Pandemic Year 1
655,2021-10-17,17,Sunday,7,41,10,October,Q4,2021,2020s,true,false,false,Post-Pandemic Year 1
656,2021-10-18,18,Monday,1,42,10,October,Q4,2021,2020s,false,false,false,Post-Pandemic Year 1
657,2021-10-19,19,Tuesday,2,42,10,October,Q4,2021,2020s,false,false,false,Post-Pandemic Year 1
658,2021-10-20,20,Wednesday,3,42,10,October,Q4,2021,2020s,false,false,false,Post-Pandemic Year 1
659,2021-10-21,21,Thursday,4,42,10,October,Q4,2021,2020s,false,false,false,Post-Pandemic Year 1
660,2021-10-22,22,Friday,5,42,10,October,Q4,2021,2020s,false,false,false,Post-Pandemic Year 1
661,2021-10-23,23,Saturday,6,42,10,October,Q4,2021,2020s,true,false,false,Post-Pandemic Year 1
662,2021-10-24,24,Sunday,7,42,10,October,Q4,2021,2020s,true,false,false,Post-Pandemic Year 1
663,2021-10-25,25,Monday,1,43,10,October,Q4,2021,2020s,false,false,false,Post-Pandemic Year 1
664,2021-10-26,26,Tuesday,2,43,10,October,Q4,2021,2020s,false,false,false,Post-Pandemic Year 1
665,2021-10-27,27,Wednesday,3,43,10,October,Q4,2021,2020s,false,false,false,Post-Pandemic Year 1
666,2021-10-28,28,Thursday,4,43,10,October,Q4,2021,2020s,false,false,false,Post-Pandemic Year 1
667,2021-10-29,29,Friday,5,43,10,October,Q4,2021,2020s,false,false,false,Post-Pandemic Year 1
668,2021-10-30,30,Saturday,6,43,10,October,Q4,2021,2020s,true,false,false,Post-Pandemic Year 1
669,2021-10-31,31,Sunday,7,43,10,October,Q4,2021,2020s,true,false,false,Post-Pandemic Year 1
670,2021-11-01,1,Monday,1,44,11,November,Q4,2021,2020s,false,false,false,Post-Pandemic Year 1
671,2021-11-02,2,Tuesday,2,44,11,November,Q4,2021,2020s,false,false,false,Post-Pandemic Year 1
672,2021-11-03,3,Wednesday,3,44,11,November,Q4,2021,2020s,false,false,false,Post-Pandemic Year 1
673,2021-11-04,4,Thursday,4,44,11,November,Q4,2021,2020s,false,false,false,Post-Pandemic Year 1
674,2021-11-05,5,Friday,5,44,11,November,Q4,2021,2020s,false,false,false,Post-Pandemic Year 1
675,2021-11-06,6,Saturday,6,44,11,November,Q4,2021,2020s,true,false,false,Post-Pandemic Year 1
676,2021-11-07,7,Sunday,7,44,11,November,Q4,2021,2020s,true,false,false,Post-Pandemic Year 1
677,2021-11-08,8,Monday,1,45,11,November,Q4,2021,2020s,false,false,false,Post-Pandemic Year 1
678,2021-11-09,9,Tuesday,2,45,11,November,Q4,2021,2020s,false,false,false,Post-Pandemic Year 1
679,2021-11-10,10,Wednesday,3,45,11,November,Q4,2021,2020s,false,false,false,Post-Pandemic Year 1
680,2021-11-11,11,Thursday,4,45,11,November,Q4,2021,2020s,false,false,false,Post-Pandemic Year 1
681,2021-11-12,12,Friday,5,45,11,November,Q4,2021,2020s,false,false,false,Post-Pandemic Year 1
682,2021-11-13,13,Saturday,6,45,11,November,Q4,2021,2020s,true,false,false,Post-Pandemic Year 1
683,2021-11-14,14,Sunday,7,45,11,November,Q4,2021,2020s,true,false,false,Post-Pandemic Year 1
684,2021-11-15,15,Monday,1,46,11,November,Q4,2021,2020s,false,false,false,Post-Pandemic Year 1
685,2021-11-16,16,Tuesday,2,46,11,November,Q4,2021,2020s,false,false,false,Post-Pandemic Year 1
686,2021-11-17,17,Wednesday,3,46,11,November,Q4,2021,2020s,false,false,false,Post-Pandemic Year 1
687,2021-11-18,18,Thursday,4,46,11,November,Q4,2021,2020s,false,false,false,Post-Pandemic Year 1
688,2021-11-19,19,Friday,5,46,11,November,Q4,2021,2020s,false,false,false,Post-Pandemic Year 1
689,2021-11-20,20,Saturday,6,46,11,November,Q4,2021,2020s,true,false,false,Post-Pandemic Year 1
690,2021-11-21,21,Sunday,7,46,11,November,Q4,2021,2020s,true,false,false,Post-Pandemic Year 1
691,2021-11-22,22,Monday,1,47,11,November,Q4,2021,2020s,false,false,false,Post-Pandemic Year 1
692,2021-11-23,23,Tuesday,2,47,11,November,Q4,2021,2020s,false,false,false,Post-Pandemic Year 1
693,2021-11-24,24,Wednesday,3,47,11,November,Q4,2021,2020s,false,false,false,Post-Pandemic Year 1
694,2021-11-25,25,Thursday,4,47,11,November,Q4,2021,2020s,false,false,false,Post-Pandemic Year 1
695,2021-11-26,26,Friday,5,47,11,November,Q4,2021,2020s,false,false,false,Post-Pandemic Year 1
696,2021-11-27,27,Saturday,6,47,11,November,Q4,2021,2020s,true,false,false,Post-Pandemic Year 1
697,2021-11-28,28,Sunday,7,47,11,November,Q4,2021,2020s,true,false,false,Post-Pandemic Year 1
698,2021-11-29,29,Monday,1,48,11,November,Q4,2021,2020s,false,false,false,Post-Pandemic Year 1
699,2021-11-30,30,Tuesday,2,48,11,November,Q4,2021,2020s,false,false,false,Post-Pandemic Year 1
700,2021-12-01,1,Wednesday,3,48,12,December,Q4,2021,2020s,false,false,false,Post-Pandemic Year 1
701,2021-12-02,2,Thursday,4,48,12,December,Q4,2021,2020s,false,false,false,Post-Pandemic Year 1
702,2021-12-03,3,Friday,5,48,12,December,Q4,2021,2020s,false,false,false,Post-Pandemic Year 1
703,2021-12-04,4,Saturday,6,48,12,December,Q4,2021,2020s,true,false,false,Post-Pandemic Year 1
704,2021-12-05,5,Sunday,7,48,12,December,Q4,2021,2020s,true,false,false,Post-Pandemic Year 1
705,2021-12-06,6,Monday,1,49,12,December,Q4,2021,2020s,false,false,false,Post-Pandemic Year 1
706,2021-12-07,7,Tuesday,2,49,12,December,Q4,2021,2020s,false,false,false,Post-Pandemic Year 1
707,2021-12-08,8,Wednesday,3,49,12,December,Q4,2021,2020s,false,false,false,Post-Pandemic Year 1
708,2021-12-09,9,Thursday,4,49,12,December,Q4,2021,2020s,false,false,false,Post-Pandemic Year 1
709,2021-12-10,10,Friday,5,49,12,December,Q4,2021,2020s,false,false,false,Post-Pandemic Year 1
710,2021-12-11,11,Saturday,6,49,12,December,Q4,2021,2020s,true,false,false,Post-Pandemic Year 1
711,2021-12-12,12,Sunday,7,49,12,December,Q4,2021,2020s,true,false,false,Post-Pandemic Year 1
712,2021-12-13,13,Monday,1,50,12,December,Q4,2021,2020s,false,false,false,Post-Pandemic Year 1
713,2021-12-14,14,Tuesday,2,50,12,December,Q4,2021,2020s,false,false,false,Post-Pandemic Year 1
714,2021-12-15,15,Wednesday,3,50,12,December,Q4,2021,2020s,false,false,false,Post-Pandemic Year 1
715,2021-12-16,16,Thursday,4,50,12,December,Q4,2021,2020s,false,false,false,Post-Pandemic Year 1
716,2021-12-17,17,Friday,5,50,12,December,Q4,2021,2020s,false,false,false,Post-Pandemic Year 1
717,2021-12-18,18,Saturday,6,50,12,December,Q4,2021,2020s,true,false,false,Post-Pandemic Year 1
718,2021-12-19,19,Sunday,7,50,12,December,Q4,2021,2020s,true,false,false,Post-Pandemic Year 1
719,2021-12-20,20,Monday,1,51,12,December,Q4,2021,2020s,false,false,false,Post-Pandemic Year 1
720,2021-12-21,21,Tuesday,2,51,12,December,Q4,2021,2020s,false,false,false,Post-Pandemic Year 1
721,2021-12-22,22,Wednesday,3,51,12,December,Q4,2021,2020s,false,false,false,Post-Pandemic Year 1
722,2021-12-23,23,Thursday,4,51,12,December,Q4,2021,2020s,false,false,false,Post-Pandemic Year 1
723,2021-12-24,24,Friday,5,51,12,December,Q4,2021,2020s,false,false,false,Post-Pandemic Year 1
724,2021-12-25,25,Saturday,6,51,12,December,Q4,2021,2020s,true,false,false,Post-Pandemic Year 1
725,2021-12-26,26,Sunday,7,51,12,December,Q4,2021,2020s,true,false,false,Post-Pandemic Year 1
726,2021-12-27,27,Monday,1,52,12,December,Q4,2021,2020s,false,false,false,Post-Pandemic Year 1
727,2021-12-28,28,Tuesday,2,52,12,December,Q4,2021,2020s,false,false,false,Post-Pandemic Year 1
728,2021-12-29,29,Wednesday,3,52,12,December,Q4,2021,2020s,false,false,false,Post-Pandemic Year 1
729,2021-12-30,30,Thursday,4,52,12,December,Q4,2021,2020s,false,false,false,Post-Pandemic Year 1
730,2021-12-31,31,Friday,5,52,12,December,Q4,2021,2020s,false,false,false,Post-Pandemic Year 1
731,2022-01-01,1,Saturday,6,52,1,January,Q1,2022,2020s,true,false,true,Post-Pandemic Year 2
732,2022-01-02,2,Sunday,7,52,1,January,Q1,2022,2020s,true,false,false,Post-Pandemic Year 2
733,2022-01-03,3,Monday,1,1,1,January,Q1,2022,2020s,false,false,false,Post-Pandemic Year 2
734,2022-01-04,4,Tuesday,2,1,1,January,Q1,2022,2020s,false,false,false,Post-Pandemic Year 2
735,2022-01-05,5,Wednesday,3,1,1,January,Q1,2022,2020s,false,false,false,Post-Pandemic Year 2
736,2022-01-06,6,Thursday,4,1,1,January,Q1,2022,2020s,false,false,false,Post-Pandemic Year 2
737,2022-01-07,7,Friday,5,1,1,January,Q1,2022,2020s,false,false,false,Post-Pandemic Year 2
738,2022-01-08,8,Saturday,6,1,1,January,Q1,2022,2020s,true,false,false,Post-Pandemic Year 2
739,2022-01-09,9,Sunday,7,1,1,January,Q1,2022,2020s,true,false,false,Post-Pandemic Year 2
740,2022-01-10,10,Monday,1,2,1,January,Q1,2022,2020s,false,false,false,Post-Pandemic Year 2
741,2022-01-11,11,Tuesday,2,2,1,January,Q1,2022,2020s,false,false,false,Post-Pandemic Year 2
742,2022-01-12,12,Wednesday,3,2,1,January,Q1,2022,2020s,false,false,false,Post-Pandemic Year 2
743,2022-01-13,13,Thursday,4,2,1,January,Q1,2022,2020s,false,false,false,Post-Pandemic Year 2
744,2022-01-14,14,Friday,5,2,1,January,Q1,2022,2020s,false,false,false,Post-Pandemic Year 2
745,2022-01-15,15,Saturday,6,2,1,January,Q1,2022,2020s,true,false,false,Post-Pandemic Year 2
746,2022-01-16,16,Sunday,7,2,1,January,Q1,2022,2020s,true,false,false,Post-Pandemic Year 2
747,2022-01-17,17,Monday,1,3,1,January,Q1,2022,2020s,false,false,false,Post-Pandemic Year 2
748,2022-01-18,18,Tuesday,2,3,1,January,Q1,2022,2020s,false,false,false,Post-Pandemic Year 2
749,2022-01-19,19,Wednesday,3,3,1,January,Q1,2022,2020s,false,false,false,Post-Pandemic Year 2
750,2022-01-20,20,Thursday,4,3,1,January,Q1,2022,2020s,false,false,false,Post-Pandemic Year 2
751,2022-01-21,21,Friday,5,3,1,January,Q1,2022,2020s,false,false,false,Post-Pandemic Year 2
752,2022-01-22,22,Saturday,6,3,1,January,Q1,2022,2020s,true,false,false,Post-Pandemic Year 2
753,2022-01-23,23,Sunday,7,3,1,January,Q1,2022,2020s,true,false,false,Post-Pandemic Year 2
754,2022-01-24,24,Monday,1,4,1,January,Q1,2022,2020s,false,false,false,Post-Pandemic Year 2
755,2022-01-25,25,Tuesday,2,4,1,January,Q1,2022,2020s,false,false,false,Post-Pandemic Year 2
756,2022-01-26,26,Wednesday,3,4,1,January,Q1,2022,2020s,false,false,false,Post-Pandemic Year 2
757,2022-01-27,27,Thursday,4,4,1,January,Q1,2022,2020s,false,false,false,Post-Pandemic Year 2
758,2022-01-28,28,Friday,5,4,1,January,Q1,2022,2020s,false,false,false,Post-Pandemic Year 2
759,2022-01-29,29,Saturday,6,4,1,January,Q1,2022,2020s,true,false,false,Post-Pandemic Year 2
760,2022-01-30,30,Sunday,7,4,1,January,Q1,2022,2020s,true,false,false,Post-Pandemic Year 2
761,2022-01-31,31,Monday,1,5,1,January,Q1,2022,2020s,false,false,false,Post-Pandemic Year 2
762,2022-02-01,1,Tuesday,2,5,2,February,Q1,2022,2020s,false,false,false,Post-Pandemic Year 2
763,2022-02-02,2,Wednesday,3,5,2,February,Q1,2022,2020s,false,false,false,Post-Pandemic Year 2
764,2022-02-03,3,Thursday,4,5,2,February,Q1,2022,2020s,false,false,false,Post-Pandemic Year 2
765,2022-02-04,4,Friday,5,5,2,February,Q1,2022,2020s,false,false,false,Post-Pandemic Year 2
766,2022-02-05,5,Saturday,6,5,2,February,Q1,2022,2020s,true,false,false,Post-Pandemic Year 2
767,2022-02-06,6,Sunday,7,5,2,February,Q1,2022,2020s,true,false,false,Post-Pandemic Year 2
768,2022-02-07,7,Monday,1,6,2,February,Q1,2022,2020s,false,false,false,Post-Pandemic Year 2
769,2022-02-08,8,Tuesday,2,6,2,February,Q1,2022,2020s,false,false,false,Post-Pandemic Year 2
770,2022-02-09,9,Wednesday,3,6,2,February,Q1,2022,2020s,false,false,false,Post-Pandemic Year 2
771,2022-02-10,10,Thursday,4,6,2,February,Q1,2022,2020s,false,false,false,Post-Pandemic Year 2
772,2022-02-11,11,Friday,5,6,2,February,Q1,2022,2020s,false,false,false,Post-Pandemic Year 2
773,2022-02-12,12,Saturday,6,6,2,February,Q1,2022,2020s,true,false,false,Post-Pandemic Year 2
774,2022-02-13,13,Sunday,7,6,2,February,Q1,2022,2020s,true,false,false,Post-Pandemic Year 2
775,2022-02-14,14,Monday,1,7,2,February,Q1,2022,2020s,false,false,false,Post-Pandemic Year 2
776,2022-02-15,15,Tuesday,2,7,2,February,Q1,2022,2020s,false,false,false,Post-Pandemic Year 2
777,2022-02-16,16,Wednesday,3,7,2,February,Q1,2022,2020s,false,false,false,Post-Pandemic Year 2
778,2022-02-17,17,Thursday,4,7,2,February,Q1,2022,2020s,false,false,false,Post-Pandemic Year 2
779,2022-02-18,18,Friday,5,7,2,February,Q1,2022,2020s,false,false,false,Post-Pandemic Year 2
780,2022-02-19,19,Saturday,6,7,2,February,Q1,2022,2020s,true,false,false,Post-Pandemic Year 2
781,2022-02-20,20,Sunday,7,7,2,February,Q1,2022,2020s,true,false,false,Post-Pandemic Year 2
782,2022-02-21,21,Monday,1,8,2,February,Q1,2022,2020s,false,false,false,Post-Pandemic Year 2
783,2022-02-22,22,Tuesday,2,8,2,February,Q1,2022,2020s,false,false,false,Post-Pandemic Year 2
784,2022-02-23,23,Wednesday,3,8,2,February,Q1,2022,2020s,false,false,false,Post-Pandemic Year 2
785,2022-02-24,24,Thursday,4,8,2,February,Q1,2022,2020s,false,false,false,Post-Pandemic Year 2
786,2022-02-25,25,Friday,5,8,2,February,Q1,2022,2020s,false,false,false,Post-Pandemic Year 2
787,2022-02-26,26,Saturday,6,8,2,February,Q1,2022,2020s,true,false,false,Post-Pandemic Year 2
788,2022-02-27,27,Sunday,7,8,2,February,Q1,2022,2020s,true,false,false,Post-Pandemic Year 2
789,2022-02-28,28,Monday,1,9,2,February,Q1,2022,2020s,false,false,false,Post-Pandemic Year 2
790,2022-03-01,1,Tuesday,2,9,3,March,Q1,2022,2020s,false,false,false,Post-Pandemic Year 2
791,2022-03-02,2,Wednesday,3,9,3,March,Q1,2022,2020s,false,false,false,Post-Pandemic Year 2
792,2022-03-03,3,Thursday,4,9,3,March,Q1,2022,2020s,false,false,false,Post-Pandemic Year 2
793,2022-03-04,4,Friday,5,9,3,March,Q1,2022,2020s,false,false,false,Post-Pandemic Year 2
794,2022-03-05,5,Saturday,6,9,3,March,Q1,2022,2020s,true,false,false,Post-Pandemic Year 2
795,2022-03-06,6,Sunday,7,9,3,March,Q1,2022,2020s,true,false,false,Post-Pandemic Year 2
796,2022-03-07,7,Monday,1,10,3,March,Q1,2022,2020s,false,false,false,Post-Pandemic Year 2
797,2022-03-08,8,Tuesday,2,10,3,March,Q1,2022,2020s,false,false,false,Post-Pandemic Year 2
798,2022-03-09,9,Wednesday,3,10,3,March,Q1,2022,2020s,false,false,false,Post-Pandemic Year 2
799,2022-03-10,10,Thursday,4,10,3,March,Q1,2022,2020s,false,false,false,Post-Pandemic Year 2
800,2022-03-11,11,Friday,5,10,3,March,Q1,2022,2020s,false,false,false,Post-Pandemic Year 2
801,2022-03-12,12,Saturday,6,10,3,March,Q1,2022,2020s,true,false,false,Post-Pandemic Year 2
802,2022-03-13,13,Sunday,7,10,3,March,Q1,2022,2020s,true,false,false,Post-Pandemic Year 2
803,2022-03-14,14,Monday,1,11,3,March,Q1,2022,2020s,false,false,false,Post-Pandemic Year 2
804,2022-03-15,15,Tuesday,2,11,3,March,Q1,2022,2020s,false,false,false,Post-Pandemic Year 2
805,2022-03-16,16,Wednesday,3,11,3,March,Q1,2022,2020s,false,false,false,Post-Pandemic Year 2
806,2022-03-17,17,Thursday,4,11,3,March,Q1,2022,2020s,false,false,false,Post-Pandemic Year 2
807,2022-03-18,18,Friday,5,11,3,March,Q1,2022,2020s,false,false,false,Post-Pandemic Year 2
808,2022-03-19,19,Saturday,6,11,3,March,Q1,2022,2020s,true,false,false,Post-Pandemic Year 2
809,2022-03-20,20,Sunday,7,11,3,March,Q1,2022,2020s,true,false,false,Post-Pandemic Year 2
810,2022-03-21,21,Monday,1,12,3,March,Q1,2022,2020s,false,false,false,Post-Pandemic Year 2
811,2022-03-22,22,Tuesday,2,12,3,March,Q1,2022,2020s,false,false,false,Post-Pandemic Year 2
812,2022-03-23,23,Wednesday,3,12,3,March,Q1,2022,2020s,false,false,false,Post-Pandemic Year 2
813,2022-03-24,24,Thursday,4,12,3,March,Q1,2022,2020s,false,false,false,Post-Pandemic Year 2
814,2022-03-25,25,Friday,5,12,3,March,Q1,2022,2020s,false,false,false,Post-Pandemic Year 2
815,2022-03-26,26,Saturday,6,12,3,March,Q1,2022,2020s,true,false,false,Post-Pandemic Year 2
816,2022-03-27,27,Sunday,7,12,3,March,Q1,2022,2020s,true,false,false,Post-Pandemic Year 2
817,2022-03-28,28,Monday,1,13,3,March,Q1,2022,2020s,false,false,false,Post-Pandemic Year 2
818,2022-03-29,29,Tuesday,2,13,3,March,Q1,2022,2020s,false,false,false,Post-Pandemic Year 2
819,2022-03-30,30,Wednesday,3,13,3,March,Q1,2022,2020s,false,false,false,Post-Pandemic Year 2
820,2022-03-31,31,Thursday,4,13,3,March,Q1,2022,2020s,false,false,false,Post-Pandemic Year 2
821,2022-04-01,1,Friday,5,13,4,April,Q2,2022,2020s,false,false,false,Post-Pandemic Year 2
822,2022-04-02,2,Saturday,6,13,4,April,Q2,2022,2020s,true,false,false,Post-Pandemic Year 2
823,2022-04-03,3,Sunday,7,13,4,April,Q2,2022,2020s,true,false,false,Post-Pandemic Year 2
824,2022-04-04,4,Monday,1,14,4,April,Q2,2022,2020s,false,false,false,Post-Pandemic Year 2
825,2022-04-05,5,Tuesday,2,14,4,April,Q2,2022,2020s,false,false,false,Post-Pandemic Year 2
826,2022-04-06,6,Wednesday,3,14,4,April,Q2,2022,2020s,false,false,false,Post-Pandemic Year 2
827,2022-04-07,7,Thursday,4,14,4,April,Q2,2022,2020s,false,false,false,Post-Pandemic Year 2
828,2022-04-08,8,Friday,5,14,4,April,Q2,2022,2020s,false,false,false,Post-Pandemic Year 2
829,2022-04-09,9,Saturday,6,14,4,April,Q2,2022,2020s,true,false,false,Post-Pandemic Year 2
830,2022-04-10,10,Sunday,7,14,4,April,Q2,2022,2020s,true,false,false,Post-Pandemic Year 2
831,2022-04-11,11,Monday,1,15,4,April,Q2,2022,2020s,false,false,false,Post-Pandemic Year 2
832,2022-04-12,12,Tuesday,2,15,4,April,Q2,2022,2020s,false,false,false,Post-Pandemic Year 2
833,2022-04-13,13,Wednesday,3,15,4,April,Q2,2022,2020s,false,false,false,Post-Pandemic Year 2
834,2022-04-14,14,Thursday,4,15,4,April,Q2,2022,2020s,false,false,false,Post-Pandemic Year 2
835,2022-04-15,15,Friday,5,15,4,April,Q2,2022,2020s,false,false,false,Post-Pandemic Year 2
836,2022-04-16,16,Saturday,6,15,4,April,Q2,2022,2020s,true,false,false,Post-Pandemic Year 2
837,2022-04-17,17,Sunday,7,15,4,April,Q2,2022,2020s,true,false,false,Post-Pandemic Year 2
838,2022-04-18,18,Monday,1,16,4,April,Q2,2022,2020s,false,false,false,Post-Pandemic Year 2
839,2022-04-19,19,Tuesday,2,16,4,April,Q2,2022,2020s,false,false,false,Post-Pandemic Year 2
840,2022-04-20,20,Wednesday,3,16,4,April,Q2,2022,2020s,false,false,false,Post-Pandemic Year 2
841,2022-04-21,21,Thursday,4,16,4,April,Q2,2022,2020s,false,false,false,Post-Pandemic Year 2
842,2022-04-22,22,Friday,5,16,4,April,Q2,2022,2020s,false,false,false,Post-Pandemic Year 2
843,2022-04-23,23,Saturday,6,16,4,April,Q2,2022,2020s,true,false,false,Post-Pandemic Year 2
844,2022-04-24,24,Sunday,7,16,4,April,Q2,2022,2020s,true,false,false,Post-Pandemic Year 2
845,2022-04-25,25,Monday,1,17,4,April,Q2,2022,2020s,false,false,false,Post-Pandemic Year 2
846,2022-04-26,26,Tuesday,2,17,4,April,Q2,2022,2020s,false,false,false,Post-Pandemic Year 2
847,2022-04-27,27,Wednesday,3,17,4,April,Q2,2022,2020s,false,false,false,Post-Pandemic Year 2
848,2022-04-28,28,Thursday,4,17,4,April,Q2,2022,2020s,false,false,false,Post-Pandemic Year 2
849,2022-04-29,29,Friday,5,17,4,April,Q2,2022,2020s,false,false,false,Post-Pandemic Year 2
850,2022-04-30,30,Saturday,6,17,4,April,Q2,2022,2020s,true,false,false,Post-Pandemic Year 2
851,2022-05-01,1,Sunday,7,17,5,May,Q2,2022,2020s,true,false,false,Post-Pandemic Year 2
852,2022-05-02,2,Monday,1,18,5,May,Q2,2022,2020s,false,false,false,Post-Pandemic Year 2
853,2022-05-03,3,Tuesday,2,18,5,May,Q2,2022,2020s,false,false,false,Post-Pandemic Year 2
854,2022-05-04,4,Wednesday,3,18,5,May,Q2,2022,2020s,false,false,false,Post-Pandemic Year 2
855,2022-05-05,5,Thursday,4,18,5,May,Q2,2022,2020s,false,false,false,Post-Pandemic Year 2
856,2022-05-06,6,Friday,5,18,5,May,Q2,2022,2020s,false,false,false,Post-Pandemic Year 2
857,2022-05-07,7,Saturday,6,18,5,May,Q2,2022,2020s,true,false,false,Post-Pandemic Year 2
858,2022-05-08,8,Sunday,7,18,5,May,Q2,2022,2020s,true,false,false,Post-Pandemic Year 2
859,2022-05-09,9,Monday,1,19,5,May,Q2,2022,2020s,false,false,false,Post-Pandemic Year 2
860,2022-05-10,10,Tuesday,2,19,5,May,Q2,2022,2020s,false,false,false,Post-Pandemic Year 2
861,2022-05-11,11,Wednesday,3,19,5,May,Q2,2022,2020s,false,false,false,Post-Pandemic Year 2
862,2022-05-12,12,Thursday,4,19,5,May,Q2,2022,2020s,false,false,false,Post-Pandemic Year 2
863,2022-05-13,13,Friday,5,19,5,May,Q2,2022,2020s,false,false,false,Post-Pandemic Year 2
864,2022-05-14,14,Saturday,6,19,5,May,Q2,2022,2020s,true,false,false,Post-Pandemic Year 2
865,2022-05-15,15,Sunday,7,19,5,May,Q2,2022,2020s,true,false,false,Post-Pandemic Year 2
866,2022-05-16,16,Monday,1,20,5,May,Q2,2022,2020s,false,false,false,Post-Pandemic Year 2
867,2022-05-17,17,Tuesday,2,20,5,May,Q2,2022,2020s,false,false,false,Post-Pandemic Year 2
868,2022-05-18,18,Wednesday,3,20,5,May,Q2,2022,2020s,false,false,false,Post-Pandemic Year 2
869,2022-05-19,19,Thursday,4,20,5,May,Q2,2022,2020s,false,false,false,Post-Pandemic Year 2
870,2022-05-20,20,Friday,5,20,5,May,Q2,2022,2020s,false,false,false,Post-Pandemic Year 2
871,2022-05-21,21,Saturday,6,20,5,May,Q2,2022,2020s,true,false,false,Post-Pandemic Year 2
872,2022-05-22,22,Sunday,7,20,5,May,Q2,2022,2020s,true,false,false,Post-Pandemic Year 2
873,2022-05-23,23,Monday,1,21,5,May,Q2,2022,2020s,false,false,false,Post-Pandemic Year 2
874,2022-05-24,24,Tuesday,2,21,5,May,Q2,2022,2020s,false,false,false,Post-Pandemic Year 2
875,2022-05-25,25,Wednesday,3,21,5,May,Q2,2022,2020s,false,false,false,Post-Pandemic Year 2
876,2022-05-26,26,Thursday,4,21,5,May,Q2,2022,2020s,false,false,false,Post-Pandemic Year 2
877,2022-05-27,27,Friday,5,21,5,May,Q2,2022,2020s,false,false,false,Post-Pandemic Year 2
878,2022-05-28,28,Saturday,6,21,5,May,Q2,2022,2020s,true,false,false,Post-Pandemic Year 2
879,2022-05-29,29,Sunday,7,21,5,May,Q2,2022,2020s,true,false,false,Post-Pandemic Year 2
880,2022-05-30,30,Monday,1,22,5,May,Q2,2022,2020s,false,false,false,Post-Pandemic Year 2
881,2022-05-31,31,Tuesday,2,22,5,May,Q2,2022,2020s,false,false,false,Post-Pandemic Year 2
882,2022-06-01,1,Wednesday,3,22,6,June,Q2,2022,2020s,false,false,false,Post-Pandemic Year 2
883,2022-06-02,2,Thursday,4,22,6,June,Q2,2022,2020s,false,false,false,Post-Pandemic Year 2
884,2022-06-03,3,Friday,5,22,6,June,Q2,2022,2020s,false,false,false,Post-Pandemic Year 2
885,2022-06-04,4,Saturday,6,22,6,June,Q2,2022,2020s,true,false,false,Post-Pandemic Year 2
886,2022-06-05,5,Sunday,7,22,6,June,Q2,2022,2020s,true,false,false,Post-Pandemic Year 2
887,2022-06-06,6,Monday,1,23,6,June,Q2,2022,2020s,false,false,false,Post-Pandemic Year 2
888,2022-06-07,7,Tuesday,2,23,6,June,Q2,2022,2020s,false,false,false,Post-Pandemic Year 2
889,2022-06-08,8,Wednesday,3,23,6,June,Q2,2022,2020s,false,false,false,Post-Pandemic Year 2
890,2022-06-09,9,Thursday,4,23,6,June,Q2,2022,2020s,false,false,false,Post-Pandemic Year 2
891,2022-06-10,10,Friday,5,23,6,June,Q2,2022,2020s,false,false,false,Post-Pandemic Year 2
892,2022-06-11,11,Saturday,6,23,6,June,Q2,2022,2020s,true,false,false,Post-Pandemic Year 2
893,2022-06-12,12,Sunday,7,23,6,June,Q2,2022,2020s,true,false,false,Post-Pandemic Year 2
894,2022-06-13,13,Monday,1,24,6,June,Q2,2022,2020s,false,false,false,Post-Pandemic Year 2
895,2022-06-14,14,Tuesday,2,24,6,June,Q2,2022,2020s,false,false,false,Post-Pandemic Year 2
896,2022-06-15,15,Wednesday,3,24,6,June,Q2,2022,2020s,false,false,false,Post-Pandemic Year 2
897,2022-06-16,16,Thursday,4,24,6,June,Q2,2022,2020s,false,false,false,Post-Pandemic Year 2
898,2022-06-17,17,Friday,5,24,6,June,Q2,2022,2020s,false,false,false,Post-Pandemic Year 2
899,2022-06-18,18,Saturday,6,24,6,June,Q2,2022,2020s,true,false,false,Post-Pandemic Year 2
900,2022-06-19,19,Sunday,7,24,6,June,Q2,2022,2020s,true,false,false,Post-Pandemic Year 2
901,2022-06-20,20,Monday,1,25,6,June,Q2,2022,2020s,false,false,false,Post-Pandemic Year 2
902,2022-06-21,21,Tuesday,2,25,6,June,Q2,2022,2020s,false,false,false,Post-Pandemic Year 2
903,2022-06-22,22,Wednesday,3,25,6,June,Q2,2022,2020s,false,false,false,Post-Pandemic Year 2
904,2022-06-23,23,Thursday,4,25,6,June,Q2,2022,2020s,false,false,false,Post-Pandemic Year 2
905,2022-06-24,24,Friday,5,25,6,June,Q2,2022,2020s,false,false,false,Post-Pandemic Year 2
906,2022-06-25,25,Saturday,6,25,6,June,Q2,2022,2020s,true,false,false,Post-Pandemic Year 2
907,2022-06-26,26,Sunday,7,25,6,June,Q2,2022,2020s,true,false,false,Post-Pandemic Year 2
908,2022-06-27,27,Monday,1,26,6,June,Q2,2022,2020s,false,false,false,Post-Pandemic Year 2
909,2022-06-28,28,Tuesday,2,26,6,June,Q2,2022,2020s,false,false,false,Post-Pandemic Year 2
910,2022-06-29,29,Wednesday,3,26,6,June,Q2,2022,2020s,false,false,false,Post-Pandemic Year 2
911,2022-06-30,30,Thursday,4,26,6,June,Q2,2022,2020s,false,false,false,Post-Pandemic Year 2
912,2022-07-01,1,Friday,5,26,7,July,Q3,2022,2020s,false,false,false,Post-Pandemic Year 2
913,2022-07-02,2,Saturday,6,26,7,July,Q3,2022,2020s,true,false,false,Post-Pandemic Year 2
914,2022-07-03,3,Sunday,7,26,7,July,Q3,2022,2020s,true,false,false,Post-Pandemic Year 2
915,2022-07-04,4,Monday,1,27,7,July,Q3,2022,2020s,false,false,false,Post-Pandemic Year 2
916,2022-07-05,5,Tuesday,2,27,7,July,Q3,2022,2020s,false,false,false,Post-Pandemic Year 2
917,2022-07-06,6,Wednesday,3,27,7,July,Q3,2022,2020s,false,false,false,Post-Pandemic Year 2
918,2022-07-07,7,Thursday,4,27,7,July,Q3,2022,2020s,false,false,false,Post-Pandemic Year 2
919,2022-07-08,8,Friday,5,27,7,July,Q3,2022,2020s,false,false,false,Post-Pandemic Year 2
920,2022-07-09,9,Saturday,6,27,7,July,Q3,2022,2020s,true,false,false,Post-Pandemic Year 2
921,2022-07-10,10,Sunday,7,27,7,July,Q3,2022,2020s,true,false,false,Post-Pandemic Year 2
922,2022-07-11,11,Monday,1,28,7,July,Q3,2022,2020s,false,false,false,Post-Pandemic Year 2
923,2022-07-12,12,Tuesday,2,28,7,July,Q3,2022,2020s,false,false,false,Post-Pandemic Year 2
924,2022-07-13,13,Wednesday,3,28,7,July,Q3,2022,2020s,false,false,false,Post-Pandemic Year 2
925,2022-07-14,14,Thursday,4,28,7,July,Q3,2022,2020s,false,false,false,Post-Pandemic Year 2
926,2022-07-15,15,Friday,5,28,7,July,Q3,2022,2020s,false,false,false,Post-Pandemic Year 2
927,2022-07-16,16,Saturday,6,28,7,July,Q3,2022,2020s,true,false,false,Post-Pandemic Year 2
928,2022-07-17,17,Sunday,7,28,7,July,Q3,2022,2020s,true,false,false,Post-Pandemic Year 2
929,2022-07-18,18,Monday,1,29,7,July,Q3,2022,2020s,false,false,false,Post-Pandemic Year 2
930,2022-07-19,19,Tuesday,2,29,7,July,Q3,2022,2020s,false,false,false,Post-Pandemic Year 2
931,2022-07-20,20,Wednesday,3,29,7,July,Q3,2022,2020s,false,false,false,Post-Pandemic Year 2
932,2022-07-21,21,Thursday,4,29,7,July,Q3,2022,2020s,false,false,false,Post-Pandemic Year 2
933,2022-07-22,22,Friday,5,29,7,July,Q3,2022,2020s,false,false,false,Post-Pandemic Year 2
934,2022-07-23,23,Saturday,6,29,7,July,Q3,2022,2020s,true,false,false,Post-Pandemic Year 2
935,2022-07-24,24,Sunday,7,29,7,July,Q3,2022,2020s,true,false,false,Post-Pandemic Year 2
936,2022-07-25,25,Monday,1,30,7,July,Q3,2022,2020s,false,false,false,Post-Pandemic Year 2
937,2022-07-26,26,Tuesday,2,30,7,July,Q3,2022,2020s,false,false,false,Post-Pandemic Year 2
938,2022-07-27,27,Wednesday,3,30,7,July,Q3,2022,2020s,false,false,false,Post-Pandemic Year 2
939,2022-07-28,28,Thursday,4,30,7,July,Q3,2022,2020s,false,false,false,Post-Pandemic Year 2
940,2022-07-29,29,Friday,5,30,7,July,Q3,2022,2020s,false,false,false,Post-Pandemic Year 2
941,2022-07-30,30,Saturday,6,30,7,July,Q3,2022,2020s,true,false,false,Post-Pandemic Year 2
942,2022-07-31,31,Sunday,7,30,7,July,Q3,2022,2020s,true,false,false,Post-Pandemic Year 2
943,2022-08-01,1,Monday,1,31,8,August,Q3,2022,2020s,false,false,false,Post-Pandemic Year 2
944,2022-08-02,2,Tuesday,2,31,8,August,Q3,2022,2020s,false,false,false,Post-Pandemic Year 2
945,2022-08-03,3,Wednesday,3,31,8,August,Q3,2022,2020s,false,false,false,Post-Pandemic Year 2
946,2022-08-04,4,Thursday,4,31,8,August,Q3,2022,2020s,false,false,false,Post-Pandemic Year 2
947,2022-08-05,5,Friday,5,31,8,August,Q3,2022,2020s,false,false,false,Post-Pandemic Year 2
948,2022-08-06,6,Saturday,6,31,8,August,Q3,2022,2020s,true,false,false,Post-Pandemic Year 2
949,2022-08-07,7,Sunday,7,31,8,August,Q3,2022,2020s,true,false,false,Post-Pandemic Year 2
950,2022-08-08,8,Monday,1,32,8,August,Q3,2022,2020s,false,false,false,Post-Pandemic Year 2
951,2022-08-09,9,Tuesday,2,32,8,August,Q3,2022,2020s,false,false,false,Post-Pandemic Year 2
952,2022-08-10,10,Wednesday,3,32,8,August,Q3,2022,2020s,false,false,false,Post-Pandemic Year 2
953,2022-08-11,11,Thursday,4,32,8,August,Q3,2022,2020s,false,false,false,Post-Pandemic Year 2
954,2022-08-12,12,Friday,5,32,8,August,Q3,2022,2020s,false,false,false,Post-Pandemic Year 2
955,2022-08-13,13,Saturday,6,32,8,August,Q3,2022,2020s,true,false,false,Post-Pandemic Year 2
956,2022-08-14,14,Sunday,7,32,8,August,Q3,2022,2020s,true,false,false,Post-Pandemic Year 2
957,2022-08-15,15,Monday,1,33,8,August,Q3,2022,2020s,false,false,false,Post-Pandemic Year 2
958,2022-08-16,16,Tuesday,2,33,8,August,Q3,2022,2020s,false,false,false,Post-Pandemic Year 2
959,2022-08-17,17,Wednesday,3,33,8,August,Q3,2022,2020s,false,false,false,Post-Pandemic Year 2
960,2022-08-18,18,Thursday,4,33,8,August,Q3,2022,2020s,false,false,false,Post-Pandemic Year 2
961,2022-08-19,19,Friday,5,33,8,August,Q3,2022,2020s,false,false,false,Post-Pandemic Year 2
962,2022-08-20,20,Saturday,6,33,8,August,Q3,2022,2020s,true,false,false,Post-Pandemic Year 2
963,2022-08-21,21,Sunday,7,33,8,August,Q3,2022,2020s,true,false,false,Post-Pandemic Year 2
964,2022-08-22,22,Monday,1,34,8,August,Q3,2022,2020s,false,false,false,Post-Pandemic Year 2
965,2022-08-23,23,Tuesday,2,34,8,August,Q3,2022,2020s,false,false,false,Post-Pandemic Year 2
966,2022-08-24,24,Wednesday,3,34,8,August,Q3,2022,2020s,false,false,false,Post-Pandemic Year 2
967,2022-08-25,25,Thursday,4,34,8,August,Q3,2022,2020s,false,false,false,Post-Pandemic Year 2
968,2022-08-26,26,Friday,5,34,8,August,Q3,2022,2020s,false,false,false,Post-Pandemic Year 2
969,2022-08-27,27,Saturday,6,34,8,August,Q3,2022,2020s,true,false,false,Post-Pandemic Year 2
970,2022-08-28,28,Sunday,7,34,8,August,Q3,2022,2020s,true,false,false,Post-Pandemic Year 2
971,2022-08-29,29,Monday,1,35,8,August,Q3,2022,2020s,false,false,false,Post-Pandemic Year 2
972,2022-08-30,30,Tuesday,2,35,8,August,Q3,2022,2020s,false,false,false,Post-Pandemic Year 2
973,2022-08-31,31,Wednesday,3,35,8,August,Q3,2022,2020s,false,false,false,Post-Pandemic Year 2
974,2022-09-01,1,Thursday,4,35,9,September,Q3,2022,2020s,false,false,false,Post-Pandemic Year 2
975,2022-09-02,2,Friday,5,35,9,September,Q3,2022,2020s,false,false,false,Post-Pandemic Year 2
976,2022-09-03,3,Saturday,6,35,9,September,Q3,2022,2020s,true,false,false,Post-Pandemic Year 2
977,2022-09-04,4,Sunday,7,35,9,September,Q3,2022,2020s,true,false,false,Post-Pandemic Year 2
978,2022-09-05,5,Monday,1,36,9,September,Q3,2022,2020s,false,false,false,Post-Pandemic Year 2
979,2022-09-06,6,Tuesday,2,36,9,September,Q3,2022,2020s,false,false,false,Post-Pandemic Year 2
980,2022-09-07,7,Wednesday,3,36,9,September,Q3,2022,2020s,false,false,false,Post-Pandemic Year 2
981,2022-09-08,8,Thursday,4,36,9,September,Q3,2022,2020s,false,false,false,Post-Pandemic Year 2
982,2022-09-09,9,Friday,5,36,9,September,Q3,2022,2020s,false,false,false,Post-Pandemic Year 2
983,2022-09-10,10,Saturday,6,36,9,September,Q3,2022,2020s,true,false,false,Post-Pandemic Year 2
984,2022-09-11,11,Sunday,7,36,9,September,Q3,2022,2020s,true,false,false,Post-Pandemic Year 2
985,2022-09-12,12,Monday,1,37,9,September,Q3,2022,2020s,false,false,false,Post-Pandemic Year 2
986,2022-09-13,13,Tuesday,2,37,9,September,Q3,2022,2020s,false,false,false,Post-Pandemic Year 2
987,2022-09-14,14,Wednesday,3,37,9,September,Q3,2022,2020s,false,false,false,Post-Pandemic Year 2
988,2022-09-15,15,Thursday,4,37,9,September,Q3,2022,2020s,false,false,false,Post-Pandemic Year 2
989,2022-09-16,16,Friday,5,37,9,September,Q3,2022,2020s,false,false,false,Post-Pandemic Year 2
990,2022-09-17,17,Saturday,6,37,9,September,Q3,2022,2020s,true,false,false,Post-Pandemic Year 2
991,2022-09-18,18,Sunday,7,37,9,September,Q3,2022,2020s,true,false,false,Post-Pandemic Year 2
992,2022-09-19,19,Monday,1,38,9,September,Q3,2022,2020s,false,false,false,Post-Pandemic Year 2
993,2022-09-20,20,Tuesday,2,38,9,September,Q3,2022,2020s,false,false,false,Post-Pandemic Year 2
994,2022-09-21,21,Wednesday,3,38,9,September,Q3,2022,2020s,false,false,false,Post-Pandemic Year 2
995,2022-09-22,22,Thursday,4,38,9,September,Q3,2022,2020s,false,false,false,Post-Pandemic Year 2
996,2022-09-23,23,Friday,5,38,9,September,Q3,2022,2020s,false,false,false,Post-Pandemic Year 2
997,2022-09-24,24,Saturday,6,38,9,September,Q3,2022,2020s,true,false,false,Post-Pandemic Year 2
998,2022-09-25,25,Sunday,7,38,9,September,Q3,2022,2020s,true,false,false,Post-Pandemic Year 2
999,2022-09-26,26,Monday,1,39,9,September,Q3,2022,2020s,false,false,false,Post-Pandemic Year 2
1000,2022-09-27,27,Tuesday,2,39,9,September,Q3,2022,2020s,false,false,false,Post-Pandemic Year 2
1001,2022-09-28,28,Wednesday,3,39,9,September,Q3,2022,2020s,false,false,false,Post-Pandemic Year 2
1002,2022-09-29,29,Thursday,4,39,9,September,Q3,2022,2020s,false,false,false,Post-Pandemic Year 2
1003,2022-09-30,30,Friday,5,39,9,September,Q3,2022,2020s,false,false,false,Post-Pandemic Year 2
1004,2022-10-01,1,Saturday,6,39,10,October,Q4,2022,2020s,true,false,false,Post-Pandemic Year 2
1005,2022-10-02,2,Sunday,7,39,10,October,Q4,2022,2020s,true,false,false,Post-Pandemic Year 2
1006,2022-10-03,3,Monday,1,40,10,October,Q4,2022,2020s,false,false,false,Post-Pandemic Year 2
1007,2022-10-04,4,Tuesday,2,40,10,October,Q4,2022,2020s,false,false,false,Post-Pandemic Year 2
1008,2022-10-05,5,Wednesday,3,40,10,October,Q4,2022,2020s,false,false,false,Post-Pandemic Year 2
1009,2022-10-06,6,Thursday,4,40,10,October,Q4,2022,2020s,false,false,false,Post-Pandemic Year 2
1010,2022-10-07,7,Friday,5,40,10,October,Q4,2022,2020s,false,false,false,Post-Pandemic Year 2
1011,2022-10-08,8,Saturday,6,40,10,October,Q4,2022,2020s,true,false,false,Post-Pandemic Year 2
1012,2022-10-09,9,Sunday,7,40,10,October,Q4,2022,2020s,true,false,false,Post-Pandemic Year 2
1013,2022-10-10,10,Monday,1,41,10,October,Q4,2022,2020s,false,false,false,Post-Pandemic Year 2
1014,2022-10-11,11,Tuesday,2,41,10,October,Q4,2022,2020s,false,false,false,Post-Pandemic Year 2
1015,2022-10-12,12,Wednesday,3,41,10,October,Q4,2022,2020s,false,false,false,Post-Pandemic Year 2
1016,2022-10-13,13,Thursday,4,41,10,October,Q4,2022,2020s,false,false,false,Post-Pandemic Year 2
1017,2022-10-14,14,Friday,5,41,10,October,Q4,2022,2020s,false,false,false,Post-Pandemic Year 2
1018,2022-10-15,15,Saturday,6,41,10,October,Q4,2022,2020s,true,false,false,Post-Pandemic Year 2
1019,2022-10-16,16,Sunday,7,41,10,October,Q4,2022,2020s,true,false,false,Post-Pandemic Year 2
1020,2022-10-17,17,Monday,1,42,10,October,Q4,2022,2020s,false,false,false,Post-Pandemic Year 2
1021,2022-10-18,18,Tuesday,2,42,10,October,Q4,2022,2020s,false,false,false,Post-Pandemic Year 2
1022,2022-10-19,19,Wednesday,3,42,10,October,Q4,2022,2020s,false,false,false,Post-Pandemic Year 2
1023,2022-10-20,20,Thursday,4,42,10,October,Q4,2022,2020s,false,false,false,Post-Pandemic Year 2
1024,2022-10-21,21,Friday,5,42,10,October,Q4,2022,2020s,false,false,false,Post-Pandemic Year 2
1025,2022-10-22,22,Saturday,6,42,10,October,Q4,2022,2020s,true,false,false,Post-Pandemic Year 2
1026,2022-10-23,23,Sunday,7,42,10,October,Q4,2022,2020s,true,false,false,Post-Pandemic Year 2
1027,2022-10-24,24,Monday,1,43,10,October,Q4,2022,2020s,false,false,false,Post-Pandemic Year 2
1028,2022-10-25,25,Tuesday,2,43,10,October,Q4,2022,2020s,false,false,false,Post-Pandemic Year 2
1029,2022-10-26,26,Wednesday,3,43,10,October,Q4,2022,2020s,false,false,false,Post-Pandemic Year 2
1030,2022-10-27,27,Thursday,4,43,10,October,Q4,2022,2020s,false,false,false,Post-Pandemic Year 2
1031,2022-10-28,28,Friday,5,43,10,October,Q4,2022,2020s,false,false,false,Post-Pandemic Year 2
1032,2022-10-29,29,Saturday,6,43,10,October,Q4,2022,2020s,true,false,false,Post-Pandemic Year 2
1033,2022-10-30,30,Sunday,7,43,10,October,Q4,2022,2020s,true,false,false,Post-Pandemic Year 2
1034,2022-10-31,31,Monday,1,44,10,October,Q4,2022,2020s,false,false,false,Post-Pandemic Year 2
1035,2022-11-01,1,Tuesday,2,44,11,November,Q4,2022,2020s,false,false,false,Post-Pandemic Year 2
1036,2022-11-02,2,Wednesday,3,44,11,November,Q4,2022,2020s,false,false,false,Post-Pandemic Year 2
1037,2022-11-03,3,Thursday,4,44,11,November,Q4,2022,2020s,false,false,false,Post-Pandemic Year 2
1038,2022-11-04,4,Friday,5,44,11,November,Q4,2022,2020s,false,false,false,Post-Pandemic Year 2
1039,2022-11-05,5,Saturday,6,44,11,November,Q4,2022,2020s,true,false,false,Post-Pandemic Year 2
1040,2022-11-06,6,Sunday,7,44,11,November,Q4,2022,2020s,true,false,false,Post-Pandemic Year 2
1041,2022-11-07,7,Monday,1,45,11,November,Q4,2022,2020s,false,false,false,Post-Pandemic Year 2
1042,2022-11-08,8,Tuesday,2,45,11,November,Q4,2022,2020s,false,false,false,Post-Pandemic Year 2
1043,2022-11-09,9,Wednesday,3,45,11,November,Q4,2022,2020s,false,false,false,Post-Pandemic Year 2
1044,2022-11-10,10,Thursday,4,45,11,November,Q4,2022,2020s,false,false,false,Post-Pandemic Year 2
1045,2022-11-11,11,Friday,5,45,11,November,Q4,2022,2020s,false,false,false,Post-Pandemic Year 2
1046,2022-11-12,12,Saturday,6,45,11,November,Q4,2022,2020s,true,false,false,Post-Pandemic Year 2
1047,2022-11-13,13,Sunday,7,45,11,November,Q4,2022,2020s,true,false,false,Post-Pandemic Year 2
1048,2022-11-14,14,Monday,1,46,11,November,Q4,2022,2020s,false,false,false,Post-Pandemic Year 2
1049,2022-11-15,15,Tuesday,2,46,11,November,Q4,2022,2020s,false,false,false,Post-Pandemic Year 2
1050,2022-11-16,16,Wednesday,3,46,11,November,Q4,2022,2020s,false,false,false,Post-Pandemic Year 2
1051,2022-11-17,17,Thursday,4,46,11,November,Q4,2022,2020s,false,false,false,Post-Pandemic Year 2
1052,2022-11-18,18,Friday,5,46,11,November,Q4,2022,2020s,false,false,false,Post-Pandemic Year 2
1053,2022-11-19,19,Saturday,6,46,11,November,Q4,2022,2020s,true,false,false,Post-Pandemic Year 2
1054,2022-11-20,20,Sunday,7,46,11,November,Q4,2022,2020s,true,false,false,Post-Pandemic Year 2
1055,2022-11-21,21,Monday,1,47,11,November,Q4,2022,2020s,false,false,false,Post-Pandemic Year 2
1056,2022-11-22,22,Tuesday,2,47,11,November,Q4,2022,2020s,false,false,false,Post-Pandemic Year 2
1057,2022-11-23,23,Wednesday,3,47,11,November,Q4,2022,2020s,false,false,false,Post-Pandemic Year 2
1058,2022-11-24,24,Thursday,4,47,11,November,Q4,2022,2020s,false,false,false,Post-Pandemic Year 2
1059,2022-11-25,25,Friday,5,47,11,November,Q4,2022,2020s,false,false,false,Post-Pandemic Year 2
1060,2022-11-26,26,Saturday,6,47,11,November,Q4,2022,2020s,true,false,false,Post-Pandemic Year 2
1061,2022-11-27,27,Sunday,7,47,11,November,Q4,2022,2020s,true,false,false,Post-Pandemic Year 2
1062,2022-11-28,28,Monday,1,48,11,November,Q4,2022,2020s,false,false,false,Post-Pandemic Year 2
1063,2022-11-29,29,Tuesday,2,48,11,November,Q4,2022,2020s,false,false,false,Post-Pandemic Year 2
1064,2022-11-30,30,Wednesday,3,48,11,November,Q4,2022,2020s,false,false,false,Post-Pandemic Year 2
1065,2022-12-01,1,Thursday,4,48,12,December,Q4,2022,2020s,false,false,false,Post-Pandemic Year 2
1066,2022-12-02,2,Friday,5,48,12,December,Q4,2022,2020s,false,false,false,Post-Pandemic Year 2
1067,2022-12-03,3,Saturday,6,48,12,December,Q4,2022,2020s,true,false,false,Post-Pandemic Year 2
1068,2022-12-04,4,Sunday,7,48,12,December,Q4,2022,2020s,true,false,false,Post-Pandemic Year 2
1069,2022-12-05,5,Monday,1,49,12,December,Q4,2022,2020s,false,false,false,Post-Pandemic Year 2
1070,2022-12-06,6,Tuesday,2,49,12,December,Q4,2022,2020s,false,false,false,Post-Pandemic Year 2
1071,2022-12-07,7,Wednesday,3,49,12,December,Q4,2022,2020s,false,false,false,Post-Pandemic Year 2
1072,2022-12-08,8,Thursday,4,49,12,December,Q4,2022,2020s,false,false,false,Post-Pandemic Year 2
1073,2022-12-09,9,Friday,5,49,12,December,Q4,2022,2020s,false,false,false,Post-Pandemic Year 2
1074,2022-12-10,10,Saturday,6,49,12,December,Q4,2022,2020s,true,false,false,Post-Pandemic Year 2
1075,2022-12-11,11,Sunday,7,49,12,December,Q4,2022,2020s,true,false,false,Post-Pandemic Year 2
1076,2022-12-12,12,Monday,1,50,12,December,Q4,2022,2020s,false,false,false,Post-Pandemic Year 2
1077,2022-12-13,13,Tuesday,2,50,12,December,Q4,2022,2020s,false,false,false,Post-Pandemic Year 2
1078,2022-12-14,14,Wednesday,3,50,12,December,Q4,2022,2020s,false,false,false,Post-Pandemic Year 2
1079,2022-12-15,15,Thursday,4,50,12,December,Q4,2022,2020s,false,false,false,Post-Pandemic Year 2
1080,2022-12-16,16,Friday,5,50,12,December,Q4,2022,2020s,false,false,false,Post-Pandemic Year 2
1081,2022-12-17,17,Saturday,6,50,12,December,Q4,2022,2020s,true,false,false,Post-Pandemic Year 2
1082,2022-12-18,18,Sunday,7,50,12,December,Q4,2022,2020s,true,false,false,Post-Pandemic Year 2
1083,2022-12-19,19,Monday,1,51,12,December,Q4,2022,2020s,false,false,false,Post-Pandemic Year 2
1084,2022-12-20,20,Tuesday,2,51,12,December,Q4,2022,2020s,false,false,false,Post-Pandemic Year 2
1085,2022-12-21,21,Wednesday,3,51,12,December,Q4,2022,2020s,false,false,false,Post-Pandemic Year 2
1086,2022-12-22,22,Thursday,4,51,12,December,Q4,2022,2020s,false,false,false,Post-Pandemic Year 2
1087,2022-12-23,23,Friday,5,51,12,December,Q4,2022,2020s,false,false,false,Post-Pandemic Year 2
1088,2022-12-24,24,Saturday,6,51,12,December,Q4,2022,2020s,true,false,false,Post-Pandemic Year 2
1089,2022-12-25,25,Sunday,7,51,12,December,Q4,2022,2020s,true,false,false,Post-Pandemic Year 2
1090,2022-12-26,26,Monday,1,52,12,December,Q4,2022,2020s,false,false,false,Post-Pandemic Year 2
1091,2022-12-27,27,Tuesday,2,52,12,December,Q4,2022,2020s,false,false,false,Post-Pandemic Year 2
1092,2022-12-28,28,Wednesday,3,52,12,December,Q4,2022,2020s,false,false,false,Post-Pandemic Year 2
1093,2022-12-29,29,Thursday,4,52,12,December,Q4,2022,2020s,false,false,false,Post-Pandemic Year 2
1094,2022-12-30,30,Friday,5,52,12,December,Q4,2022,2020s,false,false,false,Post-Pandemic Year 2
1095,2022-12-31,31,Saturday,6,52,12,December,Q4,2022,2020s,true,false,false,Post-Pandemic Year 2
