metro_area,total,in_labor_force,civilian_labor_force,civilian_employed,civilian_unemployed,armed_forces,not_in_labor_force,metro_area_id,year
"Big Stone Gap, VA Micro Area",34856,16086,16076,14549,1527,10,18770,13720,2019
"Billings, MT Metro Area",142180,94196,94003,90874,3129,193,47984,13740,2019
"Binghamton, NY Metro Area",200034,116589,116538,109310,7228,51,83445,13780,2019
"Birmingham-Hoover, AL Metro Area",863519,528932,528083,498170,29913,849,334587,13820,2019
"Bismarck, ND Metro Area",101328,71970,71669,70138,1531,301,29358,13900,2019
"Blackfoot, ID Micro Area",33201,20744,20729,19732,997,15,12457,13940,2019
"Blacksburg-Christiansburg, VA Metro Area",143344,81170,80857,77138,3719,313,62174,13980,2019
"Bloomington, IL Metro Area",139526,91719,91627,88705,2922,92,47807,14010,2019
"Bloomington, IN Metro Area",142861,88067,87960,83182,4778,107,54794,14020,2019
"Bloomsburg-Berwick, PA Metro Area",70553,40813,40766,39125,1641,47,29740,14100,2019
"Bluefield, WV-VA Micro Area",89105,42548,42525,39595,2930,23,46557,14140,2019
"Blytheville, AR Micro Area",32523,19129,19129,17365,1764,0,13394,14180,2019
"Bogalusa, LA Micro Area",36677,19289,19268,17372,1896,21,17388,14220,2019
"Boise City, ID Metro Area",551501,357682,356358,340813,15545,1324,193819,14260,2019
"Bonham, TX Micro Area",28041,14551,14551,13998,553,0,13490,14300,2019
"Boone, NC Micro Area",48803,27868,27820,25748,2072,48,20935,14380,2019
"Borger, TX Micro Area",16623,9409,9409,8780,629,0,7214,14420,2019
"Boston-Cambridge-Newton, MA-NH Metro Area",3983774,2757573,2753186,2628020,125166,4387,1226201,14460,2019
"Boulder, CO Metro Area",267744,183623,183557,175849,7708,66,84121,14500,2019
"Bowling Green, KY Metro Area",139645,87595,87457,83133,4324,138,52050,14540,2019
"Bozeman, MT Micro Area",88657,64229,64174,62357,1817,55,24428,14580,2019
"Bradford, PA Micro Area",34282,19391,19378,18207,1171,13,14891,14620,2019
"Brainerd, MN Micro Area",75576,45199,45082,43495,1587,117,30377,14660,2019
"Branson, MO Micro Area",44803,26561,26555,25289,1266,6,18242,14700,2019
"Breckenridge, CO Micro Area",26256,20453,20453,19805,648,0,5803,14720,2019
"Bremerton-Silverdale-Port Orchard, WA Metro Area",217237,135347,120839,115237,5602,14508,81890,14740,2019
"Brenham, TX Micro Area",28602,16428,16428,15501,927,0,12174,14780,2019
"Brevard, NC Micro Area",28892,14944,14944,14055,889,0,13948,14820,2019
"Bridgeport-Stamford-Norwalk, CT Metro Area",755389,510807,510649,477144,33505,158,244582,14860,2019
"Brookhaven, MS Micro Area",27150,14444,14444,13394,1050,0,12706,15020,2019
"Brookings, OR Micro Area",19772,8337,8303,7617,686,34,11435,15060,2019
"Brookings, SD Micro Area",28284,20224,20194,19445,749,30,8060,15100,2019
"Brownsville, TN Micro Area",14128,7865,7861,7328,533,4,6263,15140,2019
"Brownsville-Harlingen, TX Metro Area",307002,171180,171010,161127,9883,170,135822,15180,2019
"Brownwood, TX Micro Area",30638,17090,17082,16369,713,8,13548,15220,2019
"Brunswick, GA Metro Area",94808,54837,54688,51875,2813,149,39971,15260,2019
"Bucyrus-Galion, OH Micro Area",33706,19768,19716,18664,1052,52,13938,15340,2019
"Buffalo-Cheektowaga, NY Metro Area",928277,578840,577981,552432,25549,859,349437,15380,2019
"Burley, ID Micro Area",32385,20374,20349,19688,661,25,12011,15420,2019
"Burlington, IA-IL Micro Area",37244,23589,23575,22339,1236,14,13655,15460,2019
"Burlington, NC Metro Area",130926,82112,82009,77665,4344,103,48814,15500,2019
"Burlington-South Burlington, VT Metro Area",182680,126145,125745,121284,4461,400,56535,15540,2019
"Butte-Silver Bow, MT Micro Area",28582,16836,16810,16043,767,26,11746,15580,2019
"Cadillac, MI Micro Area",38219,21710,21692,20333,1359,18,16509,15620,2019
"Calhoun, GA Micro Area",45071,27183,27166,26262,904,17,17888,15660,2019
"California-Lexington Park, MD Metro Area",88083,58909,57084,55220,1864,1825,29174,15680,2019
"Cambridge, MD Micro Area",26138,16165,16155,14860,1295,10,9973,15700,2019
"Cambridge, OH Micro Area",31460,17809,17773,16732,1041,36,13651,15740,2019
"Camden, AR Micro Area",23325,12497,12497,11598,899,0,10828,15780,2019
"Campbellsville, KY Micro Area",29343,16444,16430,15645,785,14,12899,15820,2019
"Cañon City, CO Micro Area",40764,15191,15160,14327,833,31,25573,15860,2019
"Canton-Massillon, OH Metro Area",323863,201951,201846,190913,10933,105,121912,15940,2019
"Cape Coral-Fort Myers, FL Metro Area",620831,326667,326304,308959,17345,363,294164,15980,2019
"Cheyenne, WY Metro Area",78142,52390,49707,47158,2549,2683,25752,16940,2019
"Chicago-Naperville-Elgin, IL-IN-WI Metro Area",7576763,5064631,5052070,4746153,305917,12561,2512132,16980,2019
"Cape Girardeau, MO-IL Metro Area",78324,47707,47570,45387,2183,137,30617,16020,2019
"Carbondale-Marion, IL Metro Area",113097,62021,61892,57635,4257,129,51076,16060,2019
"Carlsbad-Artesia, NM Micro Area",44220,27782,27693,26438,1255,89,16438,16100,2019
"Carroll, IA Micro Area",15834,10869,10849,10628,221,20,4965,16140,2019
"Carson City, NV Metro Area",44940,27089,27077,25705,1372,12,17851,16180,2019
"Casper, WY Metro Area",63098,43051,42958,41101,1857,93,20047,16220,2019
"Cedar City, UT Micro Area",38258,23699,23679,22635,1044,20,14559,16260,2019
"Cedar Rapids, IA Metro Area",214292,147445,147369,142090,5279,76,66847,16300,2019
"Cedartown, GA Micro Area",32451,19172,19159,18213,946,13,13279,16340,2019
"Celina, OH Micro Area",31612,21661,21650,21099,551,11,9951,16380,2019
"Central City, KY Micro Area",25500,12781,12781,11945,836,0,12719,16420,2019
"Centralia, IL Micro Area",29919,17976,17953,16244,1709,23,11943,16460,2019
"Centralia, WA Micro Area",63433,33872,33793,31386,2407,79,29561,16500,2019
"Chambersburg-Waynesboro, PA Metro Area",123885,78105,78033,74289,3744,72,45780,16540,2019
"Champaign-Urbana, IL Metro Area",187993,117187,117076,111474,5602,111,70806,16580,2019
"Charleston, WV Metro Area",216131,112865,112553,105756,6797,312,103266,16620,2019
"Charleston-Mattoon, IL Micro Area",51738,32068,32055,30390,1665,13,19670,16660,2019
"Charleston-North Charleston, SC Metro Area",622087,405306,396267,379582,16685,9039,216781,16700,2019
"Charlotte-Concord-Gastonia, NC-SC Metro Area",2007226,1344673,1343156,1273691,69465,1517,662553,16740,2019
"Charlottesville, VA Metro Area",178051,111664,110967,107414,3553,697,66387,16820,2019
"Chattanooga, TN-GA Metro Area",452316,274373,273787,260407,13380,586,177943,16860,2019
"Chico, CA Metro Area",185581,104685,104557,96095,8462,128,80896,17020,2019
"Chillicothe, OH Micro Area",62382,33152,33089,31060,2029,63,29230,17060,2019
"Cincinnati, OH-KY-IN Metro Area",1740409,1147192,1146401,1094777,51624,791,593217,17140,2019
"Clarksburg, WV Micro Area",76167,42851,42831,40148,2683,20,33316,17220,2019
"Clarksdale, MS Micro Area",17581,9427,9422,8024,1398,5,8154,17260,2019
"Clarksville, TN-KY Metro Area",227831,146448,125596,117001,8595,20852,81383,17300,2019
"Clearlake, CA Micro Area",52349,26657,26631,24304,2327,26,25692,17340,2019
"Cleveland, MS Micro Area",24856,11725,11703,10739,964,22,13131,17380,2019
"Cleveland, TN Metro Area",99120,59645,59554,56348,3206,91,39475,17420,2019
"Cleveland-Elyria, OH Metro Area",1672816,1062531,1062055,995862,66193,476,610285,17460,2019
"Clewiston, FL Micro Area",30996,19161,19161,17749,1412,0,11835,17500,2019
"Clinton, IA Micro Area",37442,23217,23207,22152,1055,10,14225,17540,2019
"Clovis, NM Micro Area",37924,24036,21632,20253,1379,2404,13888,17580,2019
"Coamo, PR Micro Area",32061,12344,12329,11577,752,15,19717,17620,2019
"Coco, PR Micro Area",22817,8433,8374,7928,446,59,14384,17640,2019
"Coeur d'Alene, ID Metro Area",125159,76378,76339,73191,3148,39,48781,17660,2019
"Coffeyville, KS Micro Area",25588,15262,15262,14494,768,0,10326,17700,2019
"Coldwater, MI Micro Area",34683,19550,19550,18727,823,0,15133,17740,2019
"College Station-Bryan, TX Metro Area",210006,127147,126860,121557,5303,287,82859,17780,2019
"Colorado Springs, CO Metro Area",568409,384493,355703,335015,20688,28790,183916,17820,2019
"Columbia, MO Metro Area",167947,110761,110578,105912,4666,183,57186,17860,2019
"Columbia, SC Metro Area",662568,425462,412991,388474,24517,12471,237106,17900,2019
"Columbus, GA-AL Metro Area",251648,150306,137705,126299,11406,12601,101342,17980,2019
"Cullman, AL Micro Area",66350,36078,36063,34228,1835,15,30272,18980,2019
"Columbus, IN Metro Area",65087,41943,41919,40151,1768,24,23144,18020,2019
"Columbus, MS Micro Area",46829,27731,26534,24392,2142,1197,19098,18060,2019
"Columbus, NE Micro Area",25499,17933,17933,17399,534,0,7566,18100,2019
"Columbus, OH Metro Area",1639687,1108584,1107533,1057861,49672,1051,531103,18140,2019
"Concord, NH Micro Area",124603,82999,82800,79851,2949,199,41604,18180,2019
"Connersville, IN Micro Area",18755,10605,10605,10070,535,0,8150,18220,2019
"Cookeville, TN Micro Area",90736,50934,50843,48154,2689,91,39802,18260,2019
"Coos Bay, OR Micro Area",53312,27272,27073,25028,2045,199,26040,18300,2019
"Cordele, GA Micro Area",17758,10232,10232,9049,1183,0,7526,18380,2019
"Corinth, MS Micro Area",29499,16398,16395,15323,1072,3,13101,18420,2019
"Cornelia, GA Micro Area",35919,19364,19343,18747,596,21,16555,18460,2019
"Corning, NY Micro Area",78030,45744,45724,42836,2888,20,32286,18500,2019
"Corpus Christi, TX Metro Area",333331,206903,205121,193590,11531,1782,126428,18580,2019
"Corsicana, TX Micro Area",37608,22745,22738,21085,1653,7,14863,18620,2019
"Cortland, NY Micro Area",39892,24531,24531,23241,1290,0,15361,18660,2019
"Corvallis, OR Metro Area",78079,46629,46553,44026,2527,76,31450,18700,2019
"Coshocton, OH Micro Area",28823,16859,16803,15877,926,56,11964,18740,2019
"Craig, CO Micro Area",10130,6480,6445,6163,282,35,3650,18780,2019
"Crawfordsville, IN Micro Area",30565,19722,19694,18944,750,28,10843,18820,2019
"Crescent City, CA Micro Area",22152,9774,9766,9015,751,8,12378,18860,2019
"Crestview-Fort Walton Beach-Destin, FL Metro Area",219009,136410,126256,119722,6534,10154,82599,18880,2019
"Crossville, TN Micro Area",49975,23006,22995,21750,1245,11,26969,18900,2019
"Decatur, IN Micro Area",25288,16070,16070,15495,575,0,9218,19540,2019
"Defiance, OH Micro Area",30495,19748,19715,18861,854,33,10747,19580,2019
"Del Rio, TX Micro Area",36626,21961,20289,19297,992,1672,14665,19620,2019
"Deltona-Daytona Beach-Ormond Beach, FL Metro Area",545944,284142,283880,270091,13789,262,261802,19660,2019
"Deming, NM Micro Area",18265,8619,8606,7587,1019,13,9646,19700,2019
"Denver-Aurora-Lakewood, CO Metro Area",2304612,1644691,1640862,1579864,60998,3829,659921,19740,2019
"DeRidder, LA Micro Area",28948,16018,15680,14342,1338,338,12930,19760,2019
"Des Moines-West Des Moines, IA Metro Area",527722,377860,377299,362688,14611,561,149862,19780,2019
"Detroit-Warren-Dearborn, MI Metro Area",3472315,2171320,2169851,2029443,140408,1469,1300995,19820,2019
"Dickinson, ND Micro Area",24489,16896,16896,16461,435,0,7593,19860,2019
"Dixon, IL Micro Area",28404,16001,15998,15438,560,3,12403,19940,2019
"Dodge City, KS Micro Area",24920,17678,17641,16617,1024,37,7242,19980,2019
"Cullowhee, NC Micro Area",47954,26060,26038,24609,1429,22,21894,19000,2019
"Cumberland, MD-WV Metro Area",83013,42892,42837,39887,2950,55,40121,19060,2019
"Dallas-Fort Worth-Arlington, TX Metro Area",5618156,3864777,3859952,3688773,171179,4825,1753379,19100,2019
"Dalton, GA Metro Area",111291,69110,69108,65205,3903,2,42181,19140,2019
"Danville, IL Metro Area",61185,33495,33475,31285,2190,20,27690,19180,2019
"Danville, KY Micro Area",44145,23629,23629,22290,1339,0,20516,19220,2019
"Danville, VA Micro Area",84241,47247,47094,43877,3217,153,36994,19260,2019
"Daphne-Fairhope-Foley, AL Metro Area",172297,99495,99317,95091,4226,178,72802,19300,2019
"Davenport-Moline-Rock Island, IA-IL Metro Area",303411,192260,191929,182981,8948,331,111151,19340,2019
"Dayton, TN Micro Area",25908,14295,14295,13076,1219,0,11613,19420,2019
"Dayton-Kettering, OH Metro Area",648027,404211,400024,376090,23934,4187,243816,19430,2019
"Decatur, AL Metro Area",121706,67880,67818,64348,3470,62,53826,19460,2019
"Decatur, IL Metro Area",84466,50375,50321,46487,3834,54,34091,19500,2019
"Dothan, AL Metro Area",118593,65886,65653,61588,4065,233,52707,20020,2019
"Douglas, GA Micro Area",39962,21157,21131,20152,979,26,18805,20060,2019
"Dover, DE Metro Area",140381,87028,84431,79883,4548,2597,53353,20100,2019
"Dublin, GA Micro Area",50426,25508,25491,23859,1632,17,24918,20140,2019
"DuBois, PA Micro Area",66818,36364,36347,34016,2331,17,30454,20180,2019
"Dubuque, IA Metro Area",77469,52649,52569,50533,2036,80,24820,20220,2019
"Duluth, MN-WI Metro Area",239273,148927,148518,142268,6250,409,90346,20260,2019
"Dumas, TX Micro Area",15303,10431,10426,9903,523,5,4872,20300,2019
"Duncan, OK Micro Area",34693,19607,19564,18281,1283,43,15086,20340,2019
"Durango, CO Micro Area",46079,30586,30582,29339,1243,4,15493,20420,2019
"Durant, OK Micro Area",36767,21063,21063,19896,1167,0,15704,20460,2019
"Durham-Chapel Hill, NC Metro Area",511520,330262,329920,315063,14857,342,181258,20500,2019
"Dyersburg, TN Micro Area",29534,17383,17378,16273,1105,5,12151,20540,2019
"Eagle Pass, TX Micro Area",42051,23957,23935,21733,2202,22,18094,20580,2019
"Easton, MD Micro Area",31146,18390,18349,17732,617,41,12756,20660,2019
"East Stroudsburg, PA Metro Area",139279,86051,85955,80347,5608,96,53228,20700,2019
"Eau Claire, WI Metro Area",136177,91469,91345,88213,3132,124,44708,20740,2019
"Edwards, CO Micro Area",44064,34862,34775,34128,647,87,9202,20780,2019
"Effingham, IL Micro Area",26897,17775,17770,17279,491,5,9122,20820,2019
"El Campo, TX Micro Area",31992,19113,19113,18127,986,0,12879,20900,2019
"El Centro, CA Metro Area",134294,70423,69998,60074,9924,425,63871,20940,2019
"El Dorado, AR Micro Area",30812,16405,16405,15590,815,0,14407,20980,2019
"Elizabeth City, NC Micro Area",42618,24089,23349,21800,1549,740,18529,21020,2019
"Elizabethtown-Fort Knox, KY Metro Area",118849,74095,70304,66294,4010,3791,44754,21060,2019
"Elk City, OK Micro Area",17169,9036,9036,8738,298,0,8133,21120,2019
"Elkhart-Goshen, IN Metro Area",154257,101623,101602,97025,4577,21,52634,21140,2019
"Elkins, WV Micro Area",23994,12010,12010,11292,718,0,11984,21180,2019
"Elko, NV Micro Area",41050,28398,28382,27098,1284,16,12652,21220,2019
"Ellensburg, WA Micro Area",38863,23805,23707,22372,1335,98,15058,21260,2019
"Elmira, NY Metro Area",68786,39591,39553,37333,2220,38,29195,21300,2019
"El Paso, TX Metro Area",636038,394137,376307,353452,22855,17830,241901,21340,2019
"Emporia, KS Micro Area",28707,19521,19490,18441,1049,31,9186,21380,2019
"Enid, OK Metro Area",47877,30792,29687,28230,1457,1105,17085,21420,2019
"Enterprise, AL Micro Area",40755,24317,23241,21907,1334,1076,16438,21460,2019
"Erie, PA Metro Area",221516,134079,133827,126569,7258,252,87437,21500,2019
"Escanaba, MI Micro Area",29763,16426,16408,15578,830,18,13337,21540,2019
"Española, NM Micro Area",31098,15325,15307,14103,1204,18,15773,21580,2019
"Forrest City, AR Micro Area",20618,9148,9102,8542,560,46,11470,22620,2019
"Eufaula, AL-GA Micro Area",22507,10137,10137,9230,907,0,12370,21640,2019
"Eugene-Springfield, OR Metro Area",312236,186619,186417,173561,12856,202,125617,21660,2019
"Eureka-Arcata, CA Micro Area",112435,67323,67283,62030,5253,40,45112,21700,2019
"Evanston, WY Micro Area",15111,9936,9917,9294,623,19,5175,21740,2019
"Evansville, IN-KY Metro Area",252608,159687,159651,152732,6919,36,92921,21780,2019
"Fairbanks, AK Metro Area",77300,55445,48728,45538,3190,6717,21855,21820,2019
"Fairfield, IA Micro Area",15569,9695,9695,9052,643,0,5874,21840,2019
"Fairmont, MN Micro Area",15973,10324,10322,9910,412,2,5649,21860,2019
"Fairmont, WV Micro Area",46287,26344,26314,24737,1577,30,19943,21900,2019
"Fallon, NV Micro Area",19174,11112,10231,9620,611,881,8062,21980,2019
"Fort Morgan, CO Micro Area",21900,14232,14211,13632,579,21,7668,22820,2019
"Fort Payne, AL Micro Area",56091,30888,30858,29639,1219,30,25203,22840,2019
"Fort Polk South, LA Micro Area",38224,23239,17873,16340,1533,5366,14985,22860,2019
"Fort Smith, AR-OK Metro Area",196583,111832,111493,105937,5556,339,84751,22900,2019
"Fargo, ND-MN Metro Area",190598,142540,142035,138192,3843,505,48058,22020,2019
"Faribault-Northfield, MN Micro Area",53338,35498,35472,34116,1356,26,17840,22060,2019
"Farmington, MO Micro Area",54530,28743,28738,27298,1440,5,25787,22100,2019
"Farmington, NM Metro Area",96472,54679,54679,49924,4755,0,41793,22140,2019
"Fayetteville, NC Metro Area",400305,252532,216674,198826,17848,35858,147773,22180,2019
"Fayetteville-Springdale-Rogers, AR Metro Area",397202,257103,256929,247822,9107,174,140099,22220,2019
"Fergus Falls, MN Micro Area",47000,29491,29479,28566,913,12,17509,22260,2019
"Fernley, NV Micro Area",43982,24450,24387,22593,1794,63,19532,22280,2019
"Findlay, OH Micro Area",60861,40461,40396,38927,1469,65,20400,22300,2019
"Fitzgerald, GA Micro Area",13331,6566,6508,6130,378,58,6765,22340,2019
"Flagstaff, AZ Metro Area",115514,72432,72312,66820,5492,120,43082,22380,2019
"Flint, MI Metro Area",326434,190251,190128,172390,17738,123,136183,22420,2019
"Florence, SC Metro Area",163220,94611,94492,87618,6874,119,68609,22500,2019
"Florence-Muscle Shoals, AL Metro Area",120727,66288,66151,63119,3032,137,54439,22520,2019
"Fond du Lac, WI Metro Area",83183,55799,55791,53973,1818,8,27384,22540,2019
"Forest City, NC Micro Area",54469,28955,28912,26817,2095,43,25514,22580,2019
"Fort Leonard Wood, MO Micro Area",42235,29859,18633,17522,1111,11226,12376,22780,2019
"Fort Madison-Keokuk, IA-IL-MO Micro Area",47622,28691,28574,26819,1755,117,18931,22800,2019
"Fort Wayne, IN Metro Area",314023,209832,209673,199626,10047,159,104191,23060,2019
"Frankfort, IN Micro Area",24681,15794,15794,15183,611,0,8887,23140,2019
"Frankfort, KY Micro Area",58988,36829,36807,34992,1815,22,22159,23180,2019
"Fredericksburg, TX Micro Area",21875,12646,12627,12087,540,19,9229,23240,2019
"Freeport, IL Micro Area",36461,22554,22500,20922,1578,54,13907,23300,2019
"Fremont, NE Micro Area",28803,19310,19309,18444,865,1,9493,23340,2019
"Fremont, OH Micro Area",47268,29728,29693,28340,1353,35,17540,23380,2019
"Fresno, CA Metro Area",732804,447145,446387,407511,38876,758,285659,23420,2019
"Gadsden, AL Metro Area",83242,45161,45149,42650,2499,12,38081,23460,2019
"Gaffney, SC Micro Area",45362,24594,24594,23119,1475,0,20768,23500,2019
"Gainesville, FL Metro Area",270907,156523,156377,148148,8229,146,114384,23540,2019
"Gainesville, GA Metro Area",153831,97072,96934,93448,3486,138,56759,23580,2019
"Gainesville, TX Micro Area",31590,20211,20211,19303,908,0,11379,23620,2019
"Galesburg, IL Micro Area",41667,22273,22236,21091,1145,37,19394,23660,2019
"Gallup, NM Micro Area",53804,27598,27597,23730,3867,1,26206,23700,2019
"Garden City, KS Micro Area",29517,21104,21081,20275,806,23,8413,23780,2019
"Gardnerville Ranchos, NV Micro Area",40985,22401,22367,21421,946,34,18584,23820,2019
"Georgetown, SC Micro Area",51961,27076,27012,25080,1932,64,24885,23860,2019
"Gettysburg, PA Metro Area",84043,52918,52865,50873,1992,53,31125,23900,2019
"Gillette, WY Micro Area",46960,32410,32384,31247,1137,26,14550,23940,2019
"Glasgow, KY Micro Area",42720,24046,24037,22516,1521,9,18674,23980,2019
"Glens Falls, NY Metro Area",105523,64033,63935,61127,2808,98,41490,24020,2019
"Glenwood Springs, CO Micro Area",61130,45368,45352,43512,1840,16,15762,24060,2019
"Gloversville, NY Micro Area",43949,25982,25958,24632,1326,24,17967,24100,2019
"Goldsboro, NC Metro Area",97607,58902,55967,52287,3680,2935,38705,24140,2019
"Granbury, TX Micro Area",47445,25800,25784,24812,972,16,21645,24180,2019
"Grand Forks, ND-MN Metro Area",81720,57490,56166,54087,2079,1324,24230,24220,2019
"Grand Island, NE Metro Area",57661,40445,40398,38886,1512,47,17216,24260,2019
"Grand Junction, CO Metro Area",122073,75903,75855,70796,5059,48,46170,24300,2019
"Grand Rapids, MN Micro Area",36888,21005,20989,19911,1078,16,15883,24330,2019
"Grand Rapids-Kentwood, MI Metro Area",834582,564570,564187,540785,23402,383,270012,24340,2019
"Grants, NM Micro Area",21370,10685,10663,9202,1461,22,10685,24380,2019
"Grants Pass, OR Metro Area",71435,35044,35002,31985,3017,42,36391,24420,2019
"Great Bend, KS Micro Area",20859,13809,13809,13276,533,0,7050,24460,2019
"Great Falls, MT Metro Area",64975,40697,38376,36897,1479,2321,24278,24500,2019
"Greeley, CO Metro Area",233287,159185,159017,152572,6445,168,74102,24540,2019
"Green Bay, WI Metro Area",253732,173921,173881,168812,5069,40,79811,24580,2019
"Greeneville, TN Micro Area",57193,29984,29968,28541,1427,16,27209,24620,2019
"Greensboro-High Point, NC Metro Area",613000,380102,379674,358694,20980,428,232898,24660,2019
"Greensburg, IN Micro Area",20941,13773,13773,13247,526,0,7168,24700,2019
"Greenville, MS Micro Area",35361,18897,18863,16375,2488,34,16464,24740,2019
"Greenville, NC Metro Area",144334,91863,91552,84097,7455,311,52471,24780,2019
"Greenville, OH Micro Area",40635,25877,25825,24963,862,52,14758,24820,2019
"Greenville-Anderson, SC Metro Area",717455,445386,444799,423337,21462,587,272069,24860,2019
"Greenwood, MS Micro Area",30302,13866,13848,12764,1084,18,16436,24900,2019
"Greenwood, SC Micro Area",56078,32802,32757,30493,2264,45,23276,24940,2019
"Grenada, MS Micro Area",16756,8893,8893,8317,576,0,7863,24980,2019
"Guayama, PR Metro Area",62156,19817,19801,17471,2330,16,42339,25020,2019
"Gulfport-Biloxi, MS Metro Area",326959,197814,190443,174218,16225,7371,129145,25060,2019
"Guymon, OK Micro Area",15530,11087,11087,10787,300,0,4443,25100,2019
"Hagerstown-Martinsburg, MD-WV Metro Area",227204,140788,140396,132301,8095,392,86416,25180,2019
"Hailey, ID Micro Area",18862,13084,13084,12818,266,0,5778,25200,2019
"Hammond, LA Metro Area",102868,62437,62257,57761,4496,180,40431,25220,2019
"Hanford-Corcoran, CA Metro Area",113805,63270,58904,54408,4496,4366,50535,25260,2019
"Hannibal, MO Micro Area",30830,18877,18877,18007,870,0,11953,25300,2019
"Harrisburg-Carlisle, PA Metro Area",462513,302526,301495,289418,12077,1031,159987,25420,2019
"Harrison, AR Micro Area",35990,19942,19927,19052,875,15,16048,25460,2019
"Harrisonburg, VA Metro Area",110165,67877,67776,65195,2581,101,42288,25500,2019
"Hartford-East Hartford-Middletown, CT Metro Area",994434,656089,655109,618741,36368,980,338345,25540,2019
"Hastings, NE Micro Area",24968,16265,16265,15862,403,0,8703,25580,2019
"Hattiesburg, MS Metro Area",131757,79846,79313,72202,7111,533,51911,25620,2019
"Hays, KS Micro Area",22974,16589,16584,16115,469,5,6385,25700,2019
"Heber, UT Micro Area",55029,39313,39275,38610,665,38,15716,25720,2019
"Helena, MT Micro Area",64529,41749,41573,40238,1335,176,22780,25740,2019
"Helena-West Helena, AR Micro Area",14245,7505,7505,6708,797,0,6740,25760,2019
"Henderson, NC Micro Area",35182,20904,20904,19153,1751,0,14278,25780,2019
"Hereford, TX Micro Area",13442,8786,8786,8450,336,0,4656,25820,2019
"Hermiston-Pendleton, OR Micro Area",68364,40164,40115,37335,2780,49,28200,25840,2019
"Hickory-Lenoir-Morganton, NC Metro Area",300005,178467,178277,166607,11670,190,121538,25860,2019
"Hillsdale, MI Micro Area",36966,20308,20295,19421,874,13,16658,25880,2019
"Hilo, HI Micro Area",161098,94121,93880,88098,5782,241,66977,25900,2019
"Hilton Head Island-Bluffton, SC Metro Area",177763,100432,94326,89289,5037,6106,77331,25940,2019
"Hinesville, GA Metro Area",59580,38711,32120,28794,3326,6591,20869,25980,2019
"Hobbs, NM Micro Area",51389,30848,30832,28876,1956,16,20541,26020,2019
"Holland, MI Micro Area",91234,57422,57393,55812,1581,29,33812,26090,2019
"Homosassa Springs, FL Metro Area",126312,50572,50572,46529,4043,0,75740,26140,2019
"Hood River, OR Micro Area",18267,12369,12369,11921,448,0,5898,26220,2019
"Hope, AR Micro Area",23507,13064,13064,12422,642,0,10443,26260,2019
"Hot Springs, AR Metro Area",81156,43613,43613,41221,2392,0,37543,26300,2019
"Houghton, MI Micro Area",31526,17042,17032,16097,935,10,14484,26340,2019
"Houma-Thibodaux, LA Metro Area",164017,96174,95948,89938,6010,226,67843,26380,2019
"Houston-The Woodlands-Sugar Land, TX Metro Area",5246127,3498642,3495441,3300904,194537,3201,1747485,26420,2019
"Hudson, NY Micro Area",51132,31242,31233,29694,1539,9,19890,26460,2019
"Huntingdon, PA Micro Area",38181,19727,19714,18615,1099,13,18454,26500,2019
"Huntington, IN Micro Area",29405,19129,19118,18586,532,11,10276,26540,2019
"Huntington-Ashland, WV-KY-OH Metro Area",293889,151699,151378,142800,8578,321,142190,26580,2019
"Huntsville, AL Metro Area",367971,230865,229455,217420,12035,1410,137106,26620,2019
"Huntsville, TX Micro Area",62588,27203,27172,26268,904,31,35385,26660,2019
"Huron, SD Micro Area",15524,10145,10122,9978,144,23,5379,26700,2019
"Hutchinson, KS Micro Area",50085,30759,30720,29344,1376,39,19326,26740,2019
"Hutchinson, MN Micro Area",28517,19630,19623,19062,561,7,8887,26780,2019
"Idaho Falls, ID Metro Area",104966,67601,67563,65094,2469,38,37365,26820,2019
"Indiana, PA Micro Area",71448,40079,40057,37420,2637,22,31369,26860,2019
"Indianapolis-Carmel-Anderson, IN Metro Area",1581911,1065342,1063782,1013100,50682,1560,516569,26900,2019
"Indianola, MS Micro Area",20884,9521,9517,8212,1305,4,11363,26940,2019
"Iowa City, IA Metro Area",139092,98871,98829,95436,3393,42,40221,26980,2019
"Iron Mountain, MI-WI Micro Area",24799,13835,13835,13180,655,0,10964,27020,2019
"Ithaca, NY Metro Area",89222,52901,52901,50882,2019,0,36321,27060,2019
"Jackson, MI Metro Area",128515,73068,72929,68695,4234,139,55447,27100,2019
"Jackson, MS Metro Area",470401,289199,288614,267672,20942,585,181202,27140,2019
"Jackson, OH Micro Area",25476,14714,14714,13553,1161,0,10762,27160,2019
"Jackson, TN Metro Area",142110,81424,81221,76806,4415,203,60686,27180,2019
"Jackson, WY-ID Micro Area",28062,20868,20868,20360,508,0,7194,27220,2019
"Jacksonville, FL Metro Area",1202645,768739,752570,710937,41633,16169,433906,27260,2019
"Jacksonville, IL Micro Area",32632,18962,18943,17884,1059,19,13670,27300,2019
"Jacksonville, NC Metro Area",151325,106967,70158,64064,6094,36809,44358,27340,2019
"Jacksonville, TX Micro Area",40263,21592,21592,20251,1341,0,18671,27380,2019
"Jamestown, ND Micro Area",17225,11035,11020,10663,357,15,6190,27420,2019
"Jamestown-Dunkirk-Fredonia, NY Micro Area",105397,59600,59566,55951,3615,34,45797,27460,2019
"Janesville-Beloit, WI Metro Area",128603,84311,84269,79931,4338,42,44292,27500,2019
"Jasper, AL Micro Area",51506,26672,26643,24414,2229,29,24834,27530,2019
"Jasper, IN Micro Area",42982,28895,28849,28179,670,46,14087,27540,2019
"Jayuya, PR Micro Area",11739,3790,3790,3219,571,0,7949,27580,2019
"Jefferson, GA Micro Area",52409,32506,32406,31077,1329,100,19903,27600,2019
"Jefferson City, MO Metro Area",121118,74479,74392,71856,2536,87,46639,27620,2019
"Jennings, LA Micro Area",24322,13385,13377,12292,1085,8,10937,27660,2019
"Jesup, GA Micro Area",23254,11650,11634,10919,715,16,11604,27700,2019
"Johnson City, TN Metro Area",168454,95355,95297,90865,4432,58,73099,27740,2019
"Johnstown, PA Metro Area",110409,60598,60453,56957,3496,145,49811,27780,2019
"Jonesboro, AR Metro Area",102423,63565,63460,59563,3897,105,38858,27860,2019
"Joplin, MO Metro Area",139030,87409,87333,83109,4224,76,51621,27900,2019
"Juneau, AK Micro Area",26030,18351,17950,17132,818,401,7679,27940,2019
"Kahului-Wailuku-Lahaina, HI Metro Area",132991,88797,88430,84899,3531,367,44194,27980,2019
"Aberdeen, SD Micro Area",33971,23429,23396,22863,533,33,10542,10100,2019
"Aberdeen, WA Micro Area",59488,30619,30481,28323,2158,138,28869,10140,2019
"Abilene, TX Metro Area",134483,81030,76909,74286,2623,4121,53453,10180,2019
"Ada, OK Micro Area",30333,18271,18271,17464,807,0,12062,10220,2019
"Adrian, MI Micro Area",80011,46924,46849,44628,2221,75,33087,10300,2019
"Aguadilla-Isabela, PR Metro Area",251282,98427,98244,80162,18082,183,152855,10380,2019
"Akron, OH Metro Area",577303,371313,370940,350827,20113,373,205990,10420,2019
"Alamogordo, NM Micro Area",52420,28036,25251,23336,1915,2785,24384,10460,2019
"Albany, GA Metro Area",116434,68003,67679,60479,7200,324,48431,10500,2019
"Albany-Lebanon, OR Metro Area",100165,58793,58741,54874,3867,52,41372,10540,2019
"Albany-Schenectady-Troy, NY Metro Area",729087,473775,471444,449539,21905,2331,255312,10580,2019
"Albemarle, NC Micro Area",49762,30540,30499,28750,1749,41,19222,10620,2019
"Albert Lea, MN Micro Area",24510,15688,15683,15095,588,5,8822,10660,2019
"Albertville, AL Micro Area",74429,40975,40942,39193,1749,33,33454,10700,2019
"Albuquerque, NM Metro Area",731662,446536,443250,416555,26695,3286,285126,10740,2019
"Alexander City, AL Micro Area",42181,21130,21101,19321,1780,29,21051,10760,2019
"Alexandria, LA Metro Area",120647,66594,65978,61888,4090,616,54053,10780,2019
"Alexandria, MN Micro Area",30306,19895,19890,19398,492,5,10411,10820,2019
"Alice, TX Micro Area",39328,21676,21676,20330,1346,0,17652,10860,2019
"Allentown-Bethlehem-Easton, PA-NJ Metro Area",682523,438377,438085,414129,23956,292,244146,10900,2019
"Alma, MI Micro Area",33788,17352,17352,16358,994,0,16436,10940,2019
"Alpena, MI Micro Area",23864,13506,13474,12665,809,32,10358,10980,2019
"Altoona, PA Metro Area",101131,59393,59341,56808,2533,52,41738,11020,2019
"Altus, OK Micro Area",19243,12323,11124,10561,563,1199,6920,11060,2019
"Amarillo, TX Metro Area",202980,131417,131206,126758,4448,211,71563,11100,2019
"Americus, GA Micro Area",27980,15410,15394,14058,1336,16,12570,11140,2019
"Ames, IA Metro Area",104189,68481,68337,65517,2820,144,35708,11180,2019
"Amsterdam, NY Micro Area",39377,23203,23177,21636,1541,26,16174,11220,2019
"Anchorage, AK Metro Area",309140,214094,205099,191803,13296,8995,95046,11260,2019
"Andrews, TX Micro Area",13071,8484,8484,8167,317,0,4587,11380,2019
"Angola, IN Micro Area",28187,18170,18170,17584,586,0,10017,11420,2019
"Ann Arbor, MI Metro Area",306370,198008,197867,189559,8308,141,108362,11460,2019
"Anniston-Oxford, AL Metro Area",92886,52674,52106,47896,4210,568,40212,11500,2019
"Appleton, WI Metro Area",186084,131519,131463,127990,3473,56,54565,11540,2019
"Arcadia, FL Micro Area",30529,14250,14250,13571,679,0,16279,11580,2019
"Ardmore, OK Micro Area",45328,26578,26578,25180,1398,0,18750,11620,2019
"Arecibo, PR Metro Area",151236,59302,59119,51319,7800,183,91934,11640,2019
"Arkadelphia, AR Micro Area",18643,10799,10790,10575,215,9,7844,11660,2019
"Asheville, NC Metro Area",379153,224403,224089,216756,7333,314,154750,11700,2019
"Ashland, OH Micro Area",42900,26529,26498,25570,928,31,16371,11740,2019
"Ashtabula, OH Micro Area",78853,43452,43452,40462,2990,0,35401,11780,2019
"Astoria, OR Micro Area",32445,19279,18754,17762,992,525,13166,11820,2019
"Atchison, KS Micro Area",12806,8019,8016,7792,224,3,4787,11860,2019
"Athens, OH Micro Area",57409,30355,30305,28134,2171,50,27054,11900,2019
"Athens, TN Micro Area",43216,22723,22701,21334,1367,22,20493,11940,2019
"Athens, TX Micro Area",65945,33945,33914,32219,1695,31,32000,11980,2019
"Baton Rouge, LA Metro Area",675904,426679,426014,400021,25993,665,249225,12940,2019
"Battle Creek, MI Metro Area",107038,64143,64065,60032,4033,78,42895,12980,2019
"Athens-Clarke County, GA Metro Area",170958,104917,104815,99468,5347,102,66041,12020,2019
"Atlanta-Sandy Springs-Alpharetta, GA Metro Area",4584199,3079053,3074809,2915977,158832,4244,1505146,12060,2019
"Atlantic City-Hammonton, NJ Metro Area",215890,139427,139120,127399,11721,307,76463,12100,2019
"Atmore, AL Micro Area",29780,14365,14365,12786,1579,0,15415,12120,2019
"Auburn, IN Micro Area",33693,22333,22333,21541,792,0,11360,12140,2019
"Auburn, NY Micro Area",64074,38351,38305,36570,1735,46,25723,12180,2019
"Auburn-Opelika, AL Metro Area",130253,79457,78849,74770,4079,608,50796,12220,2019
"Augusta-Richmond County, GA-SC Metro Area",476186,282901,272902,253787,19115,9999,193285,12260,2019
"Augusta-Waterville, ME Micro Area",101057,62283,62150,59678,2472,133,38774,12300,2019
"Austin, MN Micro Area",30950,19992,19992,19254,738,0,10958,12380,2019
"Austin-Round Rock-Georgetown, TX Metro Area",1674911,1182941,1181539,1132080,49459,1402,491970,12420,2019
"Bainbridge, GA Micro Area",20862,11086,10883,10317,566,203,9776,12460,2019
"Bakersfield, CA Metro Area",656416,382901,380904,343445,37459,1997,273515,12540,2019
"Baltimore-Columbia-Towson, MD Metro Area",2250483,1505265,1485980,1410244,75736,19285,745218,12580,2019
"Bangor, ME Metro Area",127529,77077,76790,72962,3828,287,50452,12620,2019
"Baraboo, WI Micro Area",51048,35175,35155,34130,1025,20,15873,12660,2019
"Bardstown, KY Micro Area",35888,22729,22680,21654,1026,49,13159,12680,2019
"Barnstable Town, MA Metro Area",185337,110854,110233,105715,4518,621,74483,12700,2019
"Barre, VT Micro Area",48602,32205,32149,31131,1018,56,16397,12740,2019
"Bartlesville, OK Micro Area",40813,23517,23502,22277,1225,15,17296,12780,2019
"Batavia, NY Micro Area",47515,30851,30844,29570,1274,7,16664,12860,2019
"Batesville, AR Micro Area",43352,22918,22918,21859,1059,0,20434,12900,2019
"Bay City, MI Metro Area",85481,50274,50255,47048,3207,19,35207,13020,2019
"Bay City, TX Micro Area",28456,16676,16564,15607,957,112,11780,13060,2019
"Beatrice, NE Micro Area",17230,11445,11445,11059,386,0,5785,13100,2019
"Beaumont-Port Arthur, TX Metro Area",309685,176377,176166,167842,8324,211,133308,13140,2019
"Beaver Dam, WI Micro Area",71794,47190,47179,45274,1905,11,24604,13180,2019
"Beckley, WV Metro Area",96983,47811,47756,43968,3788,55,49172,13220,2019
"Bedford, IN Micro Area",36790,21891,21872,20914,958,19,14899,13260,2019
"Beeville, TX Micro Area",26560,10905,10905,10038,867,0,15655,13300,2019
"Bellefontaine, OH Micro Area",36144,22711,22695,21676,1019,16,13433,13340,2019
"Bellingham, WA Metro Area",182461,113814,113632,107180,6452,182,68647,13380,2019
"Bemidji, MN Micro Area",35787,22726,22707,21064,1643,19,13061,13420,2019
"Bend, OR Metro Area",152562,96326,96288,91092,5196,38,56236,13460,2019
"Bennettsville, SC Micro Area",22006,10464,10407,9161,1246,57,11542,13500,2019
"Bennington, VT Micro Area",29649,18023,18023,17366,657,0,11626,13540,2019
"Berlin, NH Micro Area",27228,15245,15190,14358,832,55,11983,13620,2019
"Big Rapids, MI Micro Area",36233,19980,19980,18616,1364,0,16253,13660,2019
"Big Spring, TX Micro Area",29189,15417,15378,14303,1075,39,13772,13700,2019
"Oshkosh-Neenah, WI Metro Area",139430,90796,90771,87992,2779,25,48634,36780,2019
"Oskaloosa, IA Micro Area",17477,11499,11496,11050,446,3,5978,36820,2019
"Othello, WA Micro Area",13390,8270,8270,7719,551,0,5120,36830,2019
"Ottawa, IL Micro Area",120784,74980,74916,70799,4117,64,45804,36837,2019
"Ottawa, KS Micro Area",20200,13248,13226,12732,494,22,6952,36840,2019
"Ottumwa, IA Micro Area",27993,17397,17397,16377,1020,0,10596,36900,2019
"Owatonna, MN Micro Area",28430,19655,19650,18914,736,5,8775,36940,2019
"Owensboro, KY Metro Area",92366,56443,56389,53427,2962,54,35923,36980,2019
"Oak Harbor, WA Micro Area",69518,40214,34355,32421,1934,5859,29304,36020,2019
"Ocala, FL Metro Area",295412,137479,137318,125900,11418,161,157933,36100,2019
"Ocean City, NJ Metro Area",78754,45904,44891,41841,3050,1013,32850,36140,2019
"Odessa, TX Metro Area",116949,79868,79806,74960,4846,62,37081,36220,2019
"Ogden-Clearfield, UT Metro Area",479299,328262,325592,315169,10423,2670,151037,36260,2019
"Ogdensburg-Massena, NY Micro Area",89297,47317,47227,43722,3505,90,41980,36300,2019
"Oil City, PA Micro Area",43055,24335,24325,22682,1643,10,18720,36340,2019
"Okeechobee, FL Micro Area",33433,16418,16406,15304,1102,12,17015,36380,2019
"Oklahoma City, OK Metro Area",1077695,702177,696064,666130,29934,6113,375518,36420,2019
"Olean, NY Micro Area",61926,35692,35659,33684,1975,33,26234,36460,2019
"Olympia-Lacey-Tumwater, WA Metro Area",226692,141687,137582,128801,8781,4105,85005,36500,2019
"Omaha-Council Bluffs, NE-IA Metro Area",718050,507307,502319,484137,18182,4988,210743,36540,2019
"Oxford, MS Micro Area",44747,26522,26515,24997,1518,7,18225,37060,2019
"Oxnard-Thousand Oaks-Ventura, CA Metro Area",673573,441661,438092,415752,22340,3569,231912,37100,2019
"Ozark, AL Micro Area",39177,22104,19554,17994,1560,2550,17073,37120,2019
"Paducah, KY-IL Micro Area",77798,43722,43669,41797,1872,53,34076,37140,2019
"Pahrump, NV Micro Area",37674,16151,16151,14619,1532,0,21523,37220,2019
"Palatka, FL Micro Area",59191,28344,28332,25868,2464,12,30847,37260,2019
"Palestine, TX Micro Area",47967,19868,19854,19213,641,14,28099,37300,2019
"Palm Bay-Melbourne-Titusville, FL Metro Area",491256,267746,266313,252483,13830,1433,223510,37340,2019
"Pampa, TX Micro Area",17861,9918,9907,9373,534,11,7943,37420,2019
"Panama City, FL Metro Area",147605,90550,87174,82767,4407,3376,57055,37460,2019
"Paragould, AR Micro Area",35266,20313,20311,18761,1550,2,14953,37500,2019
"Paris, TN Micro Area",26428,13320,13248,12623,625,72,13108,37540,2019
"Paris, TX Micro Area",39106,22606,22593,21502,1091,13,16500,37580,2019
"Parkersburg-Vienna, WV Metro Area",73882,39955,39865,38022,1843,90,33927,37620,2019
"Parsons, KS Micro Area",15855,9844,9844,9518,326,0,6011,37660,2019
"Payson, AZ Micro Area",43850,20525,20496,18695,1801,29,23325,37740,2019
"Pearsall, TX Micro Area",15767,7112,7112,6634,478,0,8655,37770,2019
"Pecos, TX Micro Area",12557,6529,6529,5946,583,0,6028,37780,2019
"Pella, IA Micro Area",26321,17293,17293,16911,382,0,9028,37800,2019
"Pensacola-Ferry Pass-Brent, FL Metro Area",395554,237961,225395,212077,13318,12566,157593,37860,2019
"Peoria, IL Metro Area",323357,198019,197750,186107,11643,269,125338,37900,2019
"Peru, IN Micro Area",29110,16153,16088,15293,795,65,12957,37940,2019
"Philadelphia-Camden-Wilmington, PA-NJ-DE-MD Metro Area",4904034,3202220,3194645,3000622,194023,7575,1701814,37980,2019
"Phoenix-Mesa-Chandler, AZ Metro Area",3746344,2353146,2347666,2226016,121650,5480,1393198,38060,2019
"Picayune, MS Micro Area",44257,23674,23674,21710,1964,0,20583,38100,2019
"Pierre, SD Micro Area",16290,11389,11369,11073,296,20,4901,38180,2019
"Pine Bluff, AR Metro Area",73866,35306,35290,32409,2881,16,38560,38220,2019
"Pinehurst-Southern Pines, NC Micro Area",78722,45527,42903,40851,2052,2624,33195,38240,2019
"Pittsburg, KS Micro Area",31401,19518,19487,18488,999,31,11883,38260,2019
"Pittsburgh, PA Metro Area",1940717,1220508,1219415,1160844,58571,1093,720209,38300,2019
"Pittsfield, MA Metro Area",107763,67243,67214,64008,3206,29,40520,38340,2019
"Plainview, TX Micro Area",25606,15073,15073,14355,718,0,10533,38380,2019
"Platteville, WI Micro Area",42220,26854,26847,26132,715,7,15366,38420,2019
"Plattsburgh, NY Micro Area",67584,37438,37406,35759,1647,32,30146,38460,2019
"Plymouth, IN Micro Area",36024,22190,22178,21088,1090,12,13834,38500,2019
"Pocatello, ID Metro Area",71249,43418,43341,40897,2444,77,27831,38540,2019
"Point Pleasant, WV-OH Micro Area",45815,23201,23189,22267,922,12,22614,38580,2019
"Ponca City, OK Micro Area",34615,20183,20170,18828,1342,13,14432,38620,2019
"Ponce, PR Metro Area",185843,75895,75815,62658,13157,80,109948,38660,2019
"Pontiac, IL Micro Area",29369,16835,16835,15981,854,0,12534,38700,2019
"Poplar Bluff, MO Micro Area",44722,24458,24440,22631,1809,18,20264,38740,2019
"Portales, NM Micro Area",14778,8912,8651,7901,750,261,5866,38780,2019
"Port Angeles, WA Micro Area",63886,31419,31059,28673,2386,360,32467,38820,2019
"Portland-South Portland, ME Metro Area",443829,300742,299591,289619,9972,1151,143087,38860,2019
"Portland-Vancouver-Hillsboro, OR-WA Metro Area",1975134,1321327,1319898,1257931,61967,1429,653807,38900,2019
"Port Lavaca, TX Micro Area",16968,10188,10188,9625,563,0,6780,38920,2019
"Port St. Lucie, FL Metro Area",393431,209850,209230,198176,11054,620,183581,38940,2019
"Portsmouth, OH Micro Area",61448,30350,30331,28010,2321,19,31098,39020,2019
"Pottsville, PA Micro Area",117828,66499,66410,62570,3840,89,51329,39060,2019
"Poughkeepsie-Newburgh-Middletown, NY Metro Area",539544,341683,338046,322466,15580,3637,197861,39100,2019
"Prescott Valley-Prescott, AZ Metro Area",194627,93458,93401,88037,5364,57,101169,39150,2019
"Price, UT Micro Area",15615,9339,9331,8679,652,8,6276,39220,2019
"Prineville, OR Micro Area",19119,9858,9858,9177,681,0,9261,39260,2019
"Providence-Warwick, RI-MA Metro Area",1334990,868893,865108,818548,46560,3785,466097,39300,2019
"Provo-Orem, UT Metro Area",429998,297235,296708,285964,10744,527,132763,39340,2019
"Pueblo, CO Metro Area",132663,74374,74120,68559,5561,254,58289,39380,2019
"Pullman, WA Micro Area",42565,25104,25037,23003,2034,67,17461,39420,2019
"Punta Gorda, FL Metro Area",161698,66219,66178,62286,3892,41,95479,39460,2019
"Quincy, IL-MO Micro Area",60806,38678,38678,37049,1629,0,22128,39500,2019
"Racine, WI Metro Area",155456,99105,99022,94772,4250,83,56351,39540,2019
"Raleigh-Cary, NC Metro Area",1045072,722090,721043,690682,30361,1047,322982,39580,2019
"Rapid City, SD Metro Area",109342,73317,71414,68616,2798,1903,36025,39660,2019
"Raymondville, TX Micro Area",16862,8863,8863,7639,1224,0,7999,39700,2019
"Reading, PA Metro Area",335068,218745,218529,205648,12881,216,116323,39740,2019
"Red Bluff, CA Micro Area",50521,26996,26951,24633,2318,45,23525,39780,2019
"Redding, CA Metro Area",144796,78436,78414,74134,4280,22,66360,39820,2019
"Red Wing, MN Micro Area",37144,25087,25078,24227,851,9,12057,39860,2019
"Reno, NV Metro Area",371777,246699,246232,233221,13011,467,125078,39900,2019
"Rexburg, ID Micro Area",39647,25395,25391,23749,1642,4,14252,39940,2019
"Richmond, IN Micro Area",53448,31771,31755,30108,1647,16,21677,39980,2019
"Rockford, IL Metro Area",267283,172063,171968,158497,13471,95,95220,40420,2019
"Rockingham, NC Micro Area",35986,19748,19455,17762,1693,293,16238,40460,2019
"Rockport, TX Micro Area",20564,10606,10606,9814,792,0,9958,40530,2019
"Rock Springs, WY Micro Area",33137,22887,22881,21487,1394,6,10250,40540,2019
"Rocky Mount, NC Metro Area",117935,69834,69816,64885,4931,18,48101,40580,2019
"Rolla, MO Micro Area",36387,20209,20153,19115,1038,56,16178,40620,2019
"Rome, GA Metro Area",77072,44216,44108,41723,2385,108,32856,40660,2019
"Roseburg, OR Micro Area",90820,46432,46369,43291,3078,63,44388,40700,2019
"Roswell, NM Micro Area",50128,28429,28338,26889,1449,91,21699,40740,2019
"Ruidoso, NM Micro Area",16401,7938,7915,7565,350,23,8463,40760,2019
"Russellville, AR Micro Area",67693,38101,38075,35857,2218,26,29592,40780,2019
"Ruston, LA Micro Area",38969,21903,21801,20796,1005,102,17066,40820,2019
"Rutland, VT Micro Area",49787,30872,30827,29858,969,45,18915,40860,2019
"Sacramento-Roseville-Folsom, CA Metro Area",1842661,1137887,1135454,1066944,68510,2433,704774,40900,2019
"Safford, AZ Micro Area",28895,14292,14292,13104,1188,0,14603,40940,2019
"Saginaw, MI Metro Area",155785,88961,88927,82783,6144,34,66824,40980,2019
"Richmond, VA Metro Area",1025999,679904,675240,641274,33966,4664,346095,40060,2019
"Richmond-Berea, KY Micro Area",85333,50777,50727,47514,3213,50,34556,40080,2019
"Rio Grande City-Roma, TX Micro Area",45233,25831,25831,22056,3775,0,19402,40100,2019
"Riverside-San Bernardino-Ontario, CA Metro Area",3513245,2122092,2106490,1947248,159242,15602,1391153,40140,2019
"Riverton, WY Micro Area",30841,19444,19436,18294,1142,8,11397,40180,2019
"Roanoke, VA Metro Area",256454,156345,156112,149052,7060,233,100109,40220,2019
"Roanoke Rapids, NC Micro Area",58267,28741,28732,26644,2088,9,29526,40260,2019
"Rochelle, IL Micro Area",40885,26581,26578,25032,1546,3,14304,40300,2019
"Rochester, MN Metro Area",170446,120219,120164,116529,3635,55,50227,40340,2019
"Rochester, NY Metro Area",876652,554758,554463,526130,28333,295,321894,40380,2019
"St. Cloud, MN Metro Area",156773,112630,112509,107628,4881,121,44143,41060,2019
"St. George, UT Metro Area",126752,71464,71421,68915,2506,43,55288,41100,2019
"St. Joseph, MO-KS Metro Area",101910,60566,60446,57985,2461,120,41344,41140,2019
"St. Louis, MO-IL Metro Area",2251860,1475077,1469943,1397108,72835,5134,776783,41180,2019
"St. Marys, GA Micro Area",41684,27104,23135,21519,1616,3969,14580,41220,2019
"St. Marys, PA Micro Area",25121,16096,16096,15374,722,0,9025,41260,2019
"Salem, OH Micro Area",84499,48595,48579,45391,3188,16,35904,41400,2019
"Salem, OR Metro Area",331127,202882,202640,191127,11513,242,128245,41420,2019
"Salina, KS Micro Area",48025,31637,31502,30495,1007,135,16388,41460,2019
"Salinas, CA Metro Area",331873,202743,197404,187708,9696,5339,129130,41500,2019
"Salisbury, MD-DE Metro Area",335029,192275,191903,181308,10595,372,142754,41540,2019
"Salt Lake City, UT Metro Area",903711,645330,644406,621198,23208,924,258381,41620,2019
"San Angelo, TX Metro Area",94856,61187,58065,55776,2289,3122,33669,41660,2019
"San Antonio-New Braunfels, TX Metro Area",1912022,1222517,1203743,1142172,61571,18774,689505,41700,2019
"San Diego-Chula Vista-Carlsbad, CA Metro Area",2671935,1764675,1690177,1588732,101445,74498,907260,41740,2019
"Sandpoint, ID Micro Area",36036,18948,18946,18299,647,2,17088,41760,2019
"Sandusky, OH Micro Area",61552,37868,37858,35976,1882,10,23684,41780,2019
"Sanford, NC Micro Area",47170,28992,28650,26643,2007,342,18178,41820,2019
"San Francisco-Oakland-Berkeley, CA Metro Area",3869242,2610816,2608110,2490810,117300,2706,1258426,41860,2019
"San Germán, PR Metro Area",105168,37198,37198,31706,5492,0,67970,41900,2019
"San Jose-Sunnyvale-Santa Clara, CA Metro Area",1592951,1076062,1075239,1028441,46798,823,516889,41940,2019
"San Juan-Bayamón-Caguas, PR Metro Area",1747280,837260,836047,703136,132911,1213,910020,41980,2019
"Sayre, PA Micro Area",49125,28153,28146,26863,1283,7,20972,42380,2019
"Scottsbluff, NE Micro Area",29593,19149,19133,18201,932,16,10444,42420,2019
"Scottsboro, AL Micro Area",42222,21460,21453,20352,1101,7,20762,42460,2019
"Scottsburg, IN Micro Area",19074,10700,10671,10135,536,29,8374,42500,2019
"Scranton--Wilkes-Barre, PA Metro Area",458120,278799,278627,264037,14590,172,179321,42540,2019
"Searcy, AR Micro Area",62498,34272,34170,32213,1957,102,28226,42620,2019
"Seattle-Tacoma-Bellevue, WA Metro Area",3125212,2141529,2119175,2025947,93228,22354,983683,42660,2019
"Sebastian-Vero Beach, FL Metro Area",131686,62799,62704,58626,4078,95,68887,42680,2019
"Sebring-Avon Park, FL Metro Area",87692,37078,37078,33555,3523,0,50614,42700,2019
"Sedalia, MO Micro Area",33037,19987,19871,18681,1190,116,13050,42740,2019
"Selinsgrove, PA Micro Area",33042,20700,20679,20143,536,21,12342,42780,2019
"Selma, AL Micro Area",30693,16142,16129,14347,1782,13,14551,42820,2019
"Seneca, SC Micro Area",63576,34019,33978,32106,1872,41,29557,42860,2019
"Seneca Falls, NY Micro Area",28371,15852,15852,15280,572,0,12519,42900,2019
"Sevierville, TN Micro Area",79633,49402,49258,46934,2324,144,30231,42940,2019
"Seymour, IN Micro Area",34443,21633,21633,20694,939,0,12810,42980,2019
"San Luis Obispo-Paso Robles, CA Metro Area",237717,139024,137209,131679,5530,1815,98693,42020,2019
"Santa Cruz-Watsonville, CA Metro Area",226982,144847,144670,136406,8264,177,82135,42100,2019
"Santa Fe, NM Metro Area",125470,73448,73379,70383,2996,69,52022,42140,2019
"Santa Isabel, PR Micro Area",17658,8602,8602,7994,608,0,9056,42180,2019
"Santa Maria-Santa Barbara, CA Metro Area",356516,228476,226585,213438,13147,1891,128040,42200,2019
"Santa Rosa-Petaluma, CA Metro Area",412267,268613,267732,256074,11658,881,143654,42220,2019
"Sault Ste. Marie, MI Micro Area",31624,17152,17043,15523,1520,109,14472,42300,2019
"Savannah, GA Metro Area",306450,201968,197250,183673,13577,4718,104482,42340,2019
"Shawano, WI Micro Area",36411,22303,22298,21534,764,5,14108,43020,2019
"Shawnee, OK Micro Area",57119,32170,32111,30187,1924,59,24949,43060,2019
"Sheboygan, WI Metro Area",92536,61559,61520,59602,1918,39,30977,43100,2019
"Shelby, NC Micro Area",78747,43841,43807,40163,3644,34,34906,43140,2019
"Shelbyville, TN Micro Area",37316,23017,23004,22010,994,13,14299,43180,2019
"Shelton, WA Micro Area",52889,27054,26852,24994,1858,202,25835,43220,2019
"Sheridan, WY Micro Area",24474,15690,15671,15193,478,19,8784,43260,2019
"Sherman-Denison, TX Metro Area",103292,63998,63897,60989,2908,101,39294,43300,2019
"Show Low, AZ Micro Area",82886,38298,38265,33415,4850,33,44588,43320,2019
"Shreveport-Bossier City, LA Metro Area",313314,185231,179544,167976,11568,5687,128083,43340,2019
"Sidney, OH Micro Area",37941,26229,26207,25031,1176,22,11712,43380,2019
"Sierra Vista-Douglas, AZ Metro Area",101327,50158,46720,43760,2960,3438,51169,43420,2019
"Sikeston, MO Micro Area",30405,17600,17517,16745,772,83,12805,43460,2019
"Silver City, NM Micro Area",22639,10896,10874,10098,776,22,11743,43500,2019
"Sioux City, IA-NE-SD Metro Area",109901,76215,76073,73091,2982,142,33686,43580,2019
"Sioux Falls, SD Metro Area",198628,147658,147298,143370,3928,360,50970,43620,2019
"Snyder, TX Micro Area",13222,7169,7169,6880,289,0,6053,43660,2019
"Somerset, KY Micro Area",51641,27835,27835,25852,1983,0,23806,43700,2019
"Somerset, PA Micro Area",62428,33975,33964,32230,1734,11,28453,43740,2019
"Sonora, CA Micro Area",45972,22150,22149,20993,1156,1,23822,43760,2019
"South Bend-Mishawaka, IN-MI Metro Area",255483,160551,160353,152613,7740,198,94932,43780,2019
"Spartanburg, SC Metro Area",244240,150248,150183,141860,8323,65,93992,43900,2019
"Spearfish, SD Micro Area",21501,13904,13844,13484,360,60,7597,43940,2019
"Spencer, IA Micro Area",12959,8467,8467,8111,356,0,4492,43980,2019
"Spirit Lake, IA Micro Area",14285,9387,9387,9204,183,0,4898,44020,2019
"Spokane-Spokane Valley, WA Metro Area",441705,267182,264296,249447,14849,2886,174523,44060,2019
"Springfield, IL Metro Area",167782,106676,106493,100351,6142,183,61106,44100,2019
"Springfield, MA Metro Area",579090,359391,358815,338550,20265,576,219699,44140,2019
"Springfield, MO Metro Area",369733,225246,224921,216369,8552,325,144487,44180,2019
"Springfield, OH Metro Area",108131,65406,65321,60958,4363,85,42725,44220,2019
"Starkville, MS Micro Area",49544,26703,26690,24601,2089,13,22841,44260,2019
"State College, PA Metro Area",140544,80524,80466,77182,3284,58,60020,44300,2019
"Statesboro, GA Micro Area",62429,37345,37285,34290,2995,60,25084,44340,2019
"Staunton, VA Metro Area",100163,60038,59864,57604,2260,174,40125,44420,2019
"Steamboat Springs, CO Micro Area",21075,14975,14927,14464,463,48,6100,44460,2019
"Stephenville, TX Micro Area",34093,20819,20819,20076,743,0,13274,44500,2019
"Sterling, CO Micro Area",18279,11653,11653,11271,382,0,6626,44540,2019
"Sterling, IL Micro Area",45125,27520,27499,26264,1235,21,17605,44580,2019
"Stevens Point, WI Micro Area",58435,39139,39097,37794,1303,42,19296,44620,2019
"Stillwater, OK Micro Area",67604,38656,38488,36902,1586,168,28948,44660,2019
"Stockton, CA Metro Area",562701,339798,339463,313129,26334,335,222903,44700,2019
"Storm Lake, IA Micro Area",15540,10896,10896,10343,553,0,4644,44740,2019
"Sturgis, MI Micro Area",47612,29477,29462,28156,1306,15,18135,44780,2019
"Sulphur Springs, TX Micro Area",28455,17168,17128,16402,726,40,11287,44860,2019
"Summerville, GA Micro Area",19853,9643,9641,9098,543,2,10210,44900,2019
"Sumter, SC Metro Area",112320,63927,61085,55074,6011,2842,48393,44940,2019
"Sunbury, PA Micro Area",75909,43706,43670,41607,2063,36,32203,44980,2019
"Susanville, CA Micro Area",26650,9249,9209,8611,598,40,17401,45000,2019
"Sweetwater, TX Micro Area",11487,6739,6739,6279,460,0,4748,45020,2019
"Syracuse, NY Metro Area",531375,328983,328230,310414,17816,753,202392,45060,2019
"Tahlequah, OK Micro Area",39073,21339,21290,19665,1625,49,17734,45140,2019
"Talladega-Sylacauga, AL Micro Area",65202,34100,34059,31166,2893,41,31102,45180,2019
"Tallahassee, FL Metro Area",317118,196263,195966,182170,13796,297,120855,45220,2019
"Tampa-St. Petersburg-Clearwater, FL Metro Area",2550190,1527285,1520342,1436245,84097,6943,1022905,45300,2019
"Taos, NM Micro Area",27558,15190,15187,13868,1319,3,12368,45340,2019
"Taylorville, IL Micro Area",26863,15210,15201,14704,497,9,11653,45380,2019
"Terre Haute, IN Metro Area",152141,88302,88136,82619,5517,166,63839,45460,2019
"Texarkana, TX-AR Metro Area",118366,63859,63815,59715,4100,44,54507,45500,2019
"The Dalles, OR Micro Area",20877,12383,12372,11819,553,11,8494,45520,2019
"The Villages, FL Metro Area",117026,26297,26240,25261,979,57,90729,45540,2019
"Thomaston, GA Micro Area",20923,10900,10900,10270,630,0,10023,45580,2019
"Thomasville, GA Micro Area",35127,21142,21056,19498,1558,86,13985,45620,2019
"Tiffin, OH Micro Area",44654,28011,28011,26789,1222,0,16643,45660,2019
"Tifton, GA Micro Area",31385,18944,18933,18424,509,11,12441,45700,2019
"Toccoa, GA Micro Area",20850,11455,11455,10507,948,0,9395,45740,2019
"Toledo, OH Metro Area",517051,331493,331043,310516,20527,450,185558,45780,2019
"Topeka, KS Metro Area",183818,117191,116843,112007,4836,348,66627,45820,2019
"Torrington, CT Micro Area",152691,102320,102270,97180,5090,50,50371,45860,2019
"Traverse City, MI Micro Area",123425,75638,75363,71789,3574,275,47787,45900,2019
"Trenton-Princeton, NJ Metro Area",298481,192101,191988,180235,11753,113,106380,45940,2019
"Troy, AL Micro Area",27622,14932,14907,13992,915,25,12690,45980,2019
"Truckee-Grass Valley, CA Micro Area",84376,46329,46192,44059,2133,137,38047,46020,2019
"Tucson, AZ Metro Area",834998,486131,479760,446383,33377,6371,348867,46060,2019
"Tullahoma-Manchester, TN Micro Area",83243,48155,47991,45940,2051,164,35088,46100,2019
"Tulsa, OK Metro Area",772364,493866,493155,466764,26391,711,278498,46140,2019
"Tupelo, MS Micro Area",128924,76210,76086,71857,4229,124,52714,46180,2019
"Tuscaloosa, AL Metro Area",203280,116128,115982,108435,7547,146,87152,46220,2019
"Twin Falls, ID Metro Area",80891,53130,53072,51292,1780,58,27761,46300,2019
"Tyler, TX Metro Area",177448,107802,107668,101856,5812,134,69646,46340,2019
"Ukiah, CA Micro Area",70884,41349,41260,37689,3571,89,29535,46380,2019
"Union, SC Micro Area",22267,12680,12621,11760,861,59,9587,46420,2019
"Union City, TN Micro Area",24464,13643,13593,12851,742,50,10821,46460,2019
"Urbana, OH Micro Area",31345,19395,19387,18419,968,8,11950,46500,2019
"Urban Honolulu, HI Metro Area",797370,531051,490262,470749,19513,40789,266319,46520,2019
"Utica-Rome, NY Metro Area",237430,138304,137843,131071,6772,461,99126,46540,2019
"Uvalde, TX Micro Area",20669,11831,11814,11188,626,17,8838,46620,2019
"Valdosta, GA Metro Area",114202,66631,63361,59240,4121,3270,47571,46660,2019
"Vallejo, CA Metro Area",353910,223788,220169,206978,13191,3619,130122,46700,2019
"Van Wert, OH Micro Area",22433,14221,14221,13664,557,0,8212,46780,2019
"Vermillion, SD Micro Area",11806,8283,8266,7840,426,17,3523,46820,2019
"Vernal, UT Micro Area",25417,16266,16231,14911,1320,35,9151,46860,2019
"Vernon, TX Micro Area",10313,6538,6519,6153,366,19,3775,46900,2019
"Vicksburg, MS Micro Area",36624,20753,20678,19363,1315,75,15871,46980,2019
"Victoria, TX Metro Area",77398,47962,47938,45233,2705,24,29436,47020,2019
"Vidalia, GA Micro Area",28050,15360,15346,14007,1339,14,12690,47080,2019
"Vincennes, IN Micro Area",30139,18998,18998,18220,778,0,11141,47180,2019
"Vineland-Bridgeton, NJ Metro Area",119686,66521,66476,61596,4880,45,53165,47220,2019
"Vineyard Haven, MA Micro Area",14535,9050,9041,8730,311,9,5485,47240,2019
"Virginia Beach-Norfolk-Newport News, VA-NC Metro Area",1414928,944898,862878,814519,48359,82020,470030,47260,2019
"Visalia, CA Metro Area",334664,197822,197528,178687,18841,294,136842,47300,2019
"Wabash, IN Micro Area",25650,15434,15415,14712,703,19,10216,47340,2019
"Waco, TX Metro Area",209758,126048,125818,120521,5297,230,83710,47380,2019
"Wahpeton, ND-MN Micro Area",18159,12018,12004,11661,343,14,6141,47420,2019
"Walla Walla, WA Metro Area",48957,27986,27963,26646,1317,23,20971,47460,2019
"Wapakoneta, OH Micro Area",36050,24158,24157,23435,722,1,11892,47540,2019
"Warner Robins, GA Metro Area",140373,90615,87926,81988,5938,2689,49758,47580,2019
"Warren, PA Micro Area",33022,19137,19132,18266,866,5,13885,47620,2019
"Kingsport-Bristol, TN-VA Metro Area",254173,136282,136149,127982,8167,133,117891,28700,2019
"Kingston, NY Metro Area",150819,92003,91872,87223,4649,131,58816,28740,2019
"Kingsville, TX Micro Area",24828,14875,14261,13065,1196,614,9953,28780,2019
"Kinston, NC Micro Area",45461,25966,25795,22856,2939,171,19495,28820,2019
"Kirksville, MO Micro Area",24697,13293,13257,12542,715,36,11404,28860,2019
"Klamath Falls, OR Micro Area",53969,29047,28682,26347,2335,365,24922,28900,2019
"Knoxville, TN Metro Area",697332,420558,419809,399309,20500,749,276774,28940,2019
"Kalamazoo-Portage, MI Metro Area",211797,141491,141331,133538,7793,160,70306,28020,2019
"Kalispell, MT Micro Area",80383,50102,50098,48363,1735,4,30281,28060,2019
"Kankakee, IL Metro Area",88183,53770,53738,50949,2789,32,34413,28100,2019
"Kansas City, MO-KS Metro Area",1664934,1135846,1131796,1087278,44518,4050,529088,28140,2019
"Kapaa, HI Micro Area",57623,38043,37903,36460,1443,140,19580,28180,2019
"Kearney, NE Micro Area",43860,31640,31607,30759,848,33,12220,28260,2019
"Keene, NH Micro Area",64043,41290,41286,39891,1395,4,22753,28300,2019
"Kendallville, IN Micro Area",36993,23953,23900,22957,943,53,13040,28340,2019
"Kennett, MO Micro Area",23225,12493,12482,11630,852,11,10732,28380,2019
"Kennewick-Richland, WA Metro Area",215424,136402,136183,128872,7311,219,79022,28420,2019
"Kerrville, TX Micro Area",42993,23551,23548,22320,1228,3,19442,28500,2019
"Ketchikan, AK Micro Area",11098,7772,7564,7116,448,208,3326,28540,2019
"Key West, FL Micro Area",65747,42410,41242,40056,1186,1168,23337,28580,2019
"Kill Devil Hills, NC Micro Area",30068,19354,19255,18416,839,99,10714,28620,2019
"Killeen-Temple, TX Metro Area",337734,214896,188463,174114,14349,26433,122838,28660,2019
"Kokomo, IN Metro Area",66053,39150,39084,37078,2006,66,26903,29020,2019
"Laconia, NH Micro Area",51021,32661,32626,31344,1282,35,18360,29060,2019
"La Crosse-Onalaska, WI-MN Metro Area",112175,75369,75282,72779,2503,87,36806,29100,2019
"Lafayette, LA Metro Area",381624,237122,236962,221455,15507,160,144502,29180,2019
"Lafayette-West Lafayette, IN Metro Area",186005,119312,119180,114447,4733,132,66693,29200,2019
"La Grande, OR Micro Area",21221,12492,12459,11726,733,33,8729,29260,2019
"LaGrange, GA-AL Micro Area",81672,47288,47155,44502,2653,133,34384,29300,2019
"Lake Charles, LA Metro Area",162066,98673,98601,93110,5491,72,63393,29340,2019
"Lake City, FL Micro Area",56542,29083,29040,26530,2510,43,27459,29380,2019
"Lake Havasu City-Kingman, AZ Metro Area",175830,79369,79309,72932,6377,60,96461,29420,2019
"Lakeland-Winter Haven, FL Metro Area",550530,303665,303249,285305,17944,416,246865,29460,2019
"Lamesa, TX Micro Area",9947,4764,4764,4489,275,0,5183,29500,2019
"Lancaster, PA Metro Area",427196,282885,282671,272111,10560,214,144311,29540,2019
"Lansing-East Lansing, MI Metro Area",447654,283591,283334,267490,15844,257,164063,29620,2019
"Laramie, WY Micro Area",32724,22381,22341,21328,1013,40,10343,29660,2019
"Laredo, TX Metro Area",192461,115090,115028,109409,5619,62,77371,29700,2019
"Las Cruces, NM Metro Area",168734,96375,95667,88305,7362,708,72359,29740,2019
"Las Vegas, NM Micro Area",27416,12089,12089,11071,1018,0,15327,29780,2019
"Las Vegas-Henderson-Paradise, NV Metro Area",1727250,1109385,1102465,1031774,70691,6920,617865,29820,2019
"Laurel, MS Micro Area",65909,36794,36793,34853,1940,1,29115,29860,2019
"Laurinburg, NC Micro Area",27760,13741,13741,12113,1628,0,14019,29900,2019
"Lawrence, KS Metro Area",100418,71344,71171,68190,2981,173,29074,29940,2019
"Lawrenceburg, TN Micro Area",33761,18290,18281,16807,1474,9,15471,29980,2019
"Lawton, OK Metro Area",100608,63523,54439,50358,4081,9084,37085,30020,2019
"Lebanon, MO Micro Area",27755,16619,16538,15475,1063,81,11136,30060,2019
"Lebanon, NH-VT Micro Area",183587,114565,114498,110764,3734,67,69022,30100,2019
"Lebanon, PA Metro Area",111299,71791,71594,68411,3183,197,39508,30140,2019
"Levelland, TX Micro Area",17628,11004,11000,10174,826,4,6624,30220,2019
"Lewisburg, PA Micro Area",38203,18599,18593,17908,685,6,19604,30260,2019
"Lewisburg, TN Micro Area",26216,15880,15875,14927,948,5,10336,30280,2019
"Lewiston, ID-WA Metro Area",51014,30393,30367,28923,1444,26,20621,30300,2019
"Lewiston-Auburn, ME Metro Area",86746,56822,56789,54573,2216,33,29924,30340,2019
"Lewistown, PA Micro Area",37148,22153,22149,21379,770,4,14995,30380,2019
"Lexington, NE Micro Area",19762,13616,13608,13149,459,8,6146,30420,2019
"Lexington-Fayette, KY Metro Area",410171,272456,272123,258636,13487,333,137715,30460,2019
"Liberal, KS Micro Area",15841,11437,11437,10870,567,0,4404,30580,2019
"Lima, OH Metro Area",82102,51065,51052,48319,2733,13,31037,30620,2019
"Lincoln, IL Micro Area",24117,13168,13164,12426,738,4,10949,30660,2019
"Lincoln, NE Metro Area",262474,187407,186889,180953,5936,518,75067,30700,2019
"Little Rock-North Little Rock-Conway, AR Metro Area",582519,363253,359393,344126,15267,3860,219266,30780,2019
"Lock Haven, PA Micro Area",31915,18950,18944,17883,1061,6,12965,30820,2019
"Logan, UT-ID Metro Area",99842,68472,68439,66735,1704,33,31370,30860,2019
"Logansport, IN Micro Area",30214,18595,18595,17738,857,0,11619,30900,2019
"London, KY Micro Area",117568,56103,55963,52090,3873,140,61465,30940,2019
"Longview, TX Metro Area",222067,128518,128348,121441,6907,170,93549,30980,2019
"Longview, WA Metro Area",85037,47862,47842,44679,3163,20,37175,31020,2019
"Los Alamos, NM Micro Area",14864,10156,10138,9792,346,18,4708,31060,2019
"Los Angeles-Long Beach-Anaheim, CA Metro Area",10672276,6924748,6918625,6522014,396611,6123,3747528,31080,2019
"Louisville/Jefferson County, KY-IN Metro Area",1005538,655549,654640,621852,32788,909,349989,31140,2019
"Lubbock, TX Metro Area",248255,161077,160799,154586,6213,278,87178,31180,2019
"Ludington, MI Micro Area",23723,13435,13417,12825,592,18,10288,31220,2019
"Lufkin, TX Micro Area",67358,39169,39122,36525,2597,47,28189,31260,2019
"Lumberton, NC Micro Area",103205,52202,52099,48621,3478,103,51003,31300,2019
"Lynchburg, VA Metro Area",216185,127835,127684,121892,5792,151,88350,31340,2019
"Macomb, IL Micro Area",25802,14653,14643,13558,1085,10,11149,31380,2019
"Macon-Bibb County, GA Metro Area",182038,102105,101823,94743,7080,282,79933,31420,2019
"Madera, CA Metro Area",117569,63913,63822,58268,5554,91,53656,31460,2019
"Madison, IN Micro Area",26472,14989,14989,14357,632,0,11483,31500,2019
"Madison, WI Metro Area",532567,382317,381526,371617,9909,791,150250,31540,2019
"Madisonville, KY Micro Area",36061,19964,19938,18846,1092,26,16097,31580,2019
"Magnolia, AR Micro Area",19430,10034,10034,8944,1090,0,9396,31620,2019
"Malone, NY Micro Area",41669,20858,20848,19380,1468,10,20811,31660,2019
"Malvern, AR Micro Area",27540,13980,13968,13127,841,12,13560,31680,2019
"Manchester-Nashua, NH Metro Area",338329,237135,236674,227110,9564,461,101194,31700,2019
"Manhattan, KS Metro Area",105579,74519,62756,59591,3165,11763,31060,31740,2019
"Manitowoc, WI Micro Area",64901,41750,41685,40604,1081,65,23151,31820,2019
"Mankato, MN Metro Area",82280,59478,59392,57263,2129,86,22802,31860,2019
"Mansfield, OH Metro Area",97923,55338,55180,52254,2926,158,42585,31900,2019
"Marietta, OH Micro Area",49998,28275,28247,27110,1137,28,21723,31930,2019
"Marinette, WI-MI Micro Area",53198,30965,30949,29587,1362,16,22233,31940,2019
"Marion, IN Micro Area",54276,31343,31332,29082,2250,11,22933,31980,2019
"McAllen-Edinburg-Mission, TX Metro Area",604559,352862,352489,328097,24392,373,251697,32580,2019
"McComb, MS Micro Area",30450,14690,14690,13966,724,0,15760,32620,2019
"McMinnville, TN Micro Area",32208,18169,18148,17231,917,21,14039,32660,2019
"McPherson, KS Micro Area",22965,15177,15125,14832,293,52,7788,32700,2019
"Meadville, PA Micro Area",69856,40619,40548,38398,2150,71,29237,32740,2019
"Medford, OR Metro Area",176884,101463,101344,95367,5977,119,75421,32780,2019
"Memphis, TN-MS-AR Metro Area",1043136,668970,666725,621222,45503,2245,374166,32820,2019
"Menomonie, WI Micro Area",36801,24404,24395,23564,831,9,12397,32860,2019
"Merced, CA Metro Area",199752,119232,119120,104983,14137,112,80520,32900,2019
"Meridian, MS Micro Area",81160,44400,43355,40770,2585,1045,36760,32940,2019
"Marion, NC Micro Area",37089,19844,19831,18707,1124,13,17245,32000,2019
"Marion, OH Micro Area",52912,28550,28517,26631,1886,33,24362,32020,2019
"Marquette, MI Micro Area",55956,32573,32388,30540,1848,185,23383,32100,2019
"Marshall, MN Micro Area",19930,13895,13895,13437,458,0,6035,32140,2019
"Marshall, MO Micro Area",18279,10814,10813,10449,364,1,7465,32180,2019
"Marshalltown, IA Micro Area",30961,19903,19903,18901,1002,0,11058,32260,2019
"Martin, TN Micro Area",27855,15183,15165,14319,846,18,12672,32280,2019
"Martinsville, VA Micro Area",52494,27121,27121,25111,2010,0,25373,32300,2019
"Maryville, MO Micro Area",19264,11410,11402,11072,330,8,7854,32340,2019
"Mason City, IA Micro Area",41106,27200,27173,26070,1103,27,13906,32380,2019
"Mayagüez, PR Metro Area",84289,33612,33526,25386,8140,86,50677,32420,2019
"Mayfield, KY Micro Area",29293,16691,16691,15681,1010,0,12602,32460,2019
"Maysville, KY Micro Area",13664,7660,7639,7255,384,21,6004,32500,2019
"McAlester, OK Micro Area",35431,18704,18622,17434,1188,82,16727,32540,2019
"Mexico, MO Micro Area",20411,11444,11444,10920,524,0,8967,33020,2019
"Miami, OK Micro Area",24513,13634,13634,12855,779,0,10879,33060,2019
"Miami-Fort Lauderdale-Pompano Beach, FL Metro Area",4990746,3142270,3139429,2961090,178339,2841,1848476,33100,2019
"Michigan City-La Porte, IN Metro Area",89052,50768,50758,47646,3112,10,38284,33140,2019
"Middlesborough, KY Micro Area",21730,8409,8409,7569,840,0,13321,33180,2019
"Midland, MI Metro Area",67563,40254,40239,38139,2100,15,27309,33220,2019
"Midland, TX Metro Area",128660,90807,90685,87689,2996,122,37853,33260,2019
"Milledgeville, GA Micro Area",44938,22353,22325,20616,1709,28,22585,33300,2019
"Milwaukee-Waukesha, WI Metro Area",1252002,831994,831447,795714,35733,547,420008,33340,2019
"Minden, LA Micro Area",31540,15469,15364,14567,797,105,16071,33380,2019
"Mineral Wells, TX Micro Area",22579,12702,12702,11763,939,0,9877,33420,2019
"Minneapolis-St. Paul-Bloomington, MN-WI Metro Area",2817590,2027086,2025703,1953430,72273,1383,790504,33460,2019
"Minot, ND Micro Area",60493,44444,40372,39226,1146,4072,16049,33500,2019
"Missoula, MT Metro Area",97367,68285,68171,65170,3001,114,29082,33540,2019
"Mitchell, SD Micro Area",18311,12553,12546,12301,245,7,5758,33580,2019
"Moberly, MO Micro Area",20046,10979,10958,10370,588,21,9067,33620,2019
"Mobile, AL Metro Area",340683,192116,191346,180101,11245,770,148567,33660,2019
"Modesto, CA Metro Area",411851,251150,250975,228175,22800,175,160701,33700,2019
"Monroe, LA Metro Area",159449,86827,86695,81524,5171,132,72622,33740,2019
"Monroe, MI Metro Area",121731,73858,73808,70276,3532,50,47873,33780,2019
"Montgomery, AL Metro Area",296606,176120,173229,163145,10084,2891,120486,33860,2019
"Montrose, CO Micro Area",37725,21262,21262,19988,1274,0,16463,33940,2019
"Morehead City, NC Micro Area",58319,33255,32539,30680,1859,716,25064,33980,2019
"Mount Vernon, OH Micro Area",49017,30008,29966,28638,1328,42,19009,34540,2019
"Mount Vernon-Anacortes, WA Metro Area",101230,60464,59751,56470,3281,713,40766,34580,2019
"Muncie, IN Metro Area",96541,56542,56487,52763,3724,55,39999,34620,2019
"Murray, KY Micro Area",32582,19168,19132,18318,814,36,13414,34660,2019
"Muscatine, IA Micro Area",33417,22221,22221,21555,666,0,11196,34700,2019
"Muskegon, MI Metro Area",137713,81218,81158,75858,5300,60,56495,34740,2019
"Muskogee, OK Micro Area",53611,28310,28290,26517,1773,20,25301,34780,2019
"Myrtle Beach-Conway-North Myrtle Beach, SC-NC Metro Area",391969,212953,212665,200075,12590,288,179016,34820,2019
"Nacogdoches, TX Micro Area",51544,30497,30497,27834,2663,0,21047,34860,2019
"Napa, CA Metro Area",114315,74549,74472,71141,3331,77,39766,34900,2019
"Naples-Marco Island, FL Metro Area",314236,164957,164851,158452,6399,106,149279,34940,2019
"Nashville-Davidson--Murfreesboro--Franklin, TN Metro Area",1483677,1017812,1016347,977021,39326,1465,465865,34980,2019
"Morgan City, LA Micro Area",40082,21145,21084,19256,1828,61,18937,34020,2019
"Morgantown, WV Metro Area",117948,69178,69091,64408,4683,87,48770,34060,2019
"Morristown, TN Metro Area",114399,64003,63963,59984,3979,40,50396,34100,2019
"Moscow, ID Micro Area",32957,21104,21078,20190,888,26,11853,34140,2019
"Moses Lake, WA Micro Area",70039,43435,43344,40662,2682,91,26604,34180,2019
"Moultrie, GA Micro Area",34836,20259,20259,18685,1574,0,14577,34220,2019
"Mountain Home, AR Micro Area",35079,16824,16824,16051,773,0,18255,34260,2019
"Mountain Home, ID Micro Area",20606,12789,10267,9539,728,2522,7817,34300,2019
"Mount Airy, NC Micro Area",58469,32635,32601,31291,1310,34,25834,34340,2019
"Mount Gay-Shamrock, WV Micro Area",27271,11475,11475,9827,1648,0,15796,34350,2019
"Mount Pleasant, MI Micro Area",59838,36417,36412,33830,2582,5,23421,34380,2019
"Mount Pleasant, TX Micro Area",33999,20924,20924,19772,1152,0,13075,34420,2019
"Mount Sterling, KY Micro Area",36783,20049,20038,18977,1061,11,16734,34460,2019
"Mount Vernon, IL Micro Area",30393,17336,17332,16090,1242,4,13057,34500,2019
"Natchez, MS-LA Micro Area",41139,18515,18508,16990,1518,7,22624,35020,2019
"Natchitoches, LA Micro Area",30309,14118,14118,12171,1947,0,16191,35060,2019
"New Bern, NC Metro Area",101555,59212,52687,48920,3767,6525,42343,35100,2019
"Newberry, SC Micro Area",30829,18027,17976,16841,1135,51,12802,35140,2019
"New Castle, IN Micro Area",39551,21023,21014,19851,1163,9,18528,35220,2019
"New Castle, PA Micro Area",71677,42252,42237,39582,2655,15,29425,35260,2019
"New Haven-Milford, CT Metro Area",704968,460033,459712,430091,29621,321,244935,35300,2019
"New Orleans-Metairie, LA Metro Area",1015015,634716,631391,591374,40017,3325,380299,35380,2019
"New Philadelphia-Dover, OH Micro Area",73768,45983,45959,44023,1936,24,27785,35420,2019
"Newport, OR Micro Area",41355,20309,20255,19011,1244,54,21046,35440,2019
"Newport, TN Micro Area",29197,15214,15214,13907,1307,0,13983,35460,2019
"New Ulm, MN Micro Area",20407,13917,13915,13695,220,2,6490,35580,2019
"New York-Newark-Jersey City, NY-NJ-PA Metro Area",15599578,10097577,10090755,9533728,557027,6822,5502001,35620,2019
"Niles, MI Metro Area",124155,76158,76140,71622,4518,18,47997,35660,2019
"Nogales, AZ Micro Area",35419,18694,18587,17163,1424,107,16725,35700,2019
"Norfolk, NE Micro Area",37360,26045,26030,25299,731,15,11315,35740,2019
"North Platte, NE Micro Area",28890,18820,18805,18220,585,15,10070,35820,2019
"North Port-Sarasota-Bradenton, FL Metro Area",687720,350781,350561,332615,17946,220,336939,35840,2019
"North Vernon, IN Micro Area",22048,14328,14291,13854,437,37,7720,35860,2019
"Warrensburg, MO Micro Area",43202,28470,25139,23931,1208,3331,14732,47660,2019
"Warsaw, IN Micro Area",61891,41226,41215,39704,1511,11,20665,47700,2019
"Washington, IN Micro Area",24479,15105,15094,14545,549,11,9374,47780,2019
"Washington, NC Micro Area",38703,20864,20855,19383,1472,9,17839,47820,2019
"Washington-Arlington-Alexandria, DC-VA-MD-WV Metro Area",4924117,3527931,3486436,3323986,162450,41495,1396186,47900,2019
"Washington Court House, OH Micro Area",22646,13532,13523,12744,779,9,9114,47920,2019
"North Wilkesboro, NC Micro Area",55949,31244,31162,29454,1708,82,24705,35900,2019
"Norwalk, OH Micro Area",45821,28774,28742,27505,1237,32,17047,35940,2019
"Norwich-New London, CT Metro Area",221259,148327,141278,132898,8380,7049,72932,35980,2019
"Oneonta, NY Micro Area",51507,29761,29737,28014,1723,24,21746,36580,2019
"Ontario, OR-ID Micro Area",41174,22216,22181,20841,1340,35,18958,36620,2019
"Waterloo-Cedar Falls, IA Metro Area",136594,92265,92182,88562,3620,83,44329,47940,2019
"Watertown, SD Micro Area",26502,18648,18625,18215,410,23,7854,47980,2019
"Watertown-Fort Atkinson, WI Micro Area",68941,47783,47762,46211,1551,21,21158,48020,2019
"Watertown-Fort Drum, NY Metro Area",88137,56102,46107,43241,2866,9995,32035,48060,2019
"Wauchula, FL Micro Area",20760,10380,10380,9752,628,0,10380,48100,2019
"Wausau-Weston, WI Metro Area",131457,88486,88455,85858,2597,31,42971,48140,2019
"Waycross, GA Micro Area",43126,22120,22090,20827,1263,30,21006,48180,2019
"Weatherford, OK Micro Area",22458,14339,14327,13872,455,12,8119,48220,2019
"Weirton-Steubenville, WV-OH Metro Area",98227,54294,54223,50977,3246,71,43933,48260,2019
"Wenatchee, WA Metro Area",92335,57395,57345,55072,2273,50,34940,48300,2019
"West Plains, MO Micro Area",31666,17138,17138,16431,707,0,14528,48460,2019
"West Point, MS Micro Area",15797,7858,7848,7037,811,10,7939,48500,2019
"Wheeling, WV-OH Metro Area",117558,64612,64579,61139,3440,33,52946,48540,2019
"Whitewater, WI Micro Area",83850,55905,55899,53782,2117,6,27945,48580,2019
"Wichita, KS Metro Area",491722,326119,323814,308203,15611,2305,165603,48620,2019
"Wichita Falls, TX Metro Area",120811,74287,67864,64621,3243,6423,46524,48660,2019
"Williamsport, PA Metro Area",93641,56021,55961,53135,2826,60,37620,48700,2019
"Williston, ND Micro Area",26043,19249,19229,18813,416,20,6794,48780,2019
"Willmar, MN Micro Area",33403,22708,22708,21982,726,0,10695,48820,2019
"Wilmington, NC Metro Area",238744,147066,146044,137951,8093,1022,91678,48900,2019
"Wilmington, OH Micro Area",33281,20918,20907,19738,1169,11,12363,48940,2019
"Wilson, NC Micro Area",64647,38764,38655,35593,3062,109,25883,48980,2019
"Winchester, VA-WV Metro Area",110747,69049,68901,66483,2418,148,41698,49020,2019
"Winfield, KS Micro Area",27828,16286,16261,15488,773,25,11542,49060,2019
"Winnemucca, NV Micro Area",12782,8792,8792,8491,301,0,3990,49080,2019
"Winona, MN Micro Area",42667,29676,29597,28528,1069,79,12991,49100,2019
"Winston-Salem, NC Metro Area",535200,322859,322235,304452,17783,624,212341,49180,2019
"Wisconsin Rapids-Marshfield, WI Micro Area",58965,37386,37378,35963,1415,8,21579,49220,2019
"Woodward, OK Micro Area",19273,11758,11758,11157,601,0,7515,49260,2019
"Wooster, OH Micro Area",91002,58108,58097,56091,2006,11,32894,49300,2019
"Worcester, MA-CT Metro Area",767642,507790,507120,481420,25700,670,259852,49340,2019
"Worthington, MN Micro Area",16353,11117,11114,10744,370,3,5236,49380,2019
"Yakima, WA Metro Area",182907,113442,113263,106018,7245,179,69465,49420,2019
"Yankton, SD Micro Area",18458,11872,11850,11449,401,22,6586,49460,2019
"Yauco, PR Metro Area",74322,28015,28005,21699,6306,10,46307,49500,2019
"York-Hanover, PA Metro Area",358518,235326,235079,224825,10254,247,123192,49620,2019
"Youngstown-Warren-Boardman, OH-PA Metro Area",446374,257411,257196,241304,15892,215,188963,49660,2019
"Yuba City, CA Metro Area",131026,76902,74694,68866,5828,2208,54124,49700,2019
"Yuma, AZ Metro Area",161991,88216,84321,75903,8418,3895,73775,49740,2019
"Zanesville, OH Micro Area",68863,40867,40836,38331,2505,31,27996,49780,2019
"Zapata, TX Micro Area",10027,5828,5828,5220,608,0,4199,49820,2019
"Opelousas, LA Micro Area",63407,33356,33261,31300,1961,95,30051,36660,2019
"Orangeburg, SC Micro Area",70596,38601,38592,35030,3562,9,31995,36700,2019
"Orlando-Kissimmee-Sanford, FL Metro Area",2019337,1296560,1295056,1228135,66921,1504,722777,36740,2019
"Fort Dodge, IA Micro Area",29811,17500,17482,16772,710,18,12311,22700,2019
"Fort Collins, CO Metro Area",284223,191618,191399,182498,8901,219,92605,22660,2019
