metro_area,total_workers,car_truck_or_van,drove_alone,carpooled,public_transportation,bus,subway_or_rail,taxi,motorcycle,bicycle,walked,other_means,worked_from_home,other,worked_from_home_extended,metro_area_id,year
"Aberdeen, SD Micro Area",22313,19845,18137,1708,1184,365,159,2,0,0,0,2,0,132,926,10100,2020
"Aberdeen, WA Micro Area",27878,24406,21742,2664,2286,227,151,269,269,0,0,0,0,114,875,10140,2020
"Abilene, TX Metro Area",78892,70902,62386,8516,6386,1095,1035,467,464,0,0,0,3,200,1737,10180,2020
"Ada, OK Micro Area",16840,15773,14185,1588,1266,187,135,126,126,0,0,0,0,27,421,10220,2020
"Adrian, MI Micro Area",43541,39917,36533,3384,2547,471,366,136,124,0,0,0,12,172,1173,10300,2020
"Aguadilla-Isabela, PR Metro Area",78691,72749,65218,7531,5024,1786,721,366,131,50,19,74,92,273,2228,10380,2020
"Akron, OH Metro Area",344203,309068,284695,24373,18750,3193,2430,3650,3593,11,0,34,12,349,5249,10420,2020
"Alamogordo, NM Micro Area",26030,23756,21223,2533,1795,435,303,115,107,0,0,8,0,32,753,10460,2020
"Albany, GA Metro Area",60516,55369,48833,6536,4865,1184,487,561,557,0,0,4,0,96,1086,10500,2020
"Albany-Lebanon, OR Metro Area",55483,49876,44243,5633,4326,788,519,71,51,4,14,2,0,316,1067,10540,2020
"Albany-Schenectady-Troy, NY Metro Area",440700,376617,342326,34291,28529,3838,1924,14719,13771,251,511,65,121,1038,14446,10580,2020
"Albemarle, NC Micro Area",28148,26316,23681,2635,1996,442,197,32,32,0,0,0,0,0,354,10620,2020
"Albert Lea, MN Micro Area",14602,13276,11867,1409,1066,285,58,77,75,2,0,0,0,77,433,10660,2020
"Albertville, AL Micro Area",39287,37406,33782,3624,2503,811,310,177,177,0,0,0,0,2,285,10700,2020
"Albuquerque, NM Metro Area",416188,368051,327861,40190,30229,6168,3793,5614,4791,22,710,29,62,2847,6786,10740,2020
"Alexander City, AL Micro Area",19346,18276,16137,2139,1679,271,189,42,42,0,0,0,0,0,198,10760,2020
"Alexandria, LA Metro Area",62006,55840,50533,5307,4246,565,496,1048,1037,11,0,0,0,59,1607,10780,2020
"Alexandria, MN Micro Area",19196,16914,15872,1042,831,135,76,79,74,0,0,0,5,126,379,10820,2020
"Alice, TX Micro Area",20143,18477,16436,2041,1365,461,215,3,3,0,0,0,0,0,458,10860,2020
"Allentown-Bethlehem-Easton, PA-NJ Metro Area",408156,360684,327777,32907,25306,4719,2882,6403,5737,257,323,42,44,671,9917,10900,2020
"Alma, MI Micro Area",16287,14698,13207,1491,1100,189,202,79,79,0,0,0,0,78,519,10940,2020
"Alpena, MI Micro Area",11903,10739,10001,738,668,55,15,83,83,0,0,0,0,97,244,10980,2020
"Altoona, PA Metro Area",55225,50268,45888,4380,3446,408,526,669,662,0,7,0,0,142,1684,11020,2020
"Altus, OK Micro Area",11411,10698,9368,1330,1039,201,90,2,2,0,0,0,0,27,179,11060,2020
"Amarillo, TX Metro Area",124068,115718,102166,13552,9829,2234,1489,328,328,0,0,0,0,247,2032,11100,2020
"Americus, GA Micro Area",14372,13475,11600,1875,1433,273,169,0,0,0,0,0,0,1,210,11140,2020
"Ames, IA Metro Area",64136,52039,47316,4723,3918,506,299,2807,2807,0,0,0,0,1053,3653,11180,2020
"Amsterdam, NY Micro Area",21836,18968,17202,1766,1478,208,80,71,53,18,0,0,0,61,814,11220,2020
"Anchorage, AK Metro Area",194009,167790,144736,23054,17685,2951,2418,2615,2592,2,0,0,21,1736,4808,11260,2020
"Andrews, TX Micro Area",8574,8138,6952,1186,634,68,484,4,4,0,0,0,0,0,36,11380,2020
"Angola, IN Micro Area",16790,15392,13591,1801,1414,200,187,24,24,0,0,0,0,85,520,11420,2020
"Ann Arbor, MI Metro Area",184500,141492,128343,13149,10447,1711,991,8642,8455,143,4,40,0,2717,13652,11460,2020
"Anniston-Oxford, AL Metro Area",47349,44995,40053,4942,3832,481,629,289,246,0,0,43,0,0,576,11500,2020
"Appleton, WI Metro Area",126593,114816,106821,7995,5992,1273,730,522,517,0,0,0,5,362,2865,11540,2020
"Arcadia, FL Micro Area",13151,11543,9021,2522,1434,622,466,170,170,0,0,0,0,54,362,11580,2020
"Ardmore, OK Micro Area",24732,23134,20350,2784,2311,399,74,71,71,0,0,0,0,23,365,11620,2020
"Arecibo, PR Metro Area",50662,47940,45794,2146,1584,323,239,231,143,0,0,71,17,5,815,11640,2020
"Arkadelphia, AR Micro Area",10127,9087,7783,1304,784,333,187,47,47,0,0,0,0,9,541,11660,2020
"Asheville, NC Metro Area",216891,188444,171251,17193,12827,2963,1403,1068,951,17,0,16,84,473,4233,11700,2020
"Ashland, OH Micro Area",25399,22639,20895,1744,1432,245,67,70,70,0,0,0,0,138,1053,11740,2020
"Ashtabula, OH Micro Area",39579,36925,33419,3506,2663,383,460,76,76,0,0,0,0,4,791,11780,2020
"Astoria, OR Micro Area",18032,14764,13111,1653,1318,207,128,186,186,0,0,0,0,203,1511,11820,2020
"Atchison, KS Micro Area",7704,6839,6306,533,449,72,12,3,3,0,0,0,0,0,453,11860,2020
"Athens, OH Micro Area",28372,22128,20262,1866,1646,108,112,289,269,0,0,0,20,316,3798,11900,2020
"Athens, TN Micro Area",21856,20600,18817,1783,1137,479,167,48,21,0,0,0,27,0,221,11940,2020
"Athens, TX Micro Area",31452,28806,25501,3305,2734,444,127,148,16,0,0,132,0,0,491,11980,2020
"Athens-Clarke County, GA Metro Area",98781,83627,75181,8446,6278,1561,607,2038,2025,13,0,0,0,762,3571,12020,2020
"Atlanta-Sandy Springs-Alpharetta, GA Metro Area",2896704,2436522,2177215,259307,191036,41511,26760,80649,52161,23762,3160,1208,358,5454,36505,12060,2020
"Atlantic City-Hammonton, NJ Metro Area",122536,104046,93444,10602,8230,1199,1173,5498,5052,70,200,152,24,498,4536,12100,2020
"Atmore, AL Micro Area",12374,12146,11296,850,604,140,106,41,41,0,0,0,0,12,68,12120,2020
"Auburn, IN Micro Area",21261,20258,18264,1994,1567,312,115,5,5,0,0,0,0,42,166,12140,2020
"Auburn, NY Micro Area",34920,31212,29098,2114,1868,149,97,253,246,5,0,2,0,33,1360,12180,2020
"Auburn-Opelika, AL Metro Area",74480,68155,61846,6309,5034,918,357,466,452,0,0,0,14,215,1708,12220,2020
"Augusta-Richmond County, GA-SC Metro Area",264277,241600,218260,23340,17783,3356,2201,1929,1818,0,43,0,68,367,3717,12260,2020
"Augusta-Waterville, ME Micro Area",59308,52467,46586,5881,4665,504,712,54,46,0,0,0,8,29,2207,12300,2020
"Austin, MN Micro Area",18770,16918,14715,2203,1184,528,491,332,332,0,0,0,0,85,591,12380,2020
"Austin-Round Rock-Georgetown, TX Metro Area",1148177,941059,839586,101473,77091,14716,9666,19572,17553,606,1138,187,88,7899,21988,12420,2020
"Bainbridge, GA Micro Area",10233,9775,8353,1422,1224,152,46,6,6,0,0,0,0,2,51,12460,2020
"Bakersfield, CA Metro Area",339931,313924,272448,41476,27026,7292,7158,2266,2146,41,45,0,34,925,3680,12540,2020
"Baltimore-Columbia-Towson, MD Metro Area",1405089,1159966,1049436,110530,86771,13844,9915,80190,54190,12041,12302,1294,363,3682,33372,12580,2020
"Bangor, ME Metro Area",72067,63618,57245,6373,5043,832,498,302,292,10,0,0,0,191,2511,12620,2020
"Baraboo, WI Micro Area",33730,30430,27641,2789,2060,478,251,37,31,0,0,4,2,107,1123,12660,2020
"Bardstown, KY Micro Area",21675,20122,18439,1683,1245,280,158,0,0,0,0,0,0,0,245,12680,2020
"Barnstable Town, MA Metro Area",103882,88831,80962,7869,6573,950,346,1316,711,170,79,27,329,473,2382,12700,2020
"Barre, VT Micro Area",30879,25325,22635,2690,2189,385,116,330,277,50,0,0,3,113,1750,12740,2020
"Bartlesville, OK Micro Area",22149,20494,17948,2546,2013,374,159,16,16,0,0,0,0,71,362,12780,2020
"Batavia, NY Micro Area",28502,25884,23464,2420,1803,416,201,45,17,16,6,0,6,107,1257,12860,2020
"Batesville, AR Micro Area",22095,20759,18369,2390,1861,378,151,38,38,0,0,0,0,37,295,12900,2020
"Baton Rouge, LA Metro Area",392376,363566,330452,33114,24187,5257,3670,2871,2771,34,0,39,27,1225,5937,12940,2020
"Battle Creek, MI Metro Area",58308,52759,47612,5147,4109,670,368,630,602,6,0,0,22,250,1699,12980,2020
"Bay City, MI Metro Area",45862,41840,38835,3005,2327,346,332,254,254,0,0,0,0,405,759,13020,2020
"Bay City, TX Micro Area",15262,14317,13011,1306,1009,255,42,23,23,0,0,0,0,99,111,13060,2020
"Beatrice, NE Micro Area",10690,9604,8762,842,609,177,56,11,11,0,0,0,0,19,414,13100,2020
"Beaumont-Port Arthur, TX Metro Area",163042,155982,142846,13136,9746,1944,1446,748,698,14,0,36,0,84,1232,13140,2020
"Beaver Dam, WI Micro Area",45317,40960,37409,3551,2908,428,215,36,30,0,0,0,6,57,1592,13180,2020
"Beckley, WV Metro Area",43126,39665,35474,4191,3595,324,272,60,60,0,0,0,0,20,1054,13220,2020
"Bedford, IN Micro Area",20820,19313,17488,1825,1564,68,193,16,16,0,0,0,0,0,397,13260,2020
"Beeville, TX Micro Area",9939,9256,8518,738,590,62,86,0,0,0,0,0,0,19,103,13300,2020
"Bellefontaine, OH Micro Area",20643,19070,17385,1685,1313,216,156,63,63,0,0,0,0,48,489,13340,2020
"Bellingham, WA Metro Area",107224,89878,81084,8794,6771,912,1111,2524,2459,28,6,0,31,2330,4012,13380,2020
"Bemidji, MN Micro Area",21098,18107,15796,2311,1798,376,137,374,360,0,0,0,14,62,892,13420,2020
"Bend, OR Metro Area",92518,75425,66902,8523,6869,969,685,477,462,0,15,0,0,1751,1881,13460,2020
"Bennettsville, SC Micro Area",8543,8255,7417,838,606,124,108,14,14,0,0,0,0,13,13,13500,2020
"Bennington, VT Micro Area",16613,13481,12437,1044,833,145,66,67,47,13,7,0,0,21,790,13540,2020
"Berlin, NH Micro Area",14072,12255,10865,1390,1196,76,118,44,14,11,0,0,19,14,281,13620,2020
"Big Rapids, MI Micro Area",17891,15824,14145,1679,1242,249,188,61,61,0,0,0,0,1,839,13660,2020
"Big Spring, TX Micro Area",14070,13335,11318,2017,1364,536,117,14,14,0,0,0,0,8,202,13700,2020
"Big Stone Gap, VA Micro Area",14131,13182,12011,1171,719,219,233,155,155,0,0,0,0,0,276,13720,2020
"Billings, MT Metro Area",90126,80759,73029,7730,5869,875,986,787,766,0,0,0,21,418,2383,13740,2020
"Binghamton, NY Metro Area",103298,91415,82484,8931,7073,1037,821,2571,2362,182,17,0,10,371,3464,13780,2020
"Birmingham-Hoover, AL Metro Area",491470,452173,410154,42019,32842,5313,3864,2518,2417,11,8,82,0,503,5544,13820,2020
"Bismarck, ND Metro Area",68046,62994,56987,6007,4127,955,925,115,111,0,0,0,4,147,881,13900,2020
"Blackfoot, ID Micro Area",19650,17669,14982,2687,1820,427,440,524,524,0,0,0,0,5,253,13940,2020
"Blacksburg-Christiansburg, VA Metro Area",75220,65478,59777,5701,4266,999,436,1502,1423,21,0,0,58,519,3502,13980,2020
"Bloomington, IL Metro Area",85155,73866,67550,6316,5457,581,278,959,899,12,11,0,37,388,3616,14010,2020
"Bloomington, IN Metro Area",80927,66376,58572,7804,5823,1205,776,2063,2047,14,2,0,0,1000,4934,14020,2020
"Bloomsburg-Berwick, PA Metro Area",39166,34849,32065,2784,2237,316,231,121,118,0,0,0,3,58,1368,14100,2020
"Bluefield, WV-VA Micro Area",38471,36421,33334,3087,2397,414,276,72,66,6,0,0,0,1,600,14140,2020
"Bluffton, IN Micro Area",14038,13191,12273,918,767,103,48,62,33,8,0,0,21,37,110,14160,2020
"Blytheville, AR Micro Area",17257,16815,14599,2216,1627,474,115,42,34,8,0,0,0,0,90,14180,2020
"Bogalusa, LA Micro Area",16776,15509,13317,2192,1908,180,104,28,28,0,0,0,0,0,186,14220,2020
"Boise City, ID Metro Area",354479,306257,276754,29503,21951,4424,3128,975,892,13,38,8,24,4296,6675,14260,2020
"Bonham, TX Micro Area",14251,12482,11118,1364,1054,244,66,3,3,0,0,0,0,3,283,14300,2020
"Boone, NC Micro Area",25929,21757,19392,2365,1818,456,91,389,389,0,0,0,0,53,1457,14380,2020
"Borger, TX Micro Area",9226,8765,7399,1366,866,314,186,43,43,0,0,0,0,20,113,14420,2020
"Boston-Cambridge-Newton, MA-NH Metro Area",2579522,1840379,1661855,178524,137352,24091,17081,316460,95362,159316,53216,5491,3075,25590,135902,14460,2020
"Boulder, CO Metro Area",172227,119966,107901,12065,9211,1626,1228,8193,7924,26,0,141,102,6848,7925,14500,2020
"Bowling Green, KY Metro Area",81571,74607,65394,9213,6959,1313,941,158,158,0,0,0,0,89,2402,14540,2020
"Bozeman, MT Micro Area",62786,50410,45131,5279,3839,754,686,283,278,0,0,0,5,1366,3473,14580,2020
"Bradford, PA Micro Area",17383,15859,13846,2013,1621,270,122,79,79,0,0,0,0,10,662,14620,2020
"Brainerd, MN Micro Area",42789,37707,33748,3959,3073,473,413,148,129,3,3,1,12,193,1061,14660,2020
"Branson, MO Micro Area",25163,22609,19327,3282,2580,581,121,55,49,0,0,0,6,0,334,14700,2020
"Breckenridge, CO Micro Area",18793,13552,12513,1039,814,225,0,1433,1433,0,0,0,0,224,1156,14720,2020
"Bremerton-Silverdale-Port Orchard, WA Metro Area",128516,97434,87516,9918,7566,1529,823,10681,3588,57,43,8,6985,628,7028,14740,2020
"Brenham, TX Micro Area",15617,14120,12507,1613,1285,268,60,0,0,0,0,0,0,13,348,14780,2020
"Brevard, NC Micro Area",13617,12050,11017,1033,852,96,85,27,27,0,0,0,0,91,314,14820,2020
"Bridgeport-Stamford-Norwalk, CT Metro Area",468102,363747,325114,38633,29312,5690,3631,43414,9311,1798,31898,272,135,626,11729,14860,2020
"Brookhaven, MS Micro Area",12910,12236,11700,536,389,94,53,42,9,0,0,0,33,0,136,15020,2020
"Brookings, OR Micro Area",7715,6327,5677,650,483,68,99,12,3,9,0,0,0,51,162,15060,2020
"Brookings, SD Micro Area",18837,16158,14422,1736,1285,287,164,35,35,0,0,0,0,145,806,15100,2020
"Brownsville, TN Micro Area",7534,7110,6609,501,457,28,16,0,0,0,0,0,0,9,98,15140,2020
"Brownsville-Harlingen, TX Metro Area",162126,147575,133812,13763,9799,2647,1317,957,957,0,0,0,0,329,2640,15180,2020
"Brownwood, TX Micro Area",16509,15354,13598,1756,1473,213,70,48,48,0,0,0,0,83,290,15220,2020
"Brunswick, GA Metro Area",50965,46664,41596,5068,3778,767,523,230,197,33,0,0,0,206,529,15260,2020
"Bucyrus-Galion, OH Micro Area",18505,17249,15972,1277,1143,61,73,49,38,0,11,0,0,39,322,15340,2020
"Buffalo-Cheektowaga, NY Metro Area",536246,471580,432336,39244,31786,4442,3016,15427,14230,852,125,166,54,1943,13593,15380,2020
"Burley, ID Micro Area",19380,17961,16055,1906,1637,107,162,54,54,0,0,0,0,31,415,15420,2020
"Burlington, IA-IL Micro Area",21583,19769,18124,1645,1211,245,189,117,97,5,15,0,0,26,478,15460,2020
"Burlington, NC Metro Area",76584,71786,66012,5774,4317,740,717,130,130,0,0,0,0,67,760,15500,2020
"Burlington-South Burlington, VT Metro Area",118548,95886,86064,9822,7810,1406,606,2548,2477,60,11,0,0,1990,7013,15540,2020
"Butte-Silver Bow, MT Micro Area",15973,14461,12854,1607,1009,195,403,145,145,0,0,0,0,21,520,15580,2020
"Cadillac, MI Micro Area",20358,18520,16005,2515,1957,393,165,74,61,0,0,0,13,143,584,15620,2020
"Calhoun, GA Micro Area",26050,23811,20744,3067,1925,694,448,32,32,0,0,0,0,87,250,15660,2020
"California-Lexington Park, MD Metro Area",56674,50034,45311,4723,3340,803,580,863,734,74,55,0,0,218,1112,15680,2020
"Cambridge, MD Micro Area",14310,12978,11243,1735,1392,268,75,94,77,8,9,0,0,0,296,15700,2020
"Cambridge, OH Micro Area",16628,15418,14016,1402,908,359,135,36,36,0,0,0,0,18,283,15740,2020
"Camden, AR Micro Area",10828,10310,9609,701,499,124,78,5,5,0,0,0,0,0,148,15780,2020
"Campbellsville, KY Micro Area",15073,13633,12257,1376,1248,77,51,66,66,0,0,0,0,0,347,15820,2020
"Cañon City, CO Micro Area",14572,12963,11535,1428,1112,148,168,12,12,0,0,0,0,68,195,15860,2020
"Canton-Massillon, OH Metro Area",185588,167448,155006,12442,9646,1508,1288,1894,1853,0,19,5,17,258,2974,15940,2020
"Cape Coral-Fort Myers, FL Metro Area",316659,277605,246433,31172,22494,4072,4606,2082,1913,17,6,59,87,2406,3640,15980,2020
"Cape Girardeau, MO-IL Metro Area",44504,40862,35674,5188,4104,692,392,164,164,0,0,0,0,33,757,16020,2020
"Carbondale-Marion, IL Metro Area",56388,50192,45713,4479,3487,717,275,536,500,0,36,0,0,301,1712,16060,2020
"Carlsbad-Artesia, NM Micro Area",26132,24695,22081,2614,1688,497,429,215,215,0,0,0,0,14,148,16100,2020
"Carroll, IA Micro Area",10537,9574,8864,710,546,120,44,13,13,0,0,0,0,42,245,16140,2020
"Carson City, NV Metro Area",25337,23030,20110,2920,2257,350,313,180,180,0,0,0,0,74,422,16180,2020
"Casper, WY Metro Area",40937,37393,33960,3433,2298,744,391,158,158,0,0,0,0,65,624,16220,2020
"Cedar City, UT Micro Area",23152,20444,17650,2794,2251,258,285,50,50,0,0,0,0,21,628,16260,2020
"Cedar Rapids, IA Metro Area",140741,126312,115863,10449,7914,1573,962,471,448,0,0,11,12,495,2751,16300,2020
"Cedartown, GA Micro Area",18340,17049,15133,1916,1095,477,344,127,106,0,0,0,21,0,442,16340,2020
"Celina, OH Micro Area",21069,20187,18701,1486,1117,217,152,30,19,0,11,0,0,23,295,16380,2020
"Central City, KY Micro Area",11612,11234,10172,1062,820,154,88,3,3,0,0,0,0,0,67,16420,2020
"Centralia, IL Micro Area",15885,14930,13493,1437,1159,212,66,27,21,0,6,0,0,13,234,16460,2020
"Centralia, WA Micro Area",31684,28094,24607,3487,2389,455,643,359,249,51,14,0,45,42,1285,16500,2020
"Chambersburg-Waynesboro, PA Metro Area",72958,65759,58824,6935,5223,631,1081,191,191,0,0,0,0,83,1972,16540,2020
"Champaign-Urbana, IL Metro Area",109058,86120,77611,8509,6519,1204,786,5438,5381,42,3,12,0,2229,7766,16580,2020
"Charleston, WV Metro Area",103504,93069,85073,7996,6389,1072,535,1842,1817,0,0,0,25,89,3057,16620,2020
"Charleston-Mattoon, IL Micro Area",29934,26079,22974,3105,2406,516,183,133,109,0,24,0,0,209,1472,16660,2020
"Charleston-North Charleston, SC Metro Area",389404,344738,315078,29660,22849,4742,2069,3053,2677,42,181,47,106,2195,7800,16700,2020
"Charlotte-Concord-Gastonia, NC-SC Metro Area",1275938,1104919,990578,114341,87128,15870,11343,18286,13013,2140,679,2369,85,1057,17526,16740,2020
"Charlottesville, VA Metro Area",106159,84635,74433,10202,8628,1122,452,2868,2727,60,32,0,49,1047,4804,16820,2020
"Chattanooga, TN-GA Metro Area",259575,234561,210357,24204,19605,2930,1669,1776,1716,6,13,37,4,332,4219,16860,2020
"Cheyenne, WY Metro Area",49267,45232,40013,5219,4183,676,360,88,43,0,0,45,0,131,783,16940,2020
"Chicago-Naperville-Elgin, IL-IN-WI Metro Area",4654790,3540282,3181409,358873,270484,53612,34777,525889,191064,191224,138986,4168,447,29378,132698,16980,2020
"Cincinnati, OH-KY-IN Metro Area",1082079,958316,872461,85855,67875,11783,6197,17363,17057,163,17,66,60,1647,20514,17140,2020
"Clarksburg, WV Micro Area",39738,36589,33497,3092,2557,411,124,167,160,0,7,0,0,94,908,17220,2020
"Clarksdale, MS Micro Area",7485,6794,5932,862,697,114,51,46,46,0,0,0,0,0,355,17260,2020
"Clarksville, TN-KY Metro Area",138767,127603,116028,11575,8690,1711,1174,854,821,33,0,0,0,116,3854,17300,2020
"Clearlake, CA Micro Area",23014,18598,16021,2577,2008,184,385,160,158,2,0,0,0,21,577,17340,2020
"Cleveland, MS Micro Area",10494,9845,8835,1010,682,137,191,0,0,0,0,0,0,0,278,17380,2020
"Cleveland, TN Metro Area",55865,52324,46454,5870,4624,856,390,74,74,0,0,0,0,104,896,17420,2020
"Cleveland-Elyria, OH Metro Area",977536,852230,779438,72792,56516,9207,7069,27200,24246,1698,446,694,116,2640,20760,17460,2020
"Clewiston, FL Micro Area",18344,15354,11209,4145,1494,1469,1182,566,566,0,0,0,0,169,756,17500,2020
"Clinton, IA Micro Area",21146,19110,17256,1854,1479,234,141,51,51,0,0,0,0,11,478,17540,2020
"Clovis, NM Micro Area",22171,20952,18282,2670,2037,426,207,35,35,0,0,0,0,78,481,17580,2020
"Coamo, PR Micro Area",10583,9794,9654,140,82,28,30,9,0,0,0,9,0,0,465,17620,2020
"Coco, PR Micro Area",7760,7324,7106,218,153,16,49,12,0,0,0,12,0,22,117,17640,2020
"Coeur d'Alene, ID Metro Area",73715,65423,58717,6706,5132,1093,481,220,204,0,0,0,16,343,1094,17660,2020
"Coffeyville, KS Micro Area",13854,12854,11351,1503,1219,108,176,0,0,0,0,0,0,20,379,17700,2020
"Coldwater, MI Micro Area",18025,16742,14768,1974,1496,284,194,37,30,0,7,0,0,58,304,17740,2020
"College Station-Bryan, TX Metro Area",121643,107972,96211,11761,8781,1878,1102,1671,1656,0,15,0,0,1676,2266,17780,2020
"Colorado Springs, CO Metro Area",364920,311587,274194,37393,27615,6179,3599,2442,2127,122,0,102,91,1328,12325,17820,2020
"Columbia, MO Metro Area",105457,92525,81511,11014,9535,819,660,747,694,0,24,29,0,847,4315,17860,2020
"Columbia, SC Metro Area",399428,351279,317738,33541,26175,4684,2682,2580,2307,53,82,83,55,466,17675,17900,2020
"Columbus, GA-AL Metro Area",137065,121904,109974,11930,9070,1519,1341,983,882,10,49,42,0,361,2819,17980,2020
"Columbus, IN Metro Area",39510,36100,32281,3819,2864,649,306,118,105,0,0,0,13,130,429,18020,2020
"Columbus, MS Micro Area",24688,22930,21394,1536,1215,215,106,2,2,0,0,0,0,45,277,18060,2020
"Columbus, NE Micro Area",17016,15343,13312,2031,1806,130,95,20,20,0,0,0,0,77,622,18100,2020
"Columbus, OH Metro Area",1050158,914868,840036,74832,58240,10039,6553,15527,15242,205,43,29,8,2904,22929,18140,2020
"Concord, NH Micro Area",78162,68921,63029,5892,4561,898,433,293,255,17,16,0,5,167,1859,18180,2020
"Connersville, IN Micro Area",10113,9544,8644,900,607,280,13,21,21,0,0,0,0,0,169,18220,2020
"Cookeville, TN Micro Area",49460,46504,41670,4834,3559,779,496,12,9,0,0,3,0,0,659,18260,2020
"Coos Bay, OR Micro Area",25000,22111,19494,2617,2115,236,266,70,70,0,0,0,0,97,718,18300,2020
"Cordele, GA Micro Area",8660,8121,6834,1287,1130,59,98,41,41,0,0,0,0,0,133,18380,2020
"Corinth, MS Micro Area",14783,14246,12659,1587,1331,185,71,0,0,0,0,0,0,10,229,18420,2020
"Cornelia, GA Micro Area",19071,17624,15386,2238,1641,279,318,59,59,0,0,0,0,0,175,18460,2020
"Corning, NY Micro Area",42982,38175,33925,4250,2906,596,748,232,213,12,4,0,3,258,1530,18500,2020
"Corpus Christi, TX Metro Area",191232,176653,158101,18552,13800,2671,2081,2415,2305,4,14,56,36,327,2706,18580,2020
"Corsicana, TX Micro Area",21148,19804,17769,2035,1619,237,179,65,56,0,0,9,0,27,282,18620,2020
"Cortland, NY Micro Area",22961,20099,17583,2516,1929,391,196,205,153,48,4,0,0,161,1139,18660,2020
"Corvallis, OR Metro Area",44161,31753,28473,3280,2608,392,280,948,896,0,37,0,15,3255,3492,18700,2020
"Coshocton, OH Micro Area",15505,13658,11713,1945,1123,299,523,53,53,0,0,0,0,170,437,18740,2020
"Craig, CO Micro Area",6123,5761,4451,1310,862,203,245,31,5,0,26,0,0,16,101,18780,2020
"Crawfordsville, IN Micro Area",18293,16774,14762,2012,1685,201,126,79,45,0,34,0,0,7,553,18820,2020
"Chico, CA Metro Area",92703,78794,69303,9491,6886,1492,1113,1010,915,67,18,10,0,1992,2708,17020,2020
"Chillicothe, OH Micro Area",30352,28688,25348,3340,2455,718,167,211,211,0,0,0,0,12,374,17060,2020
"Crescent City, CA Micro Area",8866,7855,6592,1263,794,356,113,31,31,0,0,0,0,18,379,18860,2020
"Crestview-Fort Walton Beach-Destin, FL Metro Area",132356,117688,104750,12938,9850,2046,1042,558,474,27,9,0,48,927,2015,18880,2020
"Crossville, TN Micro Area",21386,19623,17463,2160,1733,234,193,0,0,0,0,0,0,35,367,18900,2020
"Cullman, AL Micro Area",34837,33806,30332,3474,2575,605,294,19,19,0,0,0,0,0,278,18980,2020
"Cullowhee, NC Micro Area",24047,21484,19500,1984,1353,367,264,61,61,0,0,0,0,5,863,19000,2020
"Cumberland, MD-WV Metro Area",38305,34865,31586,3279,2545,292,442,254,228,6,20,0,0,9,1385,19060,2020
"Dallas-Fort Worth-Arlington, TX Metro Area",3709605,3260164,2898827,361337,267958,56388,36991,43633,26849,6084,7162,3201,337,5362,46259,19100,2020
"Dalton, GA Metro Area",64479,61709,54986,6723,5079,564,1080,27,27,0,0,0,0,32,406,19140,2020
"Danville, IL Metro Area",31071,28159,25879,2280,1956,202,122,272,272,0,0,0,0,27,633,19180,2020
"Danville, KY Micro Area",21572,19329,17231,2098,1647,212,239,89,89,0,0,0,0,27,613,19220,2020
"Danville, VA Micro Area",42297,38653,34935,3718,2885,498,335,552,550,2,0,0,0,16,638,19260,2020
"Daphne-Fairhope-Foley, AL Metro Area",97098,88321,80588,7733,6416,942,375,30,30,0,0,0,0,118,1159,19300,2020
"Davenport-Moline-Rock Island, IA-IL Metro Area",179213,164136,152423,11713,8642,1810,1261,1453,1422,8,16,0,7,405,4013,19340,2020
"Dayton, TN Micro Area",12599,11757,10489,1268,932,85,251,18,18,0,0,0,0,0,214,19420,2020
"Dayton-Kettering, OH Metro Area",374030,335145,305787,29358,23133,3551,2674,5956,5853,75,28,0,0,736,9804,19430,2020
"Decatur, AL Metro Area",63912,61348,56711,4637,3596,610,431,96,96,0,0,0,0,12,446,19460,2020
"Decatur, IL Metro Area",45446,41904,38783,3121,2597,370,154,516,497,14,0,3,2,18,788,19500,2020
"Decatur, IN Micro Area",15365,13944,11475,2469,1014,167,1288,78,78,0,0,0,0,19,346,19540,2020
"Defiance, OH Micro Area",18748,17456,16150,1306,945,187,174,40,29,0,0,11,0,9,441,19580,2020
"Del Rio, TX Micro Area",21044,19339,17006,2333,1471,442,420,41,26,0,15,0,0,161,499,19620,2020
"Deltona-Daytona Beach-Ormond Beach, FL Metro Area",275350,241386,219295,22091,17321,3391,1379,2302,1909,41,330,17,5,1748,2998,19660,2020
"Deming, NM Micro Area",7752,7058,5972,1086,502,149,435,42,42,0,0,0,0,0,193,19700,2020
"Denver-Aurora-Lakewood, CO Metro Area",1574045,1269149,1144033,125116,95118,18280,11718,59539,39055,7443,4777,8123,141,12528,35210,19740,2020
"DeRidder, LA Micro Area",14684,13837,11958,1879,1355,272,252,11,11,0,0,0,0,45,228,19760,2020
"Des Moines-West Des Moines, IA Metro Area",360092,320736,293046,27690,21136,4079,2475,3250,3021,115,0,26,88,695,6438,19780,2020
"Detroit-Warren-Dearborn, MI Metro Area",1987070,1785429,1623387,162042,124778,21269,15995,26322,25260,347,141,323,251,4438,27247,19820,2020
"Dickinson, ND Micro Area",16255,14339,12785,1554,1172,130,252,141,101,0,28,3,9,35,372,19860,2020
"Dixon, IL Micro Area",14872,13796,12477,1319,913,273,133,91,91,0,0,0,0,17,164,19940,2020
"Dodge City, KS Micro Area",16526,15764,13279,2485,1479,957,49,29,29,0,0,0,0,22,118,19980,2020
"Dothan, AL Metro Area",61345,58308,53482,4826,3773,700,353,23,20,3,0,0,0,48,446,20020,2020
"Douglas, GA Micro Area",20919,19346,17571,1775,1436,263,76,52,52,0,0,0,0,0,170,20060,2020
"Dover, DE Metro Area",80399,72929,65266,7663,5327,1213,1123,658,597,0,26,35,0,233,1705,20100,2020
"Dublin, GA Micro Area",23462,22472,19745,2727,1876,316,535,16,16,0,0,0,0,0,255,20140,2020
"DuBois, PA Micro Area",33296,30525,27277,3248,2504,518,226,88,88,0,0,0,0,58,856,20180,2020
"Dubuque, IA Metro Area",49891,44360,40715,3645,2841,496,308,435,386,21,0,28,0,111,1503,20220,2020
"Duluth, MN-WI Metro Area",138467,121592,110205,11387,8766,1230,1391,2051,2012,15,0,14,10,706,5646,20260,2020
"Dumas, TX Micro Area",9572,9070,7720,1350,952,348,50,0,0,0,0,0,0,16,331,20300,2020
"Duncan, OK Micro Area",17253,15985,14303,1682,1294,228,160,12,12,0,0,0,0,82,362,20340,2020
"Durango, CO Micro Area",28115,22058,20043,2015,1507,334,174,224,212,0,12,0,0,831,1463,20420,2020
"Durant, OK Micro Area",19512,17958,15931,2027,1630,262,135,23,23,0,0,0,0,53,477,20460,2020
"Durham-Chapel Hill, NC Metro Area",309701,253997,229743,24254,18034,3840,2380,9545,9433,48,13,10,41,1993,8272,20500,2020
"Dyersburg, TN Micro Area",16190,15327,13938,1389,1174,112,103,0,0,0,0,0,0,0,93,20540,2020
"Eagle Pass, TX Micro Area",21530,20203,17737,2466,1620,486,360,54,54,0,0,0,0,85,243,20580,2020
"Easton, MD Micro Area",17089,14547,13240,1307,1011,171,125,206,88,37,45,23,13,97,450,20660,2020
"East Stroudsburg, PA Metro Area",78593,69229,60861,8368,6811,1256,301,2740,2456,272,12,0,0,0,1211,20700,2020
"Eau Claire, WI Metro Area",86646,76270,70160,6110,4918,634,558,419,418,1,0,0,0,552,2283,20740,2020
"Edwards, CO Micro Area",32114,25547,23672,1875,1421,209,245,1032,1023,9,0,0,0,285,1005,20780,2020
"Effingham, IL Micro Area",17101,15187,14070,1117,807,175,135,57,56,1,0,0,0,51,529,20820,2020
"El Campo, TX Micro Area",17748,17091,15516,1575,1108,211,256,17,17,0,0,0,0,0,212,20900,2020
"El Centro, CA Metro Area",58495,51788,46640,5148,3366,839,943,435,435,0,0,0,0,236,1659,20940,2020
"El Dorado, AR Micro Area",15665,14876,13809,1067,746,147,174,56,56,0,0,0,0,0,303,20980,2020
"Elizabeth City, NC Micro Area",22744,20980,18610,2370,1538,521,311,20,20,0,0,0,0,29,429,21020,2020
"Elizabethtown-Fort Knox, KY Metro Area",69540,64253,57691,6562,5146,795,621,199,173,0,0,0,26,114,1227,21060,2020
"Elk City, OK Micro Area",8312,7596,7095,501,428,22,51,91,91,0,0,0,0,0,273,21120,2020
"Elkhart-Goshen, IN Metro Area",96505,88494,73736,14758,11330,2080,1348,279,255,0,5,0,19,1122,1718,21140,2020
"Elkins, WV Micro Area",10519,9500,8716,784,560,180,44,16,16,0,0,0,0,25,362,21180,2020
"Elko, NV Micro Area",26509,21017,17137,3880,1753,903,1224,3138,3138,0,0,0,0,44,950,21220,2020
"Ellensburg, WA Micro Area",22583,18225,16737,1488,1049,268,171,308,299,9,0,0,0,177,2143,21260,2020
"Elmira, NY Metro Area",36332,32777,29703,3074,2309,496,269,524,494,9,21,0,0,156,1169,21300,2020
"El Paso, TX Metro Area",365210,330808,291042,39766,28200,7228,4338,4723,4526,53,134,10,0,507,5208,21340,2020
"Emporia, KS Micro Area",17915,16158,14022,2136,1697,228,211,57,57,0,0,0,0,60,726,21380,2020
"Enid, OK Metro Area",27820,25706,22090,3616,3016,325,275,102,67,0,0,0,35,152,313,21420,2020
"Enterprise, AL Micro Area",22423,21216,19385,1831,1362,250,219,5,0,0,0,0,5,111,141,21460,2020
"Erie, PA Metro Area",123999,110666,97382,13284,10137,1986,1161,1848,1795,0,29,24,0,401,3965,21500,2020
"Escanaba, MI Micro Area",14561,13145,11722,1423,1034,222,167,143,143,0,0,0,0,35,405,21540,2020
"Española, NM Micro Area",14297,13119,12103,1016,719,234,63,114,114,0,0,0,0,23,314,21580,2020
"Eufaula, AL-GA Micro Area",9257,8790,7790,1000,713,130,157,5,5,0,0,0,0,9,196,21640,2020
"Eugene-Springfield, OR Metro Area",173872,138940,121369,17571,14349,1987,1235,5001,4935,0,10,35,21,5744,7606,21660,2020
"Eureka-Arcata, CA Micro Area",58659,47703,41335,6368,5038,904,426,996,980,16,0,0,0,582,3651,21700,2020
"Evanston, WY Micro Area",9649,9048,7653,1395,930,358,107,177,177,0,0,0,0,5,102,21740,2020
"Evansville, IN-KY Metro Area",149504,138332,127457,10875,8331,1477,1067,1334,1263,0,14,56,1,175,3187,21780,2020
"Fairbanks, AK Metro Area",50271,44355,37227,7128,5265,1041,822,409,381,0,28,0,0,298,1944,21820,2020
"Fairfield, IA Micro Area",8251,6713,5896,817,721,76,20,4,4,0,0,0,0,45,323,21840,2020
"Fairmont, MN Micro Area",9605,8421,7751,670,533,71,66,41,41,0,0,0,0,40,243,21860,2020
"Fairmont, WV Micro Area",24945,22650,20078,2572,1983,258,331,82,74,8,0,0,0,7,766,21900,2020
"Fallon, NV Micro Area",10818,9773,8898,875,495,256,124,121,121,0,0,0,0,61,357,21980,2020
"Fargo, ND-MN Metro Area",137801,123310,111685,11625,8297,2212,1116,1276,1231,21,1,18,5,629,3497,22020,2020
"Faribault-Northfield, MN Micro Area",32484,25837,23401,2436,1538,622,276,102,98,0,4,0,0,164,746,22060,2020
"Farmington, MO Micro Area",26670,24778,21864,2914,2010,460,444,63,63,0,0,0,0,0,391,22100,2020
"Farmington, NM Metro Area",47065,44086,39684,4402,3233,774,395,161,157,0,0,4,0,33,1073,22140,2020
"Fayetteville, NC Metro Area",233205,209540,187535,22005,17543,2525,1937,1100,953,40,7,100,0,231,9031,22180,2020
"Fayetteville-Springdale-Rogers, AR Metro Area",251005,227977,202160,25817,18141,4343,3333,911,775,46,0,0,90,1036,3512,22220,2020
"Fergus Falls, MN Micro Area",28017,24310,21691,2619,1904,459,256,259,251,0,0,5,3,63,975,22260,2020
"Fernley, NV Micro Area",22859,21420,18694,2726,1982,500,244,184,156,0,0,27,1,53,280,22280,2020
"Findlay, OH Micro Area",37064,34132,30925,3207,2529,305,373,132,132,0,0,0,0,80,463,22300,2020
"Fitzgerald, GA Micro Area",6624,6401,5925,476,398,60,18,0,0,0,0,0,0,0,0,22340,2020
"Flagstaff, AZ Metro Area",64472,51950,45084,6866,5511,696,659,1062,941,3,50,2,66,1025,5443,22380,2020
"Flint, MI Metro Area",167879,154690,138199,16491,13181,1875,1435,2456,2447,0,0,0,9,174,1866,22420,2020
"Florence, SC Metro Area",86588,80956,72704,8252,6378,1222,652,212,181,0,2,29,0,150,838,22500,2020
"Florence-Muscle Shoals, AL Metro Area",63819,60121,54966,5155,4282,553,320,19,18,0,0,0,1,61,643,22520,2020
"Fond du Lac, WI Metro Area",52615,47988,44011,3977,2979,596,402,88,83,3,2,0,0,231,1416,22540,2020
"Forest City, NC Micro Area",26284,24447,21399,3048,2247,418,383,35,35,0,0,0,0,30,326,22580,2020
"Forrest City, AR Micro Area",8742,8162,7390,772,607,117,48,1,1,0,0,0,0,0,177,22620,2020
"Fort Collins, CO Metro Area",182726,146807,133473,13334,9932,2210,1192,2565,2370,139,22,11,23,4932,5124,22660,2020
"Fort Dodge, IA Micro Area",16762,14976,13613,1363,979,251,133,77,28,0,0,32,17,50,655,22700,2020
"Fort Leonard Wood, MO Micro Area",28608,19274,17547,1727,1515,146,66,28,28,0,0,0,0,62,5538,22780,2020
"Fort Madison-Keokuk, IA-IL-MO Micro Area",26539,23898,21955,1943,1525,294,124,87,80,0,0,0,7,93,566,22800,2020
"Fort Morgan, CO Micro Area",12938,11857,9894,1963,1715,198,50,11,11,0,0,0,0,5,208,22820,2020
"Fort Payne, AL Micro Area",29794,28409,25019,3390,2489,468,433,56,56,0,0,0,0,16,381,22840,2020
"Fort Polk South, LA Micro Area",21451,19668,17973,1695,1333,206,156,2,2,0,0,0,0,77,818,22860,2020
"Fort Smith, AR-OK Metro Area",106037,99186,88872,10314,8024,1583,707,206,163,0,0,0,43,55,1511,22900,2020
"Fort Wayne, IN Metro Area",196984,181003,163174,17829,12668,2975,2186,1500,1369,62,0,8,61,627,2418,23060,2020
"Frankfort, IN Micro Area",14751,13354,11761,1593,1256,236,101,35,35,0,0,0,0,43,224,23140,2020
"Frankfort, KY Micro Area",33930,30757,27370,3387,2408,506,473,106,106,0,0,0,0,14,541,23180,2020
"Fredericksburg, TX Micro Area",11992,10543,8708,1835,1215,264,356,27,0,0,0,27,0,14,371,23240,2020
"Freeport, IL Micro Area",20313,18036,16020,2016,1592,267,157,148,142,6,0,0,0,39,602,23300,2020
"Fremont, NE Micro Area",17901,16770,14703,2067,1357,504,206,6,0,0,0,0,6,144,306,23340,2020
"Fremont, OH Micro Area",27519,25792,23831,1961,1592,228,141,144,144,0,0,0,0,78,469,23380,2020
"Fresno, CA Metro Area",397002,358275,310969,47306,31535,7802,7969,3740,3534,88,27,37,54,1611,6136,23420,2020
"Gadsden, AL Metro Area",42147,40288,37095,3193,2680,213,300,23,3,0,0,2,18,8,317,23460,2020
"Gaffney, SC Micro Area",23148,22061,19323,2738,2181,286,271,2,2,0,0,0,0,0,127,23500,2020
"Gainesville, FL Metro Area",146824,124729,109592,15137,12097,1477,1563,3989,3914,0,0,0,75,2516,3786,23540,2020
"Gainesville, GA Metro Area",94528,86252,74735,11517,7587,1981,1949,450,400,50,0,0,0,72,1097,23580,2020
"Gainesville, TX Micro Area",19316,17569,14864,2705,2073,422,210,26,13,13,0,0,0,24,268,23620,2020
"Galesburg, IL Micro Area",20625,18693,16991,1702,1354,274,74,87,85,0,0,0,2,77,765,23660,2020
"Gallup, NM Micro Area",23025,19116,16950,2166,1618,353,195,367,335,0,32,0,0,11,915,23700,2020
"Garden City, KS Micro Area",19775,18694,16131,2563,1776,425,362,76,76,0,0,0,0,43,162,23780,2020
"Gardnerville Ranchos, NV Micro Area",21060,18316,15880,2436,2085,264,87,27,27,0,0,0,0,75,340,23820,2020
"Georgetown, SC Micro Area",24924,22454,20103,2351,1471,643,237,139,139,0,0,0,0,48,309,23860,2020
"Gettysburg, PA Metro Area",49787,44554,40323,4231,3047,899,285,185,110,6,69,0,0,156,1600,23900,2020
"Gillette, WY Micro Area",29512,26226,23215,3011,1723,727,561,483,483,0,0,0,0,41,830,23940,2020
"Glasgow, KY Micro Area",21858,20224,17777,2447,1813,451,183,49,39,10,0,0,0,5,402,23980,2020
"Glens Falls, NY Metro Area",58812,52975,48438,4537,3713,507,317,332,288,17,27,0,0,350,1800,24020,2020
"Glenwood Springs, CO Micro Area",42869,32152,27279,4873,3632,660,581,2944,2944,0,0,0,0,1166,2092,24060,2020
"Gloversville, NY Micro Area",24290,22264,19998,2266,1858,345,63,81,74,7,0,0,0,4,592,24100,2020
"Goldsboro, NC Metro Area",54802,51841,44610,7231,5521,1079,631,219,219,0,0,0,0,40,925,24140,2020
"Granbury, TX Micro Area",25007,23234,21836,1398,972,237,189,42,16,0,0,0,26,0,161,24180,2020
"Grand Forks, ND-MN Metro Area",53798,47950,43557,4393,3138,848,407,508,491,17,0,0,0,434,2030,24220,2020
"Grand Island, NE Metro Area",37883,35743,31645,4098,3016,653,429,105,105,0,0,0,0,11,528,24260,2020
"Grand Junction, CO Metro Area",69777,59498,53713,5785,4137,1071,577,321,321,0,0,0,0,796,2183,24300,2020
"Grand Rapids, MN Micro Area",19318,17226,15236,1990,1464,343,183,138,138,0,0,0,0,83,396,24330,2020
"Grand Rapids-Kentwood, MI Metro Area",532509,474275,427489,46786,34887,7213,4686,7590,7393,132,49,0,16,2176,11865,24340,2020
"Grants, NM Micro Area",8694,7363,6673,690,492,138,60,72,72,0,0,0,0,13,216,24380,2020
"Grants Pass, OR Metro Area",32206,27727,24325,3402,2630,578,194,120,103,0,17,0,0,295,995,24420,2020
"Great Bend, KS Micro Area",12651,11689,10893,796,488,101,207,82,82,0,0,0,0,50,299,24460,2020
"Great Falls, MT Metro Area",38620,34962,31294,3668,2793,385,490,303,303,0,0,0,0,214,937,24500,2020
"Greeley, CO Metro Area",153676,136437,120486,15951,11388,2677,1886,678,678,0,0,0,0,373,3111,24540,2020
"Green Bay, WI Metro Area",165860,150071,137265,12806,9651,2121,1034,942,938,0,0,0,4,289,3084,24580,2020
"Greeneville, TN Micro Area",27372,25303,23395,1908,1386,316,206,14,13,0,0,1,0,21,259,24620,2020
"Greensboro-High Point, NC Metro Area",355155,321201,288998,32203,24777,4538,2888,3821,3728,39,25,7,22,625,5174,24660,2020
"Greensburg, IN Micro Area",13149,12135,10829,1306,1042,221,43,8,8,0,0,0,0,0,307,24700,2020
"Greenville, MS Micro Area",17000,16224,14539,1685,1298,265,122,27,9,0,0,0,18,14,307,24740,2020
"Greenville, NC Metro Area",83565,74929,66476,8453,6919,1138,396,812,807,0,0,5,0,145,1535,24780,2020
"Greenville, OH Micro Area",24523,22670,20456,2214,1749,310,155,23,23,0,0,0,0,50,432,24820,2020
"Greenville-Anderson, SC Metro Area",423708,384520,344703,39817,30192,5915,3710,1687,1528,66,10,0,83,710,6054,24860,2020
"Greenwood, MS Micro Area",13210,12419,11655,764,606,109,49,78,78,0,0,0,0,0,107,24900,2020
"Greenwood, SC Micro Area",29121,27909,24855,3054,2609,227,218,150,103,0,0,0,47,0,335,24940,2020
"Grenada, MS Micro Area",8251,7891,7226,665,607,58,0,22,22,0,0,0,0,0,82,24980,2020
"Guayama, PR Metro Area",16825,15908,14288,1620,953,491,176,92,57,0,0,35,0,0,522,25020,2020
"Gulfport-Biloxi, MS Metro Area",182257,168464,152794,15670,12183,1824,1663,292,219,21,0,0,52,287,4469,25060,2020
"Guymon, OK Micro Area",10280,9480,7973,1507,1208,39,260,18,17,1,0,0,0,6,296,25100,2020
"Hagerstown-Martinsburg, MD-WV Metro Area",133589,120491,108048,12443,10094,1506,843,1410,927,101,366,0,16,120,1962,25180,2020
"Hailey, ID Micro Area",12703,10256,9321,935,653,199,83,162,162,0,0,0,0,175,344,25200,2020
"Hammond, LA Metro Area",55038,51108,44116,6992,5462,1024,506,87,87,0,0,0,0,150,758,25220,2020
"Hanford-Corcoran, CA Metro Area",56560,51525,43803,7722,4116,1378,2228,149,149,0,0,0,0,290,1000,25260,2020
"Hannibal, MO Micro Area",17637,16105,14628,1477,1142,231,104,4,4,0,0,0,0,5,361,25300,2020
"Harrisburg-Carlisle, PA Metro Area",285206,245712,222869,22843,17507,3071,2265,3382,2931,247,123,81,0,974,9156,25420,2020
"Harrison, AR Micro Area",18518,16995,15310,1685,1295,261,129,14,4,0,10,0,0,0,282,25460,2020
"Harrisonburg, VA Metro Area",64249,56254,49486,6768,5007,690,1071,468,450,9,0,9,0,574,2880,25500,2020
"Hartford-East Hartford-Middletown, CT Metro Area",602791,520423,476820,43603,35549,4862,3192,15850,14490,217,782,27,334,1051,14347,25540,2020
"Hastings, NE Micro Area",15995,14777,13269,1508,805,181,522,50,4,0,0,0,46,48,307,25580,2020
"Hattiesburg, MS Metro Area",72776,66326,60314,6012,4753,810,449,229,228,1,0,0,0,158,949,25620,2020
"Hays, KS Micro Area",15920,14560,13607,953,542,319,92,8,8,0,0,0,0,10,499,25700,2020
"Heber, UT Micro Area",38659,31137,27482,3655,2595,722,338,543,498,12,1,0,32,201,624,25720,2020
"Helena, MT Micro Area",40743,34671,30062,4609,3473,668,468,182,182,0,0,0,0,378,1764,25740,2020
"Helena-West Helena, AR Micro Area",6143,5931,5314,617,519,86,12,0,0,0,0,0,0,7,77,25760,2020
"Henderson, NC Micro Area",18412,16978,14945,2033,1451,408,174,16,16,0,0,0,0,0,177,25780,2020
"Hereford, TX Micro Area",8234,7743,6704,1039,562,158,319,114,114,0,0,0,0,0,53,25820,2020
"Hermiston-Pendleton, OR Micro Area",36421,33851,29897,3954,2696,757,501,167,160,0,0,4,3,132,772,25840,2020
"Hickory-Lenoir-Morganton, NC Metro Area",163402,151603,137738,13865,11242,1702,921,468,340,128,0,0,0,46,1207,25860,2020
"Hillsdale, MI Micro Area",19140,16703,15052,1651,1189,314,148,44,44,0,0,0,0,122,850,25880,2020
"Hilo, HI Micro Area",87103,75369,61657,13712,9973,2074,1665,876,870,0,6,0,0,329,2027,25900,2020
"Hilton Head Island-Bluffton, SC Metro Area",96125,85137,75304,9833,7446,1358,1029,602,438,67,0,0,97,245,1566,25940,2020
"Hinesville, GA Metro Area",35588,32510,28987,3523,2744,633,146,196,144,0,10,0,42,110,1075,25980,2020
"Hobbs, NM Micro Area",28695,27439,23699,3740,2208,520,1012,7,7,0,0,0,0,6,268,26020,2020
"Holland, MI Micro Area",54254,49477,45448,4029,3454,349,226,205,59,120,3,0,23,115,984,26090,2020
"Homosassa Springs, FL Metro Area",46462,41338,37742,3596,2715,713,168,54,38,16,0,0,0,140,427,26140,2020
"Hood River, OR Micro Area",11941,9099,7787,1312,866,153,293,66,66,0,0,0,0,128,872,26220,2020
"Hope, AR Micro Area",11479,11077,9397,1680,1253,203,224,100,100,0,0,0,0,3,124,26260,2020
"Hot Springs, AR Metro Area",39681,36559,31978,4581,3871,480,230,99,99,0,0,0,0,8,804,26300,2020
"Houghton, MI Micro Area",15449,12374,11047,1327,1075,159,93,10,5,0,0,0,5,110,1607,26340,2020
"Houma-Thibodaux, LA Metro Area",87110,78843,70011,8832,6311,1530,991,503,479,0,0,0,24,246,1583,26380,2020
"Houston-The Woodlands-Sugar Land, TX Metro Area",3271855,2896134,2582791,313343,230073,49172,34098,63116,58786,1295,886,1960,189,8500,40631,26420,2020
"Hudson, NY Micro Area",28671,23418,21429,1989,1493,316,180,765,92,493,178,2,0,176,1082,26460,2020
"Huntingdon, PA Micro Area",18320,16137,14265,1872,1311,280,281,40,35,0,3,0,2,0,849,26500,2020
"Huntington, IN Micro Area",17935,16388,15474,914,772,58,84,22,22,0,0,0,0,23,469,26540,2020
"Huntington-Ashland, WV-KY-OH Metro Area",140330,130421,117922,12499,9563,1398,1538,689,638,28,0,3,20,234,2769,26580,2020
"Huntsville, AL Metro Area",221881,204439,190923,13516,10070,2182,1264,376,376,0,0,0,0,155,1586,26620,2020
"Huntsville, TX Micro Area",25569,22902,21278,1624,1377,89,158,151,151,0,0,0,0,0,783,26660,2020
"Huron, SD Micro Area",9713,8626,7780,846,562,88,196,2,0,2,0,0,0,0,475,26700,2020
"Hutchinson, KS Micro Area",28455,25989,23674,2315,1715,334,266,74,40,0,0,0,34,330,484,26740,2020
"Hutchinson, MN Micro Area",18651,17141,15947,1194,850,190,154,81,81,0,0,0,0,140,353,26780,2020
"Idaho Falls, ID Metro Area",66545,58400,52144,6256,4666,763,827,1734,1715,0,11,8,0,251,1055,26820,2020
"Indiana, PA Micro Area",35515,31101,27947,3154,2404,299,451,179,169,8,0,2,0,143,2190,26860,2020
"Indianapolis-Carmel-Anderson, IN Metro Area",1010442,899819,816899,82920,66558,10562,5800,7943,7718,46,0,9,170,2322,15797,26900,2020
"Indianola, MS Micro Area",8296,7766,6883,883,615,148,120,36,36,0,0,0,0,13,185,26940,2020
"Iowa City, IA Metro Area",92704,72859,64967,7892,5469,1072,1351,3888,3861,0,0,0,27,1431,7153,26980,2020
"Iron Mountain, MI-WI Micro Area",13257,12246,11132,1114,785,164,165,17,17,0,0,0,0,14,221,27020,2020
"Ithaca, NY Metro Area",49608,33423,28559,4864,3883,690,291,3131,3014,95,22,0,0,616,6381,27060,2020
"Jackson, MI Metro Area",68230,62854,57347,5507,4525,349,633,257,257,0,0,0,0,138,1324,27100,2020
"Jackson, MS Metro Area",260978,245777,219406,26371,20329,3565,2477,869,660,0,209,0,0,182,2848,27140,2020
"Jackson, OH Micro Area",13505,12609,11450,1159,848,122,189,38,38,0,0,0,0,0,373,27160,2020
"Jackson, TN Metro Area",75302,69267,62764,6503,5391,671,441,199,199,0,0,0,0,99,960,27180,2020
"Jackson, WY-ID Micro Area",20778,15448,14078,1370,1087,170,113,753,753,0,0,0,0,514,1607,27220,2020
"Jacksonville, FL Metro Area",729273,634517,574267,60250,47946,7942,4362,8188,8027,35,50,40,36,3495,10499,27260,2020
"Jacksonville, IL Micro Area",17270,15519,14337,1182,958,188,36,209,168,0,9,32,0,86,328,27300,2020
"Jacksonville, NC Metro Area",101784,86542,73489,13053,9007,2566,1480,499,443,0,0,0,56,188,8076,27340,2020
"Jacksonville, TX Micro Area",20893,19074,16150,2924,2294,230,400,45,45,0,0,0,0,87,242,27380,2020
"Jamestown, ND Micro Area",10442,9429,8376,1053,698,253,102,7,7,0,0,0,0,4,392,27420,2020
"Jamestown-Dunkirk-Fredonia, NY Micro Area",54733,48600,43590,5010,4097,492,421,133,72,23,24,0,14,257,2272,27460,2020
"Janesville-Beloit, WI Metro Area",78757,72563,65552,7011,5486,958,567,417,417,0,0,0,0,153,1342,27500,2020
"Jasper, AL Micro Area",24616,23211,20607,2604,1870,631,103,15,15,0,0,0,0,14,224,27530,2020
"Jasper, IN Micro Area",27210,26019,24340,1679,1257,115,307,24,24,0,0,0,0,15,210,27540,2020
"Jayuya, PR Micro Area",3269,2988,2784,204,204,0,0,17,17,0,0,0,0,0,186,27580,2020
"Jefferson, GA Micro Area",32748,29851,27112,2739,1955,382,402,257,253,4,0,0,0,2,114,27600,2020
"Jefferson City, MO Metro Area",70247,65004,58317,6687,5043,928,716,354,276,0,78,0,0,90,1050,27620,2020
"Jennings, LA Micro Area",11325,10733,9586,1147,847,209,91,36,36,0,0,0,0,7,183,27660,2020
"Jesup, GA Micro Area",10970,10207,9047,1160,577,216,367,75,75,0,0,0,0,0,14,27700,2020
"Johnson City, TN Metro Area",88969,81557,76223,5334,4034,887,413,357,313,1,28,15,0,40,1352,27740,2020
"Johnstown, PA Metro Area",55794,50175,45138,5037,3859,566,612,534,528,0,3,0,3,58,1697,27780,2020
"Jonesboro, AR Metro Area",59407,55963,49506,6457,4934,834,689,88,88,0,0,0,0,62,946,27860,2020
"Joplin, MO Metro Area",80927,74571,66622,7949,6369,849,731,152,133,0,0,19,0,168,1048,27900,2020
"Juneau, AK Micro Area",16473,13086,10951,2135,1793,239,103,556,486,0,0,0,70,145,1180,27940,2020
"Kahului-Wailuku-Lahaina, HI Metro Area",82061,71441,61047,10394,6847,1989,1558,1843,1613,68,0,18,144,404,1966,27980,2020
"Kalamazoo-Portage, MI Metro Area",129112,114094,105020,9074,7086,1132,856,2152,2134,18,0,0,0,568,3771,28020,2020
"Kalispell, MT Micro Area",48826,41518,38285,3233,2307,483,443,126,126,0,0,0,0,326,1146,28060,2020
"Kankakee, IL Metro Area",49847,44690,40141,4549,3364,482,703,804,599,67,138,0,0,76,1107,28100,2020
"Kansas City, MO-KS Metro Area",1084722,965827,883176,82651,64202,11020,7429,9086,8494,50,108,245,189,1564,12789,28140,2020
"Kapaa, HI Micro Area",34799,30508,26888,3620,2463,500,657,303,300,0,3,0,0,87,758,28180,2020
"Kearney, NE Micro Area",30424,27948,25198,2750,1833,391,526,59,59,0,0,0,0,120,733,28260,2020
"Keene, NH Micro Area",38691,33030,29804,3226,2613,270,343,91,41,23,26,0,1,216,1160,28300,2020
"Kendallville, IN Micro Area",22703,21132,18452,2680,1626,536,518,37,37,0,0,0,0,80,283,28340,2020
"Kennett, MO Micro Area",11316,10505,8797,1708,1244,349,115,20,20,0,0,0,0,80,249,28380,2020
"Kennewick-Richland, WA Metro Area",128164,116853,101914,14939,9687,2024,3228,814,813,1,0,0,0,230,1242,28420,2020
"Kerrville, TX Micro Area",22515,19927,16857,3070,2315,554,201,11,11,0,0,0,0,169,500,28500,2020
"Ketchikan, AK Micro Area",7028,5820,4611,1209,939,176,94,295,145,0,0,0,150,12,475,28540,2020
"Key West, FL Micro Area",40129,30274,27285,2989,2534,333,122,312,168,10,29,0,105,2582,2113,28580,2020
"Kill Devil Hills, NC Micro Area",18241,16018,14109,1909,1409,112,388,7,7,0,0,0,0,155,356,28620,2020
"Killeen-Temple, TX Metro Area",199588,179756,156821,22935,17418,3380,2137,904,753,20,44,30,57,369,6396,28660,2020
"Kingsport-Bristol, TN-VA Metro Area",126029,116590,106779,9811,8187,1129,495,219,181,13,0,25,0,134,1841,28700,2020
"Kingston, NY Metro Area",83539,69205,62798,6407,5406,590,411,2032,978,532,516,0,6,345,2778,28740,2020
"Kingsville, TX Micro Area",13406,12199,10730,1469,1229,146,94,0,0,0,0,0,0,48,676,28780,2020
"Kinston, NC Micro Area",23095,21952,18828,3124,2397,306,421,187,153,0,0,0,34,100,250,28820,2020
"Kirksville, MO Micro Area",12608,11331,9760,1571,1038,280,253,35,32,0,0,0,3,20,478,28860,2020
"Klamath Falls, OR Micro Area",26542,24147,21888,2259,1749,288,222,126,106,0,0,0,20,67,491,28900,2020
"Knoxville, TN Metro Area",398198,360170,329503,30667,24486,3892,2289,1775,1513,17,120,10,115,442,5274,28940,2020
"Kokomo, IN Metro Area",36520,33787,30432,3355,2659,557,139,58,13,0,0,45,0,103,497,29020,2020
"Laconia, NH Micro Area",30882,27931,24689,3242,2430,592,220,81,57,0,0,0,24,67,654,29060,2020
"La Crosse-Onalaska, WI-MN Metro Area",71080,62282,56838,5444,4159,982,303,528,524,0,0,0,4,574,2766,29100,2020
"Lafayette, LA Metro Area",215625,196349,180795,15554,11559,2285,1710,1107,890,0,0,4,213,681,4317,29180,2020
"Lafayette-West Lafayette, IN Metro Area",108694,93782,84309,9473,7454,1097,922,2636,2597,0,21,10,8,1098,5549,29200,2020
"La Grande, OR Micro Area",11061,9529,8504,1025,895,75,55,26,26,0,0,0,0,75,729,29260,2020
"LaGrange, GA-AL Micro Area",44604,41884,37528,4356,3284,805,267,56,56,0,0,0,0,0,572,29300,2020
"Lake Charles, LA Metro Area",92381,86837,78964,7873,5976,1366,531,300,297,0,0,3,0,77,1554,29340,2020
"Lake City, FL Micro Area",25971,24163,20973,3190,2769,283,138,4,4,0,0,0,0,127,146,29380,2020
"Lake Havasu City-Kingman, AZ Metro Area",72712,65478,56941,8537,6869,916,752,643,632,0,0,0,11,218,809,29420,2020
"Lakeland-Winter Haven, FL Metro Area",291976,268543,239973,28570,22060,3952,2558,1146,932,30,140,44,0,1003,2574,29460,2020
"Lamesa, TX Micro Area",4416,4023,3381,642,472,42,128,0,0,0,0,0,0,0,113,29500,2020
"Lancaster, PA Metro Area",268855,234335,206476,27859,17935,4597,5327,2825,2113,46,652,0,14,1987,9881,29540,2020
"Lansing-East Lansing, MI Metro Area",263486,227769,204828,22941,17422,3037,2482,5321,5290,8,0,2,21,2397,8046,29620,2020
"Laramie, WY Micro Area",20889,16694,14897,1797,1241,419,137,243,243,0,0,0,0,814,2114,29660,2020
"Laredo, TX Metro Area",110334,101161,89021,12140,8757,1751,1632,1107,1035,7,49,16,0,76,1787,29700,2020
"Las Cruces, NM Metro Area",87992,79612,69719,9893,6455,2182,1256,371,362,9,0,0,0,815,1570,29740,2020
"Las Vegas, NM Micro Area",11662,9768,8173,1595,1288,141,166,114,114,0,0,0,0,27,541,29780,2020
"Las Vegas-Henderson-Paradise, NV Metro Area",1027245,899584,796064,103520,79521,13953,10046,31288,30804,237,63,71,113,2487,13774,29820,2020
"Laurel, MS Micro Area",34334,32795,29967,2828,1987,468,373,58,58,0,0,0,0,0,478,29860,2020
"Laurinburg, NC Micro Area",11923,11330,9942,1388,1124,168,96,4,4,0,0,0,0,8,145,29900,2020
"Lawrence, KS Metro Area",67012,56362,51093,5269,4084,612,573,1327,1317,10,0,0,0,708,3388,29940,2020
"Lawrenceburg, TN Micro Area",16657,15201,13828,1373,1088,155,130,17,17,0,0,0,0,0,331,29980,2020
"Lawton, OK Metro Area",57157,48263,42243,6020,4782,657,581,713,713,0,0,0,0,63,876,30020,2020
"Lebanon, MO Micro Area",15555,14452,12463,1989,1663,180,146,0,0,0,0,0,0,0,224,30060,2020
"Lebanon, NH-VT Micro Area",108469,92504,82068,10436,8646,1052,738,790,720,42,19,2,7,555,4978,30100,2020
"Lebanon, PA Metro Area",66486,59544,53316,6228,4789,941,498,394,374,0,20,0,0,76,2108,30140,2020
"Levelland, TX Micro Area",9868,9216,7685,1531,1035,259,237,11,11,0,0,0,0,10,196,30220,2020
"Lewisburg, PA Micro Area",17518,14620,12908,1712,1377,185,150,16,16,0,0,0,0,353,1386,30260,2020
"Lewisburg, TN Micro Area",14757,13773,12701,1072,822,48,202,9,9,0,0,0,0,0,80,30280,2020
"Lewiston, ID-WA Metro Area",28171,24966,22680,2286,1702,358,226,147,144,3,0,0,0,90,821,30300,2020
"Lewiston-Auburn, ME Metro Area",53023,46930,40518,6412,4750,1009,653,73,73,0,0,0,0,87,1794,30340,2020
"Lewistown, PA Micro Area",21624,19926,17524,2402,1557,132,713,26,7,0,19,0,0,0,458,30380,2020
"Lexington, NE Micro Area",12895,12060,9946,2114,1276,407,431,69,67,2,0,0,0,8,314,30420,2020
"Lexington-Fayette, KY Metro Area",255722,224277,201853,22424,18502,2533,1389,3045,2978,21,0,0,46,869,7753,30460,2020
"Liberal, KS Micro Area",10439,9710,7468,2242,1252,681,309,15,5,0,0,10,0,17,231,30580,2020
"Lima, OH Metro Area",46765,43144,39718,3426,2902,363,161,337,327,10,0,0,0,68,690,30620,2020
"Lincoln, IL Micro Area",12230,11029,9888,1141,808,140,193,58,58,0,0,0,0,60,400,30660,2020
"Lincoln, NE Metro Area",178194,158641,142689,15952,12331,2456,1165,1753,1678,17,17,11,30,1620,5515,30700,2020
"Little Rock-North Little Rock-Conway, AR Metro Area",345486,318867,285824,33043,25159,4396,3488,1507,1385,63,20,32,7,546,4354,30780,2020
"Lock Haven, PA Micro Area",17391,15447,13445,2002,1369,305,328,41,33,0,0,8,0,31,799,30820,2020
"Logan, UT-ID Metro Area",66698,56909,49606,7303,5348,1030,925,1088,1057,0,20,11,0,789,2631,30860,2020
"Logansport, IN Micro Area",17531,16715,14699,2016,1639,262,115,57,57,0,0,0,0,36,259,30900,2020
"London, KY Micro Area",51404,47856,42133,5723,4243,1078,402,53,53,0,0,0,0,26,986,30940,2020
"Longview, TX Metro Area",121048,113605,102975,10630,7753,1814,1063,131,122,0,0,0,9,106,1624,30980,2020
"Longview, WA Metro Area",44055,40532,36424,4108,2927,901,280,162,162,0,0,0,0,175,914,31020,2020
"Los Alamos, NM Micro Area",10033,8639,7764,875,812,20,43,245,235,0,0,0,10,248,330,31060,2020
"Los Angeles-Long Beach-Anaheim, CA Metro Area",6339312,5237563,4635583,601980,451522,87192,63266,285622,235396,27994,15495,5267,1470,41045,152126,31080,2020
"Louisville/Jefferson County, KY-IN Metro Area",614438,545545,494692,50853,41216,6268,3369,10676,10531,2,19,68,56,1232,9279,31140,2020
"Lubbock, TX Metro Area",153464,141024,122622,18402,13767,3055,1580,1033,990,0,0,15,28,487,2973,31180,2020
"Ludington, MI Micro Area",12417,11454,9949,1505,1228,133,144,16,16,0,0,0,0,2,293,31220,2020
"Lufkin, TX Micro Area",35907,33568,29242,4326,2927,891,508,115,115,0,0,0,0,27,614,31260,2020
"Lumberton, NC Micro Area",47660,45493,41170,4323,2783,631,909,152,137,0,0,8,7,21,392,31300,2020
"Lynchburg, VA Metro Area",120254,108472,97914,10558,8569,1710,279,1138,1108,7,11,0,12,86,2979,31340,2020
"Macomb, IL Micro Area",13058,11252,10143,1109,934,89,86,143,143,0,0,0,0,17,931,31380,2020
"Macon-Bibb County, GA Metro Area",93716,86111,77727,8384,6465,1019,900,778,758,0,20,0,0,85,1941,31420,2020
"Madera, CA Metro Area",56457,50054,42154,7900,5122,1290,1488,224,170,11,0,8,35,115,1081,31460,2020
"Madison, IN Micro Area",14218,12998,11794,1204,970,137,97,16,14,0,2,0,0,4,433,31500,2020
"Madison, WI Metro Area",367963,294866,268396,26470,21050,3509,1911,13995,13838,32,86,17,22,7366,18212,31540,2020
"Madisonville, KY Micro Area",18389,17627,16725,902,627,77,198,52,52,0,0,0,0,0,128,31580,2020
"Magnolia, AR Micro Area",8790,8120,7434,686,554,94,38,24,24,0,0,0,0,24,499,31620,2020
"Malone, NY Micro Area",19136,16729,14895,1834,1433,237,164,197,189,2,0,0,6,38,624,31660,2020
"Malvern, AR Micro Area",13121,12460,10951,1509,1202,182,125,29,29,0,0,0,0,0,356,31680,2020
"Manchester-Nashua, NH Metro Area",224712,197194,180489,16705,12937,2189,1579,1863,1489,65,142,119,48,458,4772,31700,2020
"Manhattan, KS Metro Area",70095,59626,52472,7154,5780,773,601,134,134,0,0,0,0,696,4727,31740,2020
"Manitowoc, WI Micro Area",39928,36026,33240,2786,2114,357,315,210,188,0,17,0,5,255,996,31820,2020
"Mankato, MN Metro Area",55350,47471,43097,4374,3265,683,426,729,665,24,2,6,32,257,1562,31860,2020
"Mansfield, OH Metro Area",50450,47302,42979,4323,3255,510,558,333,313,20,0,0,0,136,518,31900,2020
"Marietta, OH Micro Area",26850,24149,22098,2051,1796,156,99,162,151,0,0,0,11,109,987,31930,2020
"Marinette, WI-MI Micro Area",28598,25906,23573,2333,1847,248,238,58,56,0,0,2,0,118,811,31940,2020
"Marion, IN Micro Area",28423,24196,21504,2692,2227,216,249,47,47,0,0,0,0,65,2072,31980,2020
"Marion, NC Micro Area",18814,17761,15935,1826,1550,250,26,6,6,0,0,0,0,0,189,32000,2020
"Marion, OH Micro Area",26090,24301,21620,2681,2284,242,155,236,236,0,0,0,0,19,186,32020,2020
"Marquette, MI Micro Area",29949,26487,23710,2777,1993,552,232,129,129,0,0,0,0,226,1796,32100,2020
"Marshall, MN Micro Area",12959,11175,10001,1174,896,132,146,24,24,0,0,0,0,44,628,32140,2020
"Marshall, MO Micro Area",10418,9529,8593,936,744,98,94,4,4,0,0,0,0,20,159,32180,2020
"Marshalltown, IA Micro Area",18427,16906,14385,2521,2003,300,218,14,14,0,0,0,0,36,450,32260,2020
"Martin, TN Micro Area",14128,12552,11586,966,760,169,37,22,14,0,0,8,0,27,513,32280,2020
"Martinsville, VA Micro Area",23991,22424,20080,2344,1707,367,270,146,115,0,0,0,31,0,80,32300,2020
"Maryville, MO Micro Area",10869,9677,8709,968,768,96,104,3,3,0,0,0,0,120,466,32340,2020
"Mason City, IA Micro Area",25498,22860,20751,2109,1734,257,118,155,155,0,0,0,0,150,624,32380,2020
"Mayagüez, PR Metro Area",24731,23099,21163,1936,1445,188,303,310,88,49,0,173,0,80,723,32420,2020
"Mayfield, KY Micro Area",15354,14487,13400,1087,932,71,84,42,42,0,0,0,0,0,139,32460,2020
"McAlester, OK Micro Area",17200,15701,14202,1499,1099,238,162,17,17,0,0,0,0,15,447,32540,2020
"McAllen-Edinburg-Mission, TX Metro Area",323105,285694,256505,29189,20097,6102,2990,804,571,0,65,168,0,454,3746,32580,2020
"McComb, MS Micro Area",13568,12781,11536,1245,958,112,175,47,47,0,0,0,0,2,167,32620,2020
"McMinnville, TN Micro Area",17571,16772,15277,1495,1216,143,136,9,9,0,0,0,0,0,196,32660,2020
"McPherson, KS Micro Area",14607,13110,12016,1094,743,248,103,4,4,0,0,0,0,44,593,32700,2020
"Meadville, PA Micro Area",36728,32128,28663,3465,2491,465,509,141,122,0,7,9,3,108,2186,32740,2020
"Medford, OR Metro Area",96540,82595,74108,8487,6836,1076,575,691,676,0,0,0,15,1115,2393,32780,2020
"Memphis, TN-MS-AR Metro Area",610435,568902,511501,57401,44100,8168,5133,4102,3831,87,71,87,26,727,5647,32820,2020
"Menomonie, WI Micro Area",23090,19526,17841,1685,1410,138,137,35,35,0,0,0,0,264,1557,32860,2020
"Merced, CA Metro Area",102580,90544,81300,9244,5765,1707,1772,948,886,46,16,0,0,386,2427,32900,2020
"Meridian, MS Micro Area",40548,37745,33843,3902,2515,910,477,8,8,0,0,0,0,24,678,32940,2020
"Mexico, MO Micro Area",10751,10033,9135,898,621,84,193,7,7,0,0,0,0,5,125,33020,2020
"Miami, OK Micro Area",12365,11738,10652,1086,861,146,79,30,26,3,1,0,0,12,239,33060,2020
"Miami-Fort Lauderdale-Pompano Beach, FL Metro Area",2928088,2514469,2245763,268706,198552,42070,28084,88533,73984,8310,4318,1568,353,15092,44754,33100,2020
"Michigan City-La Porte, IN Metro Area",47275,43418,39193,4225,3187,665,373,490,289,12,189,0,0,94,852,33140,2020
"Middlesborough, KY Micro Area",7219,6586,5687,899,676,187,36,6,6,0,0,0,0,10,282,33180,2020
"Midland, MI Metro Area",37719,34613,31593,3020,2330,468,222,287,279,0,8,0,0,65,379,33220,2020
"Midland, TX Metro Area",86934,81019,72251,8768,6247,1459,1062,133,133,0,0,0,0,118,1137,33260,2020
"Milledgeville, GA Micro Area",20038,18628,17209,1419,886,360,173,104,103,1,0,0,0,21,283,33300,2020
"Milwaukee-Waukesha, WI Metro Area",783346,679768,620056,59712,47963,6621,5128,22570,21926,99,424,96,25,3179,19005,33340,2020
"Minden, LA Micro Area",14063,12987,12468,519,415,76,28,51,51,0,0,0,0,17,95,33380,2020
"Mineral Wells, TX Micro Area",12202,10828,9273,1555,962,289,304,42,23,0,0,19,0,47,181,33420,2020
"Minneapolis-St. Paul-Bloomington, MN-WI Metro Area",1923174,1592524,1442759,149765,116365,18444,14956,80962,70807,2792,2610,4579,174,13435,41304,33460,2020
"Minot, ND Micro Area",42076,38416,33991,4425,3306,542,577,176,160,12,0,4,0,29,926,33500,2020
"Missoula, MT Metro Area",64937,53186,47776,5410,3648,1250,512,1251,1222,0,29,0,0,2322,2949,33540,2020
"Mitchell, SD Micro Area",11942,10640,10018,622,312,127,183,142,142,0,0,0,0,18,361,33580,2020
"Moberly, MO Micro Area",10629,9928,8953,975,711,120,144,41,41,0,0,0,0,7,57,33620,2020
"Mobile, AL Metro Area",178805,165603,153242,12361,9733,1702,926,896,848,23,25,0,0,146,1751,33660,2020
"Modesto, CA Metro Area",223721,203423,180266,23157,16511,4272,2374,1692,1482,117,46,30,17,868,2810,33700,2020
"Monroe, LA Metro Area",81784,76660,68561,8099,5853,1471,775,791,781,0,10,0,0,205,896,33740,2020
"Monroe, MI Metro Area",69029,63897,59254,4643,3728,447,468,157,157,0,0,0,0,83,819,33780,2020
"Montgomery, AL Metro Area",162293,150668,137170,13498,10860,1558,1080,552,545,4,0,0,3,143,2337,33860,2020
"Montrose, CO Micro Area",20373,17565,15496,2069,1326,412,331,88,80,0,0,0,8,91,580,33940,2020
"Morehead City, NC Micro Area",30611,27980,25769,2211,1714,258,239,93,93,0,0,0,0,194,312,33980,2020
"Morgan City, LA Micro Area",19111,18282,16661,1621,1179,259,183,11,11,0,0,0,0,43,192,34020,2020
"Morgantown, WV Metro Area",65077,55241,48969,6272,5417,500,355,1312,1205,94,7,6,0,133,3457,34060,2020
"Morristown, TN Metro Area",59426,55490,49192,6298,4972,831,495,181,124,0,46,0,11,67,516,34100,2020
"Moscow, ID Micro Area",19452,14843,12831,2012,1669,115,228,176,176,0,0,0,0,467,2392,34140,2020
"Moses Lake, WA Micro Area",40946,35316,29737,5579,4409,552,618,436,428,0,0,0,8,114,1121,34180,2020
"Moultrie, GA Micro Area",18496,16997,14849,2148,1304,363,481,372,331,0,41,0,0,6,247,34220,2020
"Maysville, KY Micro Area",7252,6708,6190,518,330,36,152,23,23,0,0,0,0,0,116,32500,2020
"Mountain Home, AR Micro Area",15091,13931,12154,1777,1371,156,250,2,2,0,0,0,0,0,444,34260,2020
"Mountain Home, ID Micro Area",12223,11353,9911,1442,1002,288,152,71,12,59,0,0,0,6,294,34300,2020
"Mount Airy, NC Micro Area",30955,29525,26222,3303,2306,593,404,49,49,0,0,0,0,59,277,34340,2020
"Mount Gay-Shamrock, WV Micro Area",9603,9092,8429,663,537,85,41,27,27,0,0,0,0,0,244,34350,2020
"Mount Pleasant, MI Micro Area",32668,28155,25466,2689,2189,270,230,263,263,0,0,0,0,357,2270,34380,2020
"Mount Pleasant, TX Micro Area",19405,18412,15726,2686,2183,324,179,22,22,0,0,0,0,0,130,34420,2020
"Mount Sterling, KY Micro Area",18408,17561,15587,1974,1507,314,153,0,0,0,0,0,0,0,126,34460,2020
"Mount Vernon, IL Micro Area",16095,14920,13210,1710,1357,247,106,76,76,0,0,0,0,4,237,34500,2020
"Mount Vernon, OH Micro Area",28570,25117,22856,2261,1564,298,399,163,163,0,0,0,0,85,950,34540,2020
"Mount Vernon-Anacortes, WA Metro Area",56851,49652,43783,5869,4384,615,870,375,272,0,0,52,51,221,1432,34580,2020
"Muncie, IN Metro Area",51533,45104,40593,4511,3457,574,480,713,713,0,0,0,0,288,2509,34620,2020
"Murray, KY Micro Area",17817,15509,14010,1499,1341,129,29,34,12,22,0,0,0,112,1491,34660,2020
"Muscatine, IA Micro Area",20846,19331,17906,1425,1089,264,72,130,130,0,0,0,0,71,362,34700,2020
"Muskegon, MI Metro Area",75190,71107,63357,7750,5980,1036,734,232,228,0,4,0,0,207,765,34740,2020
"Muskogee, OK Micro Area",25849,23692,21711,1981,1685,169,127,133,108,25,0,0,0,76,398,34780,2020
"Myrtle Beach-Conway-North Myrtle Beach, SC-NC Metro Area",201340,181160,164575,16585,11678,3094,1813,926,533,28,10,26,329,322,2542,34820,2020
"Nacogdoches, TX Micro Area",27553,24549,21238,3311,2393,512,406,47,41,0,0,0,6,79,1237,34860,2020
"Napa, CA Metro Area",69147,59051,51787,7264,4647,1573,1044,940,501,25,5,4,405,706,2424,34900,2020
"Naples-Marco Island, FL Metro Area",155758,134077,115335,18742,12853,3107,2782,1668,1609,51,8,0,0,1210,1663,34940,2020
"Nashville-Davidson--Murfreesboro--Franklin, TN Metro Area",977672,858424,773160,85264,64742,12855,7667,8568,7577,80,697,131,83,1306,12048,34980,2020
"Natchez, MS-LA Micro Area",16082,15272,14209,1063,680,198,185,73,73,0,0,0,0,16,161,35020,2020
"Natchitoches, LA Micro Area",12716,12120,10637,1483,1012,295,176,72,69,0,0,0,3,35,202,35060,2020
"New Bern, NC Metro Area",53814,49415,43195,6220,4148,1237,835,159,143,0,0,0,16,99,1053,35100,2020
"Newberry, SC Micro Area",17353,16290,15041,1249,741,259,249,1,1,0,0,0,0,51,463,35140,2020
"New Castle, IN Micro Area",19661,18390,16589,1801,1372,275,154,59,59,0,0,0,0,46,192,35220,2020
"New Castle, PA Micro Area",38824,35040,31411,3629,2937,447,245,292,292,0,0,0,0,11,800,35260,2020
"New Haven-Milford, CT Metro Area",420922,358450,324290,34160,27707,3758,2695,14526,10852,350,3205,103,16,1966,14031,35300,2020
"New Orleans-Metairie, LA Metro Area",578725,504754,446792,57962,44140,8154,5668,12471,11052,125,61,1115,118,5922,13451,35380,2020
"New Philadelphia-Dover, OH Micro Area",42289,38591,35307,3284,2310,406,568,37,37,0,0,0,0,538,637,35420,2020
"Newport, OR Micro Area",19054,16140,13904,2236,1763,381,92,106,85,0,0,0,21,84,841,35440,2020
"Newport, TN Micro Area",13937,13186,11683,1503,1258,243,2,1,0,0,0,1,0,0,195,35460,2020
"New Ulm, MN Micro Area",13152,11459,10626,833,539,157,137,50,50,0,0,0,0,56,390,35580,2020
"New York-Newark-Jersey City, NY-NJ-PA Metro Area",9256554,5067219,4487754,579465,412457,85646,81362,2761756,654988,1733366,332583,17007,23812,64910,523412,35620,2020
"Niles, MI Metro Area",69709,62894,56247,6647,5496,846,305,442,307,13,103,4,15,196,1896,35660,2020
"Nogales, AZ Micro Area",17598,15902,14114,1788,1202,284,302,186,186,0,0,0,0,87,205,35700,2020
"Norfolk, NE Micro Area",24479,22035,19808,2227,1561,392,274,112,100,0,0,12,0,86,606,35740,2020
"North Platte, NE Micro Area",17731,16420,15151,1269,1073,102,94,89,85,0,2,0,2,101,473,35820,2020
"North Port-Sarasota-Bradenton, FL Metro Area",333907,291935,261256,30679,23456,4133,3090,2109,1905,87,25,25,67,1994,2908,35840,2020
"North Vernon, IN Micro Area",13558,13075,11494,1581,1335,74,172,41,41,0,0,0,0,0,178,35860,2020
"North Wilkesboro, NC Micro Area",29212,27286,23979,3307,2695,168,444,42,42,0,0,0,0,0,167,35900,2020
"Norwalk, OH Micro Area",26875,25174,22896,2278,1795,343,140,68,60,0,0,0,8,125,531,35940,2020
"Norwich-New London, CT Metro Area",135907,118673,106922,11751,9836,1104,811,2055,1604,50,384,12,5,323,3682,35980,2020
"Oak Harbor, WA Micro Area",38203,31888,27407,4481,3372,441,668,774,354,0,91,0,329,214,1430,36020,2020
"Ocala, FL Metro Area",130351,117834,104639,13195,10438,1785,972,522,502,14,0,6,0,231,907,36100,2020
"Ocean City, NJ Metro Area",41421,36051,32836,3215,2767,280,168,571,412,12,130,3,14,614,1715,36140,2020
"Odessa, TX Metro Area",74298,69799,60517,9282,6637,1487,1158,222,210,0,6,6,0,50,1274,36220,2020
"Ogden-Clearfield, UT Metro Area",324071,285049,254510,30539,22849,4159,3531,4953,2768,121,1909,105,50,1006,4081,36260,2020
"Ogdensburg-Massena, NY Micro Area",43455,37688,33281,4407,3112,654,641,131,124,4,0,3,0,58,2553,36300,2020
"Oil City, PA Micro Area",21971,19653,17481,2172,1779,201,192,74,71,0,1,0,2,7,839,36340,2020
"Okeechobee, FL Micro Area",15417,13914,12422,1492,959,313,220,192,192,0,0,0,0,65,319,36380,2020
"Olean, NY Micro Area",32618,28902,26305,2597,2165,254,178,177,163,5,0,0,9,59,1559,36460,2020
"Olympia-Lacey-Tumwater, WA Metro Area",132522,114419,102167,12252,9249,1927,1076,2449,2266,0,173,10,0,762,2553,36500,2020
"Omaha-Council Bluffs, NE-IA Metro Area",484642,435838,396092,39746,30453,5431,3862,3929,3788,27,29,69,16,871,8000,36540,2020
"Oneonta, NY Micro Area",27183,23027,20736,2291,1771,248,272,435,377,34,24,0,0,66,1955,36580,2020
"Ontario, OR-ID Micro Area",21152,18868,17124,1744,1261,125,358,24,24,0,0,0,0,106,988,36620,2020
"Opelousas, LA Micro Area",30773,28571,26409,2162,1700,315,147,73,38,35,0,0,0,20,585,36660,2020
"Orangeburg, SC Micro Area",33471,31499,28939,2560,1655,543,362,59,49,10,0,0,0,22,405,36700,2020
"Orlando-Kissimmee-Sanford, FL Metro Area",1238047,1083554,963647,119907,94573,15939,9395,17620,15993,541,901,137,48,4777,13523,36740,2020
"Oshkosh-Neenah, WI Metro Area",87306,78557,72086,6471,5062,992,417,477,468,9,0,0,0,578,2045,36780,2020
"Oskaloosa, IA Micro Area",11032,9643,8694,949,757,100,92,19,19,0,0,0,0,46,609,36820,2020
"Othello, WA Micro Area",7434,6726,5404,1322,1115,87,120,14,14,0,0,0,0,6,171,36830,2020
"Ottawa, IL Micro Area",68825,63889,58230,5659,3877,996,786,77,56,0,0,21,0,261,1252,36837,2020
"Ottawa, KS Micro Area",12607,11423,10408,1015,816,112,87,14,14,0,0,0,0,0,175,36840,2020
"Ottumwa, IA Micro Area",15774,14820,13189,1631,1309,190,132,107,107,0,0,0,0,0,278,36900,2020
"Owatonna, MN Micro Area",18357,16593,15495,1098,948,93,57,155,155,0,0,0,0,15,477,36940,2020
"Owensboro, KY Metro Area",53027,49708,45694,4014,3027,540,447,236,236,0,0,0,0,139,942,36980,2020
"Oxford, MS Micro Area",25168,22963,20758,2205,1737,322,146,249,249,0,0,0,0,111,492,37060,2020
"Oxnard-Thousand Oaks-Ventura, CA Metro Area",404157,355245,313985,41260,30296,7197,3767,3998,2988,180,782,19,29,1717,6597,37100,2020
"Ozark, AL Micro Area",19546,17923,16286,1637,1413,125,99,7,7,0,0,0,0,0,546,37120,2020
"Paducah, KY-IL Micro Area",41512,38262,35705,2557,1942,288,327,192,142,0,28,0,22,84,604,37140,2020
"Pahrump, NV Micro Area",15073,13184,11581,1603,1097,245,261,124,124,0,0,0,0,24,652,37220,2020
"Palatka, FL Micro Area",26140,23662,21140,2522,1925,324,273,62,62,0,0,0,0,161,440,37260,2020
"Palestine, TX Micro Area",18840,17816,15988,1828,1454,293,81,88,66,0,5,17,0,0,129,37300,2020
"Palm Bay-Melbourne-Titusville, FL Metro Area",257455,228573,209216,19357,15727,2281,1349,1521,1363,18,7,85,48,1511,2590,37340,2020
"Pampa, TX Micro Area",9359,8861,7633,1228,957,203,68,0,0,0,0,0,0,0,168,37420,2020
"Panama City, FL Metro Area",84080,76898,67848,9050,6821,1340,889,638,548,0,0,81,9,294,788,37460,2020
"Paragould, AR Micro Area",18786,17817,15655,2162,1759,235,168,31,19,0,0,0,12,0,350,37500,2020
"Paris, TN Micro Area",12279,11324,10265,1059,951,100,8,22,18,0,0,0,4,12,64,37540,2020
"Paris, TX Micro Area",21978,19794,17659,2135,1388,444,303,34,34,0,0,0,0,11,810,37580,2020
"Parkersburg-Vienna, WV Metro Area",37145,34191,30693,3498,2836,336,326,292,292,0,0,0,0,75,875,37620,2020
"Parsons, KS Micro Area",9328,8534,7574,960,861,67,32,19,14,5,0,0,0,56,278,37660,2020
"Payson, AZ Micro Area",18860,17165,14658,2507,2161,160,186,21,21,0,0,0,0,29,298,37740,2020
"Pearsall, TX Micro Area",6886,6424,5651,773,194,90,489,0,0,0,0,0,0,0,148,37770,2020
"Pecos, TX Micro Area",6078,5775,4827,948,759,55,134,0,0,0,0,0,0,0,84,37780,2020
"Pella, IA Micro Area",16453,14392,13097,1295,1056,135,104,61,61,0,0,0,0,77,813,37800,2020
"Pensacola-Ferry Pass-Brent, FL Metro Area",219679,189066,166870,22196,17641,3025,1530,1305,1281,0,0,0,24,1175,5505,37860,2020
"Peoria, IL Metro Area",180302,164472,151873,12599,10024,1365,1210,1475,1437,0,11,0,27,505,3813,37900,2020
"Peru, IN Micro Area",15220,14277,12829,1448,1255,130,63,56,51,0,5,0,0,106,192,37940,2020
"Philadelphia-Camden-Wilmington, PA-NJ-DE-MD Metro Area",2956445,2303701,2081996,221705,172478,29639,19588,258778,136138,55574,59926,6635,505,18504,99848,37980,2020
"Phoenix-Mesa-Chandler, AZ Metro Area",2265326,1919151,1674983,244168,185175,36738,22255,37466,32962,1118,419,2797,170,14673,33415,38060,2020
"Oklahoma City, OK Metro Area",667970,609452,546892,62560,48381,8462,5717,2642,2304,67,23,232,16,2093,10585,36420,2020
"Picayune, MS Micro Area",22040,20469,17361,3108,2576,388,144,0,0,0,0,0,0,9,320,38100,2020
"Pierre, SD Micro Area",10880,9919,8624,1295,964,233,98,124,124,0,0,0,0,0,338,38180,2020
"Pine Bluff, AR Metro Area",31063,29403,27251,2152,1725,247,180,129,123,0,0,6,0,18,408,38220,2020
"Pinehurst-Southern Pines, NC Micro Area",43225,38033,34804,3229,2518,507,204,74,36,0,38,0,0,22,420,38240,2020
"Pittsburg, KS Micro Area",18558,17327,15984,1343,1052,150,141,2,2,0,0,0,0,100,509,38260,2020
"Pittsburgh, PA Metro Area",1135331,940133,851935,88198,72346,9735,6117,60674,54711,2316,150,3388,109,3229,35629,38300,2020
"Pittsfield, MA Metro Area",61251,51948,47089,4859,3884,568,407,651,546,92,13,0,0,236,3782,38340,2020
"Plainview, TX Micro Area",13768,13116,11593,1523,1094,229,200,35,35,0,0,0,0,0,171,38380,2020
"Platteville, WI Micro Area",25429,21225,19629,1596,1238,214,144,60,60,0,0,0,0,127,1668,38420,2020
"Plattsburgh, NY Micro Area",35420,31872,28372,3500,2717,384,399,154,42,16,0,0,96,99,1258,38460,2020
"Plymouth, IN Micro Area",21070,19053,16644,2409,1858,240,311,80,50,0,0,30,0,518,425,38500,2020
"Pocatello, ID Metro Area",39411,34540,30344,4196,2889,704,603,342,342,0,0,0,0,359,1119,38540,2020
"Point Pleasant, WV-OH Micro Area",21938,20513,19380,1133,923,81,129,21,21,0,0,0,0,16,364,38580,2020
"Ponca City, OK Micro Area",18396,17122,14977,2145,1331,577,237,16,16,0,0,0,0,11,345,38620,2020
"Ponce, PR Metro Area",59013,55166,50652,4514,3192,948,374,219,76,0,0,143,0,263,1389,38660,2020
"Pontiac, IL Micro Area",15706,13918,12749,1169,859,91,219,25,22,0,0,0,3,135,496,38700,2020
"Poplar Bluff, MO Micro Area",21812,19939,17363,2576,2171,243,162,119,119,0,0,0,0,83,260,38740,2020
"Portales, NM Micro Area",8036,7159,6057,1102,871,72,159,29,29,0,0,0,0,19,413,38780,2020
"Port Angeles, WA Micro Area",29310,24945,21965,2980,2205,412,363,289,254,26,0,0,9,90,1075,38820,2020
"Portland-South Portland, ME Metro Area",288183,243431,219981,23450,19637,2324,1489,2675,2045,123,186,36,285,1515,11146,38860,2020
"Portland-Vancouver-Hillsboro, OR-WA Metro Area",1251088,968512,858237,110275,86804,13953,9518,72465,52042,6616,2662,10981,164,24451,40705,38900,2020
"Port Lavaca, TX Micro Area",9998,9435,8476,959,717,222,20,24,24,0,0,0,0,0,175,38920,2020
"Port St. Lucie, FL Metro Area",201430,179674,160591,19083,14611,2769,1703,637,582,0,46,9,0,874,3086,38940,2020
"Portsmouth, OH Micro Area",26811,25209,23647,1562,1295,164,103,14,14,0,0,0,0,48,535,39020,2020
"Pottsville, PA Micro Area",62457,57322,51072,6250,4908,753,589,288,245,6,10,7,20,68,1975,39060,2020
"Poughkeepsie-Newburgh-Middletown, NY Metro Area",319357,263786,237957,25829,19809,3146,2874,15941,6412,1578,7630,258,63,508,11250,39100,2020
"Prescott Valley-Prescott, AZ Metro Area",88217,76199,67120,9079,6925,1410,744,182,182,0,0,0,0,343,3113,39150,2020
"Price, UT Micro Area",8153,7451,6687,764,352,225,187,40,33,0,7,0,0,26,237,39220,2020
"Prineville, OR Micro Area",9583,8944,8004,940,770,131,39,0,0,0,0,0,0,20,120,39260,2020
"Providence-Warwick, RI-MA Metro Area",802833,707043,640836,66207,50259,8951,6997,18826,10100,1215,7241,73,197,2016,23644,39300,2020
"Provo-Orem, UT Metro Area",292701,240761,209706,31055,23673,4193,3189,6321,3178,468,2391,284,0,2176,11073,39340,2020
"Pueblo, CO Metro Area",68835,63816,56295,7521,5291,1533,697,522,479,19,13,4,7,181,1112,39380,2020
"Pullman, WA Micro Area",22366,16146,13737,2409,1726,286,397,950,946,0,4,0,0,343,3377,39420,2020
"Punta Gorda, FL Metro Area",63285,54415,49777,4638,3716,367,555,157,74,16,0,0,67,537,518,39460,2020
"Quincy, IL-MO Micro Area",36537,33291,30407,2884,2402,341,141,210,186,0,0,0,24,46,775,39500,2020
"Racine, WI Metro Area",93360,85144,78150,6994,5454,1171,369,978,823,0,131,0,24,135,835,39540,2020
"Raleigh-Cary, NC Metro Area",697647,590685,537064,53621,41114,7660,4847,5958,5531,283,87,29,28,1121,7880,39580,2020
"Rapid City, SD Metro Area",70776,62918,57083,5835,4395,726,714,506,461,0,0,0,45,387,1865,39660,2020
"Raymondville, TX Micro Area",8403,7673,6996,677,449,184,44,0,0,0,0,0,0,0,286,39700,2020
"Reading, PA Metro Area",201725,175991,159285,16706,12881,2088,1737,2923,2701,121,68,0,33,400,6294,39740,2020
"Red Bluff, CA Micro Area",24149,22051,19685,2366,1327,746,293,89,81,0,8,0,0,43,424,39780,2020
"Redding, CA Metro Area",72254,64707,58506,6201,4344,1284,573,410,337,25,0,0,48,493,1512,39820,2020
"Red Wing, MN Micro Area",23934,21084,19289,1795,1348,304,143,368,368,0,0,0,0,23,614,39860,2020
"Reno, NV Metro Area",233784,203175,175594,27581,21200,3747,2634,4868,4804,25,16,8,15,1274,5211,39900,2020
"Rexburg, ID Micro Area",23864,20058,16559,3499,3055,264,180,146,146,0,0,0,0,104,1504,39940,2020
"Richmond, IN Micro Area",30162,26994,24200,2794,2071,305,418,107,106,0,0,0,1,28,936,39980,2020
"Richmond, VA Metro Area",642558,558617,506048,52569,40948,7416,4205,9911,8612,302,821,133,43,2984,10203,40060,2020
"Richmond-Berea, KY Micro Area",46206,41640,37043,4597,3894,435,268,65,65,0,0,0,0,68,1897,40080,2020
"Rio Grande City-Roma, TX Micro Area",22122,19230,15932,3298,2695,416,187,46,46,0,0,0,0,0,933,40100,2020
"Riverside-San Bernardino-Ontario, CA Metro Area",1942256,1740709,1518096,222613,159551,35042,28020,22521,14362,1132,6566,372,89,4294,27164,40140,2020
"Riverton, WY Micro Area",16447,13736,12327,1409,1038,308,63,72,72,0,0,0,0,263,665,40180,2020
"Roanoke, VA Metro Area",146146,129096,119811,9285,6739,1288,1258,1683,1570,66,14,33,0,250,3135,40220,2020
"Roanoke Rapids, NC Micro Area",24971,23387,20696,2691,2065,398,228,32,32,0,0,0,0,9,320,40260,2020
"Rochelle, IL Micro Area",24013,22113,19693,2420,2018,343,59,86,40,7,0,0,39,16,339,40300,2020
"Rochester, MN Metro Area",115577,96796,83974,12822,9928,1706,1188,4224,4185,0,0,0,39,636,4035,40340,2020
"Rochester, NY Metro Area",511976,445724,405274,40450,33291,4032,3127,9584,9099,273,104,10,98,2375,15161,40380,2020
"Rockford, IL Metro Area",154204,141718,126565,15153,11542,2150,1461,1344,1233,0,65,46,0,424,1844,40420,2020
"Rockingham, NC Micro Area",18539,17740,16430,1310,887,208,215,64,64,0,0,0,0,0,283,40460,2020
"Rockport, TX Micro Area",9078,7745,6963,782,666,102,14,37,37,0,0,0,0,27,119,40530,2020
"Rock Springs, WY Micro Area",21301,19321,16120,3201,2107,683,411,538,532,0,0,0,6,158,633,40540,2020
"Rocky Mount, NC Metro Area",61771,57045,51748,5297,4046,734,517,435,423,0,0,12,0,40,790,40580,2020
"Rolla, MO Micro Area",18248,16495,14386,2109,1579,335,195,55,55,0,0,0,0,21,882,40620,2020
"Rome, GA Metro Area",41365,37638,33402,4236,2903,744,589,166,157,9,0,0,0,73,1363,40660,2020
"Roseburg, OR Micro Area",42379,38137,33236,4901,3834,620,447,113,113,0,0,0,0,95,976,40700,2020
"Roswell, NM Micro Area",26549,24977,22445,2532,1592,478,462,379,376,3,0,0,0,21,325,40740,2020
"Ruidoso, NM Micro Area",7831,6480,5613,867,565,190,112,14,14,0,0,0,0,0,45,40760,2020
"Russellville, AR Micro Area",35848,33235,29384,3851,3049,478,324,143,87,0,33,0,23,44,608,40780,2020
"Ruston, LA Micro Area",20384,18642,17181,1461,1008,172,281,0,0,0,0,0,0,27,516,40820,2020
"Rutland, VT Micro Area",28927,25639,23529,2110,1533,185,392,212,193,5,13,1,0,10,1119,40860,2020
"Sacramento-Roseville-Folsom, CA Metro Area",1061719,889380,793056,96324,71177,14393,10754,22432,15089,1582,2103,3531,127,13527,17716,40900,2020
"Safford, AZ Micro Area",13181,12276,10320,1956,1174,184,598,24,24,0,0,0,0,0,187,40940,2020
"Saginaw, MI Metro Area",80917,74526,66497,8029,6423,989,617,343,319,0,0,15,9,308,1488,40980,2020
"St. Cloud, MN Metro Area",105061,91739,83523,8216,6064,1149,1003,1486,1315,13,118,27,13,283,4325,41060,2020
"St. George, UT Metro Area",71112,61723,54820,6903,5066,1069,768,227,214,13,0,0,0,299,1032,41100,2020
"St. Joseph, MO-KS Metro Area",55905,51709,46633,5076,3994,755,327,281,212,35,0,0,34,35,959,41140,2020
"St. Louis, MO-IL Metro Area",1385318,1222863,1125644,97219,76861,11702,8656,26811,22037,2818,921,1022,13,2884,22100,41180,2020
"St. Marys, GA Micro Area",24990,21997,20071,1926,1677,132,117,52,52,0,0,0,0,86,1354,41220,2020
"St. Marys, PA Micro Area",15007,14038,12536,1502,1202,285,15,45,29,0,0,0,16,44,432,41260,2020
"Salem, OH Micro Area",44754,41429,37665,3764,2817,749,198,110,110,0,0,0,0,288,805,41400,2020
"Salem, OR Metro Area",192422,166920,146057,20863,15573,3021,2269,2776,2698,0,46,20,12,1479,5164,41420,2020
"Salina, KS Micro Area",29709,26860,24178,2682,2352,214,116,146,120,26,0,0,0,180,700,41460,2020
"Salinas, CA Metro Area",190195,156678,135755,20923,15445,2963,2515,2438,2268,25,81,12,52,950,4852,41500,2020
"Salisbury, MD-DE Metro Area",181210,162084,147325,14759,10362,2447,1950,1342,1182,111,43,0,6,596,2988,41540,2020
"Salt Lake City, UT Metro Area",624355,524195,457183,67012,50875,8820,7317,20427,11114,1791,2983,4489,50,3788,12567,41620,2020
"San Angelo, TX Metro Area",58842,51954,46098,5856,4131,1105,620,150,103,47,0,0,0,149,2389,41660,2020
"San Antonio-New Braunfels, TX Metro Area",1159868,1022631,895865,126766,92355,20781,13630,20115,19768,103,6,43,195,2038,20348,41700,2020
"San Diego-Chula Vista-Carlsbad, CA Metro Area",1629725,1344864,1203617,141247,108210,19572,13465,42978,35579,864,2663,3605,267,9695,48015,41740,2020
"Sandpoint, ID Micro Area",18129,15540,13636,1904,1457,422,25,154,154,0,0,0,0,417,508,41760,2020
"Sandusky, OH Micro Area",35010,32726,29776,2950,2582,177,191,375,347,0,0,13,15,9,304,41780,2020
"Sanford, NC Micro Area",27228,25796,22579,3217,2820,235,162,147,147,0,0,0,0,0,172,41820,2020
"San Francisco-Oakland-Berkeley, CA Metro Area",2388758,1544313,1325716,218597,156790,39682,22125,382361,164971,161940,34159,13462,7829,41576,109098,41860,2020
"San Germán, PR Metro Area",32539,29839,28353,1486,1147,256,83,149,79,52,0,18,0,0,851,41900,2020
"San Jose-Sunnyvale-Santa Clara, CA Metro Area",1001260,815730,713038,102692,78264,14902,9526,39281,21143,2737,12476,2841,84,15153,20876,41940,2020
"San Juan-Bayamón-Caguas, PR Metro Area",683205,615585,560051,55534,44094,7698,3742,13484,5539,2484,47,5167,247,1162,18344,41980,2020
"San Luis Obispo-Paso Robles, CA Metro Area",130088,107674,94501,13173,9691,2009,1473,1274,1264,0,0,0,10,2067,6126,42020,2020
"Santa Cruz-Watsonville, CA Metro Area",132923,101961,90464,11497,8733,1820,944,2971,2903,46,16,6,0,3545,6555,42100,2020
"Santa Fe, NM Metro Area",68419,58827,52690,6137,4481,1196,460,627,557,27,43,0,0,309,1228,42140,2020
"Santa Isabel, PR Micro Area",7522,7118,6787,331,243,12,76,20,0,0,0,20,0,29,140,42180,2020
"Santa Maria-Santa Barbara, CA Metro Area",208560,169361,141949,27412,19092,4719,3601,6141,5887,27,198,0,29,6515,8144,42200,2020
"Santa Rosa-Petaluma, CA Metro Area",248048,209988,184166,25822,19267,3771,2784,3926,3229,146,442,34,75,1773,6207,42220,2020
"Sault Ste. Marie, MI Micro Area",15755,13824,12085,1739,1403,252,84,60,55,3,0,0,2,141,697,42300,2020
"Savannah, GA Metro Area",185609,163786,147560,16226,13156,1937,1133,3187,3057,106,0,17,7,1141,4198,42340,2020
"Sayre, PA Micro Area",26172,22892,20779,2113,1610,320,183,47,47,0,0,0,0,69,1144,42380,2020
"Scottsbluff, NE Micro Area",17474,16067,14136,1931,1505,294,132,26,26,0,0,0,0,33,341,42420,2020
"Scottsboro, AL Micro Area",19369,18336,16668,1668,1288,280,100,7,0,0,7,0,0,20,230,42460,2020
"Scottsburg, IN Micro Area",9842,9127,8037,1090,882,122,86,0,0,0,0,0,0,138,202,42500,2020
"Scranton--Wilkes-Barre, PA Metro Area",257566,231031,204457,26574,20770,2617,3187,2264,2103,130,13,0,18,450,7514,42540,2020
"Searcy, AR Micro Area",31923,29963,26992,2971,1792,947,232,69,69,0,0,0,0,101,726,42620,2020
"Seattle-Tacoma-Bellevue, WA Metro Area",2038741,1522181,1322644,199537,152498,25761,21278,185672,159595,7754,10262,6191,1870,19767,80637,42660,2020
"Sebastian-Vero Beach, FL Metro Area",59079,51997,47416,4581,3334,958,289,263,214,26,23,0,0,373,382,42680,2020
"Sebring-Avon Park, FL Metro Area",33657,30191,26737,3454,2841,425,188,247,221,20,6,0,0,224,678,42700,2020
"Sedalia, MO Micro Area",18884,17280,15849,1431,1065,184,182,31,31,0,0,0,0,37,301,42740,2020
"Selinsgrove, PA Micro Area",19608,16997,15245,1752,1265,221,266,27,27,0,0,0,0,242,851,42780,2020
"Selma, AL Micro Area",13697,13128,12162,966,782,136,48,0,0,0,0,0,0,0,154,42820,2020
"Seneca, SC Micro Area",32521,29941,26523,3418,2364,654,400,159,152,0,0,0,7,0,340,42860,2020
"Seneca Falls, NY Micro Area",15080,13352,11876,1476,1170,152,154,91,83,8,0,0,0,51,418,42900,2020
"Sevierville, TN Micro Area",45928,41862,35738,6124,4615,1110,399,272,208,12,19,33,0,325,620,42940,2020
"Seymour, IN Micro Area",20974,19496,17413,2083,1634,271,178,31,31,0,0,0,0,52,580,42980,2020
"Shawano, WI Micro Area",20914,18391,17052,1339,1058,125,156,67,65,2,0,0,0,23,486,43020,2020
"Shawnee, OK Micro Area",29733,27396,25105,2291,1797,282,212,20,14,0,0,0,6,29,571,43060,2020
"Sheboygan, WI Metro Area",58698,53335,48774,4561,3615,602,344,229,217,0,7,0,5,419,1172,43100,2020
"Shelby, NC Micro Area",40411,37733,33850,3883,3172,515,196,34,34,0,0,0,0,5,1074,43140,2020
"Shelbyville, TN Micro Area",22217,20747,17872,2875,2321,364,190,9,0,0,0,9,0,0,194,43180,2020
"Shelton, WA Micro Area",25035,22359,18899,3460,2578,524,358,359,301,0,0,0,58,8,409,43220,2020
"Sheridan, WY Micro Area",14727,13075,11660,1415,946,314,155,0,0,0,0,0,0,65,399,43260,2020
"Sherman-Denison, TX Metro Area",61681,55771,48999,6772,5503,609,660,193,141,0,0,52,0,123,854,43300,2020
"Show Low, AZ Micro Area",33939,28875,25484,3391,2801,381,209,414,408,0,0,6,0,170,1621,43320,2020
"Shreveport-Bossier City, LA Metro Area",169386,156908,143211,13697,10954,1705,1038,2079,2063,0,0,0,16,281,2075,43340,2020
"Sidney, OH Micro Area",24149,22538,20154,2384,2049,163,172,9,7,2,0,0,0,152,347,43380,2020
"Sierra Vista-Douglas, AZ Metro Area",47285,41475,37189,4286,2875,702,709,236,236,0,0,0,0,169,1439,43420,2020
"Sikeston, MO Micro Area",17117,16209,14030,2179,1561,290,328,10,4,0,6,0,0,0,216,43460,2020
"Silver City, NM Micro Area",9539,8432,7465,967,532,393,42,49,49,0,0,0,0,68,217,43500,2020
"Sioux City, IA-NE-SD Metro Area",72509,66685,59417,7268,5718,986,564,625,620,0,0,0,5,71,1542,43580,2020
"Sioux Falls, SD Metro Area",143575,130571,119541,11030,8350,1513,1167,641,641,0,0,0,0,338,3279,43620,2020
"Snyder, TX Micro Area",6631,6272,5409,863,692,58,113,0,0,0,0,0,0,98,62,43660,2020
"Somerset, KY Micro Area",25326,24020,21821,2199,1800,294,105,87,70,0,0,0,17,0,366,43700,2020
"Somerset, PA Micro Area",32042,28921,26444,2477,1825,356,296,30,10,4,0,0,16,23,732,43740,2020
"Sonora, CA Micro Area",20018,17751,16097,1654,1289,268,97,91,91,0,0,0,0,46,539,43760,2020
"South Bend-Mishawaka, IN-MI Metro Area",150416,132939,120686,12253,9714,1466,1073,1666,1472,17,104,63,10,792,5487,43780,2020
"Spartanburg, SC Metro Area",142893,133281,119737,13544,10839,1676,1029,474,384,13,41,0,36,116,1517,43900,2020
"Spearfish, SD Micro Area",13288,11826,10474,1352,1064,155,133,39,39,0,0,0,0,32,617,43940,2020
"Spencer, IA Micro Area",7870,6983,6193,790,502,204,84,50,50,0,0,0,0,33,245,43980,2020
"Spirit Lake, IA Micro Area",9125,8174,7409,765,641,74,50,20,20,0,0,0,0,87,135,44020,2020
"Springfield, IL Metro Area",98086,87647,80783,6864,5620,734,510,1020,963,57,0,0,0,489,1419,44100,2020
"Springfield, MA Metro Area",328928,280526,255876,24650,19182,3114,2354,6987,6733,152,102,0,0,1508,13673,44140,2020
"Springfield, MO Metro Area",215672,196352,176603,19749,16094,2109,1546,1296,1249,2,45,0,0,602,3886,44180,2020
"Springfield, OH Metro Area",59000,53645,47992,5653,4058,985,610,369,369,0,0,0,0,202,1491,44220,2020
"Starkville, MS Micro Area",23817,21673,19879,1794,1392,348,54,126,126,0,0,0,0,35,353,44260,2020
"State College, PA Metro Area",75543,58230,51571,6659,5005,1070,584,3849,3826,12,0,11,0,1410,5890,44300,2020
"Statesboro, GA Micro Area",34368,30934,27619,3315,2362,690,263,334,334,0,0,0,0,357,674,44340,2020
"Staunton, VA Metro Area",57675,52998,48352,4646,3607,766,273,217,210,1,0,0,6,105,1163,44420,2020
"Steamboat Springs, CO Micro Area",14141,10733,9644,1089,618,315,156,407,377,30,0,0,0,596,531,44460,2020
"Stephenville, TX Micro Area",20025,18287,16514,1773,1267,373,133,12,12,0,0,0,0,197,408,44500,2020
"Sterling, CO Micro Area",10994,9376,8024,1352,779,247,326,288,288,0,0,0,0,25,388,44540,2020
"Sterling, IL Micro Area",25730,23771,21432,2339,1718,462,159,120,120,0,0,0,0,118,806,44580,2020
"Stevens Point, WI Micro Area",36865,31806,29095,2711,2177,395,139,217,210,5,2,0,0,378,1623,44620,2020
"Stillwater, OK Micro Area",36437,31815,28291,3524,3187,177,160,281,267,0,0,0,14,349,1932,44660,2020
"Stockton, CA Metro Area",307317,278963,241465,37498,26146,6428,4924,5006,2102,878,1859,167,0,906,4050,44700,2020
"Storm Lake, IA Micro Area",9977,8541,6899,1642,1199,353,90,31,17,0,0,14,0,156,659,44740,2020
"Sturgis, MI Micro Area",27476,24818,20533,4285,3309,406,570,160,97,42,21,0,0,278,760,44780,2020
"Sulphur Springs, TX Micro Area",16644,15740,13776,1964,1346,467,151,39,37,0,2,0,0,0,175,44860,2020
"Summerville, GA Micro Area",8736,8471,7477,994,745,115,134,3,3,0,0,0,0,10,98,44900,2020
"Sumter, SC Metro Area",56812,53147,47902,5245,3938,615,692,159,157,0,0,0,2,157,1017,44940,2020
"Sunbury, PA Micro Area",40640,37058,32990,4068,3274,415,379,101,100,0,1,0,0,33,1142,44980,2020
"Susanville, CA Micro Area",8106,7380,6544,836,609,89,138,26,26,0,0,0,0,9,179,45000,2020
"Sweetwater, TX Micro Area",6020,5572,4612,960,516,147,297,0,0,0,0,0,0,0,109,45020,2020
"Syracuse, NY Metro Area",303001,262749,238377,24372,20449,2580,1343,6112,5941,115,9,47,0,823,11423,45060,2020
"Tahlequah, OK Micro Area",19632,17669,15097,2572,1704,503,365,25,25,0,0,0,0,97,731,45140,2020
"Talladega-Sylacauga, AL Micro Area",31257,29483,26264,3219,1846,831,542,67,67,0,0,0,0,32,342,45180,2020
"Tallahassee, FL Metro Area",182080,161020,145512,15508,12042,2420,1046,2595,2534,0,0,0,61,960,3602,45220,2020
"Tampa-St. Petersburg-Clearwater, FL Metro Area",1453184,1243964,1119737,124227,95949,16530,11748,16670,16220,205,110,18,117,8437,19863,45300,2020
"Taos, NM Micro Area",12940,10506,9134,1372,1155,83,134,177,177,0,0,0,0,120,358,45340,2020
"Taylorville, IL Micro Area",14704,13675,12312,1363,1005,267,91,47,47,0,0,0,0,21,382,45380,2020
"Terre Haute, IN Metro Area",81533,74281,66123,8158,6605,766,787,526,469,54,3,0,0,297,2655,45460,2020
"Texarkana, TX-AR Metro Area",59262,56430,51859,4571,3419,459,693,212,206,0,0,6,0,87,459,45500,2020
"The Dalles, OR Micro Area",11350,9775,8794,981,796,86,99,21,21,0,0,0,0,48,513,45520,2020
"The Villages, FL Metro Area",25378,19942,18472,1470,1049,246,175,36,36,0,0,0,0,441,337,45540,2020
"Thomaston, GA Micro Area",10751,10341,9599,742,599,50,93,0,0,0,0,0,0,0,163,45580,2020
"Thomasville, GA Micro Area",19582,18427,15584,2843,2114,533,196,34,34,0,0,0,0,91,208,45620,2020
"Tiffin, OH Micro Area",25940,23388,21282,2106,1635,300,171,123,111,12,0,0,0,69,1284,45660,2020
"Tifton, GA Micro Area",17923,17124,15306,1818,1122,340,356,50,50,0,0,0,0,46,298,45700,2020
"Toccoa, GA Micro Area",10730,9942,8898,1044,912,45,87,0,0,0,0,0,0,0,225,45740,2020
"Toledo, OH Metro Area",299411,272959,251240,21719,16864,2498,2357,3215,3046,8,11,20,130,859,7476,45780,2020
"Spokane-Spokane Valley, WA Metro Area",253022,216512,192765,23747,18829,2983,1935,5914,5896,0,2,0,16,1036,6800,44060,2020
"Topeka, KS Metro Area",110271,100489,89334,11155,8261,1843,1051,932,919,0,0,0,13,110,2020,45820,2020
"Torrington, CT Micro Area",94278,83507,76684,6823,5240,672,911,1083,307,314,419,43,0,152,2121,45860,2020
"Traverse City, MI Micro Area",71622,62854,55878,6976,5444,1023,509,668,609,4,48,0,7,598,1333,45900,2020
"Trenton-Princeton, NJ Metro Area",174502,138039,119501,18538,13264,3317,1957,11709,3016,440,8087,166,0,548,6779,45940,2020
"Troy, AL Micro Area",13661,12823,11580,1243,1080,95,68,28,28,0,0,0,0,36,221,45980,2020
"Truckee-Grass Valley, CA Micro Area",43959,34637,31731,2906,2296,380,230,81,81,0,0,0,0,278,1159,46020,2020
"Tucson, AZ Metro Area",448553,381566,337360,44206,31305,8120,4781,8821,8513,28,16,228,36,6110,9553,46060,2020
"Tullahoma-Manchester, TN Micro Area",45401,41696,37657,4039,3165,403,471,19,2,0,17,0,0,62,1035,46100,2020
"Tulsa, OK Metro Area",460205,420598,377679,42919,33364,5620,3935,1728,1606,3,74,8,37,731,5458,46140,2020
"Tupelo, MS Micro Area",72447,69546,63092,6454,4862,922,670,20,20,0,0,0,0,26,391,46180,2020
"Tuscaloosa, AL Metro Area",109638,102134,90905,11229,9132,1463,634,704,686,13,5,0,0,239,1099,46220,2020
"Twin Falls, ID Metro Area",50951,46770,41796,4974,3730,792,452,145,124,0,21,0,0,37,848,46300,2020
"Tyler, TX Metro Area",102609,93815,84604,9211,6374,1822,1015,537,537,0,0,0,0,305,828,46340,2020
"Ukiah, CA Micro Area",36083,30088,26473,3615,2501,616,498,67,67,0,0,0,0,122,2219,46380,2020
"Union, SC Micro Area",11143,10660,9385,1275,886,242,147,5,5,0,0,0,0,8,134,46420,2020
"Union City, TN Micro Area",12373,11675,10732,943,678,158,107,0,0,0,0,0,0,14,207,46460,2020
"Urbana, OH Micro Area",17470,16140,14132,2008,1892,90,26,0,0,0,0,0,0,23,381,46500,2020
"Urban Honolulu, HI Metro Area",494042,388085,322111,65974,46461,12138,7375,35154,35067,23,10,36,18,4601,27563,46520,2020
"Utica-Rome, NY Metro Area",128736,114057,103238,10819,8354,1480,985,1357,1226,92,12,14,13,73,4828,46540,2020
"Uvalde, TX Micro Area",11151,10474,8802,1672,1196,223,253,0,0,0,0,0,0,78,168,46620,2020
"Valdosta, GA Metro Area",62840,57834,52017,5817,4533,946,338,193,172,0,5,16,0,272,1790,46660,2020
"Vallejo, CA Metro Area",207283,183472,157234,26238,17518,4753,3967,5671,2348,956,849,17,1501,522,2472,46700,2020
"Van Wert, OH Micro Area",13542,12641,11745,896,644,153,99,24,24,0,0,0,0,0,279,46780,2020
"Vermillion, SD Micro Area",6893,5240,4639,601,427,116,58,27,27,0,0,0,0,125,906,46820,2020
"Vernal, UT Micro Area",14082,12853,10779,2074,1249,282,543,60,60,0,0,0,0,45,367,46860,2020
"Vernon, TX Micro Area",6040,5802,4802,1000,803,100,97,3,3,0,0,0,0,3,87,46900,2020
"Vicksburg, MS Micro Area",19438,18642,17093,1549,1081,185,283,37,37,0,0,0,0,18,134,46980,2020
"Victoria, TX Metro Area",44694,40712,35634,5078,3777,832,469,367,367,0,0,0,0,130,780,47020,2020
"Vidalia, GA Micro Area",13504,12689,11331,1358,1106,152,100,41,41,0,0,0,0,34,470,47080,2020
"Vincennes, IN Micro Area",17338,16017,14974,1043,842,132,69,79,79,0,0,0,0,175,459,47180,2020
"Vineland-Bridgeton, NJ Metro Area",58816,54107,46831,7276,5213,1201,862,1015,899,27,23,20,46,162,881,47220,2020
"Vineyard Haven, MA Micro Area",8474,6391,5741,650,567,73,10,100,8,5,0,6,81,105,281,47240,2020
"Virginia Beach-Norfolk-Newport News, VA-NC Metro Area",887830,780269,706322,73947,57307,10590,6050,13604,12580,382,268,278,96,3023,29148,47260,2020
"Visalia, CA Metro Area",179001,165016,140970,24046,15542,4415,4089,1120,1087,9,16,8,0,441,2538,47300,2020
"Wabash, IN Micro Area",14208,12838,11983,855,560,132,163,64,64,0,0,0,0,16,537,47340,2020
"Waco, TX Metro Area",119630,109903,98277,11626,8785,1328,1513,706,658,48,0,0,0,180,2355,47380,2020
"Wahpeton, ND-MN Micro Area",11377,10159,9216,943,708,145,90,58,32,0,0,0,26,28,318,47420,2020
"Walla Walla, WA Metro Area",25940,21152,18618,2534,1750,408,376,260,260,0,0,0,0,275,1783,47460,2020
"Wapakoneta, OH Micro Area",22908,21261,19882,1379,1123,169,87,60,52,0,0,8,0,93,448,47540,2020
"Warner Robins, GA Metro Area",85504,80362,71922,8440,6670,1452,318,200,158,9,0,0,33,230,734,47580,2020
"Warren, PA Micro Area",17579,15869,13840,2029,1794,144,91,124,102,22,0,0,0,29,668,47620,2020
"Warrensburg, MO Micro Area",26330,23840,21335,2505,1459,785,261,11,11,0,0,0,0,41,1006,47660,2020
"Warsaw, IN Micro Area",38778,35417,30265,5152,4048,551,553,78,72,0,6,0,0,245,820,47700,2020
"Washington, IN Micro Area",14519,13253,10368,2885,1187,497,1201,17,17,0,0,0,0,210,430,47780,2020
"Washington, NC Micro Area",19496,18014,16812,1202,749,414,39,32,19,0,0,0,13,14,176,47820,2020
"Washington-Arlington-Alexandria, DC-VA-MD-WV Metro Area",3319399,2400364,2104233,296131,208196,52248,35687,396984,141989,229415,23417,1931,232,27470,104119,47900,2020
"Washington Court House, OH Micro Area",12098,11517,10636,881,774,91,16,73,73,0,0,0,0,0,59,47920,2020
"Waterloo-Cedar Falls, IA Metro Area",85665,75844,68678,7166,5456,1070,640,359,357,0,0,0,2,291,3214,47940,2020
"Watertown, SD Micro Area",17903,16233,14973,1260,828,255,177,7,7,0,0,0,0,35,399,47980,2020
"Watertown-Fort Atkinson, WI Micro Area",45558,41010,37292,3718,3045,409,264,108,92,2,6,0,8,137,1511,48020,2020
"Watertown-Fort Drum, NY Metro Area",51510,44316,40034,4282,3254,785,243,290,281,7,0,0,2,19,2668,48060,2020
"Wauchula, FL Micro Area",9432,8617,7529,1088,893,68,127,142,142,0,0,0,0,38,146,48100,2020
"Wausau-Weston, WI Metro Area",83363,74662,67763,6899,5063,1294,542,311,308,0,3,0,0,156,1812,48140,2020
"Waycross, GA Micro Area",20937,19874,18137,1737,1306,221,210,52,25,27,0,0,0,30,236,48180,2020
"Weatherford, OK Micro Area",14252,13399,12049,1350,773,268,309,7,0,0,0,7,0,9,291,48220,2020
"Weirton-Steubenville, WV-OH Metro Area",49869,44563,41392,3171,2521,307,343,329,246,52,7,24,0,11,1987,48260,2020
"Wenatchee, WA Metro Area",55012,47577,43508,4069,3120,694,255,458,458,0,0,0,0,285,1711,48300,2020
"West Plains, MO Micro Area",15288,14499,12771,1728,1441,197,90,50,50,0,0,0,0,0,159,48460,2020
"West Point, MS Micro Area",7241,6606,6182,424,311,22,91,0,0,0,0,0,0,94,35,48500,2020
"Wheeling, WV-OH Metro Area",59477,55278,51185,4093,3360,486,247,379,350,20,0,3,6,77,1414,48540,2020
"Whitewater, WI Micro Area",53570,47712,43238,4474,3142,734,598,203,96,19,75,0,13,171,2133,48580,2020
"Wichita, KS Metro Area",306058,281406,253448,27958,20282,5009,2667,1344,1183,59,15,30,57,1183,5008,48620,2020
"Wichita Falls, TX Metro Area",70604,60588,53842,6746,4830,1243,673,299,228,0,15,9,47,146,5102,48660,2020
"Williamsport, PA Metro Area",52007,46883,42329,4554,3645,319,590,559,559,0,0,0,0,228,1664,48700,2020
"Williston, ND Micro Area",18600,17395,15833,1562,1204,169,189,42,20,0,13,9,0,5,514,48780,2020
"Willmar, MN Micro Area",21819,19351,17500,1851,1270,288,293,317,317,0,0,0,0,87,451,48820,2020
"Wilmington, NC Metro Area",139785,122011,111479,10532,8114,1068,1350,569,465,20,84,0,0,430,2195,48900,2020
"Wilmington, OH Micro Area",19052,17426,15941,1485,1131,273,81,61,47,0,0,0,14,47,522,48940,2020
"Wilson, NC Micro Area",34618,32098,28381,3717,2794,548,375,75,61,2,12,0,0,33,547,48980,2020
"Winchester, VA-WV Metro Area",65934,59720,53311,6409,5362,542,505,225,215,0,10,0,0,65,1189,49020,2020
"Winfield, KS Micro Area",15297,14111,12223,1888,1482,244,162,13,3,0,10,0,0,45,362,49060,2020
"Winnemucca, NV Micro Area",8058,6155,4903,1252,604,137,511,856,831,0,0,0,25,0,346,49080,2020
"Winona, MN Micro Area",27886,23500,21214,2286,1672,411,203,526,522,0,0,4,0,258,1575,49100,2020
"Winston-Salem, NC Metro Area",304855,277842,250097,27745,21437,3923,2385,1797,1770,0,5,0,22,387,4150,49180,2020
"Wisconsin Rapids-Marshfield, WI Micro Area",35314,32126,28920,3206,2495,543,168,39,22,0,17,0,0,209,896,49220,2020
"Woodward, OK Micro Area",11001,10199,8925,1274,788,335,151,0,0,0,0,0,0,21,209,49260,2020
"Wooster, OH Micro Area",53905,48117,42398,5719,3721,801,1197,118,68,0,0,21,29,735,1763,49300,2020
"Worcester, MA-CT Metro Area",472216,405873,369140,36733,28187,4546,4000,8288,3545,812,3855,33,43,948,13417,49340,2020
"Worthington, MN Micro Area",10223,9046,7564,1482,1128,187,167,103,102,0,0,0,1,0,400,49380,2020
"Yakima, WA Metro Area",103954,96527,84049,12478,9677,1321,1480,268,265,0,0,0,3,316,1389,49420,2020
"Yankton, SD Micro Area",11524,10477,9363,1114,705,355,54,25,25,0,0,0,0,54,264,49460,2020
"Yauco, PR Metro Area",21218,19668,18952,716,584,121,11,157,68,0,0,14,75,25,389,49500,2020
"York-Hanover, PA Metro Area",221407,201614,183722,17892,14907,2125,860,1702,1568,35,75,24,0,528,3104,49620,2020
"Youngstown-Warren-Boardman, OH-PA Metro Area",232682,212036,195250,16786,12621,1905,2260,2262,2184,14,27,37,0,178,3667,49660,2020
"Yuba City, CA Metro Area",70868,64345,55950,8395,5374,1753,1268,579,554,6,19,0,0,188,905,49700,2020
"Yuma, AZ Metro Area",81019,73920,63937,9983,6567,1934,1482,1436,1406,0,28,2,0,244,1592,49740,2020
"Zanesville, OH Micro Area",37953,35443,32292,3151,2293,323,535,102,89,13,0,0,0,12,1084,49780,2020
"Zapata, TX Micro Area",4954,4523,3485,1038,739,106,193,0,0,0,0,0,0,0,180,49820,2020
