metro_area,total,with_internet_subscription,dial_up_with_no_other_internet_subscription,broadband_of_any_type,cellular_data_plan,cellular_data_plan_only,broadband_cable_fiber_or_dsl,broadband_cable_fiber_or_dsl_only,satellite_internet_service,satellite_internet_service_only,other_service_only,internet_access_without_subscription,no_internet_access,metro_area_id,year
"Aberdeen, SD Micro Area",17795,14735,42,14693,12851,1608,12230,1570,1218,127,19,666,2394,10100,2020
"Aberdeen, WA Micro Area",29433,25313,99,25214,21642,3768,20370,3221,1590,230,1,566,3554,10140,2020
"Abilene, TX Metro Area",61414,50049,57,49992,45889,7218,39397,3236,5100,452,44,1332,10033,10180,2020
"Ada, OK Micro Area",14234,10224,24,10200,8610,1708,7201,721,2386,374,52,279,3731,10220,2020
"Adrian, MI Micro Area",38693,32409,235,32174,28697,5386,24369,2972,2798,228,38,1017,5267,10300,2020
"Aguadilla-Isabela, PR Metro Area",111662,64223,5429,58794,47278,20628,33580,9442,5061,1117,228,4720,42719,10380,2020
"Akron, OH Metro Area",289506,247110,924,246186,208537,25227,214076,34740,15609,1160,125,8490,33906,10420,2020
"Alamogordo, NM Micro Area",23112,19281,130,19151,16918,2652,14688,1743,2194,259,50,433,3398,10460,2020
"Albany, GA Metro Area",56120,43484,35,43449,39083,8972,31055,3450,5496,510,8,1682,10954,10500,2020
"Albany-Lebanon, OR Metro Area",48290,41416,183,41233,36804,5561,32293,3796,3927,430,53,1501,5373,10540,2020
"Albany-Schenectady-Troy, NY Metro Area",359734,313695,1140,312555,270199,30134,274780,39075,11763,1466,254,10506,35533,10580,2020
"Albemarle, NC Micro Area",23849,19741,100,19641,16952,3324,15232,2177,1776,377,5,672,3436,10620,2020
"Albert Lea, MN Micro Area",13005,10487,85,10402,8956,1653,8029,1215,990,91,32,294,2224,10660,2020
"Albertville, AL Micro Area",35115,29378,53,29325,26664,6037,22183,2416,1631,122,39,462,5275,10700,2020
"Albuquerque, NM Metro Area",357445,295933,1790,294143,253444,41721,237232,32522,30465,2862,476,11281,50231,10740,2020
"Alexander City, AL Micro Area",20375,15667,36,15631,13069,3776,9876,2122,2226,334,20,651,4057,10760,2020
"Alexandria, LA Metro Area",56129,44987,114,44873,40646,8381,31432,3355,6527,542,111,1094,10048,10780,2020
"Alexandria, MN Micro Area",16810,13286,148,13138,9813,1392,10762,3067,1250,133,28,698,2826,10820,2020
"Alice, TX Micro Area",16331,10728,42,10686,7717,1711,7648,2324,2269,394,0,205,5398,10860,2020
"Allentown-Bethlehem-Easton, PA-NJ Metro Area",324239,278272,1296,276976,245505,29303,240396,28832,16026,1038,217,6774,39193,10900,2020
"Alma, MI Micro Area",15084,11947,54,11893,9886,2208,7981,1621,1810,257,24,469,2668,10940,2020
"Alpena, MI Micro Area",12769,9971,50,9921,7963,1745,7399,1645,937,217,14,551,2247,10980,2020
"Altoona, PA Metro Area",51647,41514,181,41333,34811,5514,34297,5960,2764,291,32,1006,9127,11020,2020
"Altus, OK Micro Area",9681,8173,124,8049,7301,1537,5658,604,1058,97,5,352,1156,11060,2020
"Amarillo, TX Metro Area",97747,82474,156,82318,72773,14183,63487,8134,7422,641,135,2693,12580,11100,2020
"Americus, GA Micro Area",13280,9726,50,9676,8468,2425,5990,917,1769,226,33,287,3267,11140,2020
"Ames, IA Metro Area",48798,37937,186,37751,34096,4052,31815,3130,2974,208,13,7043,3818,11180,2020
"Amsterdam, NY Micro Area",19621,15609,172,15437,12259,1743,12994,2905,923,107,32,651,3361,11220,2020
"Anchorage, AK Metro Area",138934,126830,294,126536,117369,18818,104517,8391,5833,288,105,2542,9562,11260,2020
"Andrews, TX Micro Area",5649,5040,8,5032,4485,969,3650,385,451,72,0,53,556,11380,2020
"Angola, IN Micro Area",14449,11847,78,11769,10478,2428,8086,965,1622,218,29,571,2031,11420,2020
"Ann Arbor, MI Metro Area",143040,130260,164,130096,120122,11607,113657,8816,7242,463,68,4250,8530,11460,2020
"Anniston-Oxford, AL Metro Area",44572,35642,89,35553,30067,6664,26162,4447,3892,656,66,931,7999,11500,2020
"Appleton, WI Metro Area",94548,84005,328,83677,73629,9460,69632,8786,6402,706,144,1325,9218,11540,2020
"Arcadia, FL Micro Area",12421,7949,72,7877,6335,1651,5575,1279,905,193,0,610,3862,11580,2020
"Ardmore, OK Micro Area",21814,15317,45,15272,12265,3778,9186,1449,2538,637,114,1210,5287,11620,2020
"Arecibo, PR Metro Area",65897,43300,394,42906,37918,17206,23401,4029,2951,544,78,1801,20796,11640,2020
"Arkadelphia, AR Micro Area",8336,5935,2,5933,5429,1130,4231,378,799,58,0,403,1998,11660,2020
"Asheville, NC Metro Area",190156,154682,518,154164,133169,23389,122746,18245,12662,1699,216,5677,29797,11700,2020
"Ashland, OH Micro Area",20504,17011,69,16942,14581,3171,12736,2006,1405,194,25,516,2977,11740,2020
"Ashtabula, OH Micro Area",38614,31187,266,30921,25370,4582,24916,4927,2045,306,18,1337,6090,11780,2020
"Astoria, OR Micro Area",16019,13819,71,13748,11959,1292,11477,1446,1354,208,13,404,1796,11820,2020
"Atchison, KS Micro Area",6039,4607,52,4555,3642,855,3167,687,840,140,1,146,1286,11860,2020
"Athens, OH Micro Area",22539,17752,23,17729,15250,3340,12930,2161,1882,231,13,1852,2935,11900,2020
"Athens, TN Micro Area",21147,16828,88,16740,14953,5109,9365,1346,2761,412,5,471,3848,11940,2020
"Athens, TX Micro Area",31649,25107,137,24970,22057,5425,17460,2445,5776,195,12,621,5921,11980,2020
"Athens-Clarke County, GA Metro Area",80156,68716,155,68561,62649,7810,57948,5206,5907,275,49,2450,8990,12020,2020
"Atlanta-Sandy Springs-Alpharetta, GA Metro Area",2152319,1913262,2871,1910391,1758132,207137,1637024,132311,162248,9184,1619,53903,185154,12060,2020
"Atlantic City-Hammonton, NJ Metro Area",101103,86754,395,86359,73157,9020,75542,12460,3830,205,58,2608,11741,12100,2020
"Atmore, AL Micro Area",12931,8525,54,8471,7749,4546,2973,367,1202,267,16,146,4260,12120,2020
"Auburn, IN Micro Area",16904,13713,106,13607,12076,2792,9363,1216,1739,191,19,519,2672,12140,2020
"Auburn, NY Micro Area",30870,25391,180,25211,21549,3776,19170,3065,2324,373,11,910,4569,12180,2020
"Auburn-Opelika, AL Metro Area",60731,51506,143,51363,47295,5939,43038,3491,6156,227,45,2339,6886,12220,2020
"Augusta-Richmond County, GA-SC Metro Area",217664,178414,478,177936,160372,28998,138502,14508,16084,1759,81,6096,33154,12260,2020
"Augusta-Waterville, ME Micro Area",52506,44800,253,44547,37643,3707,39515,6378,1786,223,44,1343,6363,12300,2020
"Austin, MN Micro Area",15750,13004,95,12909,11029,2053,9741,1513,1651,243,16,508,2238,12380,2020
"Austin-Round Rock-Georgetown, TX Metro Area",796315,722713,1405,721308,665163,75201,622431,49860,48876,2871,413,20467,53135,12420,2020
"Bainbridge, GA Micro Area",9684,5817,18,5799,4795,1971,3000,617,939,334,0,582,3285,12460,2020
"Bakersfield, CA Metro Area",273556,229600,655,228945,205946,43676,172544,19386,24204,2292,153,6074,37882,12540,2020
"Baltimore-Columbia-Towson, MD Metro Area",1062780,933241,2625,930616,841157,108759,802053,82054,40463,2964,541,27902,101637,12580,2020
"Bangor, ME Metro Area",63073,53062,468,52594,42729,5187,45163,8981,3439,307,61,2539,7472,12620,2020
"Baraboo, WI Micro Area",26751,22235,180,22055,18973,2571,17632,2494,2319,387,32,881,3635,12660,2020
"Bardstown, KY Micro Area",17991,15156,45,15111,13014,2529,11585,1659,1429,261,37,582,2253,12680,2020
"Barnstable Town, MA Metro Area",95859,86493,377,86116,75175,6611,77943,10144,3092,252,40,2365,7001,12700,2020
"Barre, VT Micro Area",25310,21795,130,21665,16245,2996,17470,4778,1585,322,33,646,2869,12740,2020
"Bartlesville, OK Micro Area",20376,16230,56,16174,14277,2577,11363,1428,2778,225,35,621,3525,12780,2020
"Batavia, NY Micro Area",24174,20058,76,19982,17100,2521,16596,2528,1097,214,18,640,3476,12860,2020
"Batesville, AR Micro Area",21640,13405,167,13238,11030,3033,8700,1717,1835,276,29,2695,5540,12900,2020
"Baton Rouge, LA Metro Area",311169,263829,907,262922,232163,37661,213232,28585,21751,1077,95,10169,37171,12940,2020
"Battle Creek, MI Metro Area",54124,45132,170,44962,40026,9841,31770,3974,4279,642,113,702,8290,12980,2020
"Bay City, MI Metro Area",44627,37780,101,37679,32492,6325,29336,4600,2633,374,40,762,6085,13020,2020
"Bay City, TX Micro Area",13900,9559,67,9492,7187,2658,5222,1255,2103,865,98,658,3683,13060,2020
"Beatrice, NE Micro Area",9048,7522,77,7445,6160,1030,5639,959,1163,194,26,191,1335,13100,2020
"Beaumont-Port Arthur, TX Metro Area",146770,118813,166,118647,102821,27374,85297,14226,10394,823,86,2588,25369,13140,2020
"Beaver Dam, WI Micro Area",35007,29652,150,29502,25226,4704,22178,3514,3092,496,43,726,4629,13180,2020
"Beckley, WV Metro Area",48504,36523,66,36457,28341,5140,29444,6474,3805,501,76,2331,9650,13220,2020
"Bedford, IN Micro Area",18968,14960,41,14919,11546,3123,10072,2831,1799,398,38,249,3759,13260,2020
"Beeville, TX Micro Area",8499,5816,4,5812,5393,900,4114,215,1214,132,3,164,2519,13300,2020
"Bellefontaine, OH Micro Area",18604,16036,84,15952,13782,2657,12295,1905,1191,160,13,530,2038,13340,2020
"Bellingham, WA Metro Area",88978,79374,137,79237,71057,8389,67564,7426,4949,322,49,2139,7465,13380,2020
"Bemidji, MN Micro Area",17882,14784,26,14758,12372,1975,12442,2174,604,72,41,553,2545,13420,2020
"Bend, OR Metro Area",77040,69572,381,69191,59950,6782,58233,7318,5956,1399,82,1421,6047,13460,2020
"Bennettsville, SC Micro Area",9384,5696,35,5661,3798,1328,2968,999,1669,775,36,334,3354,13500,2020
"Bennington, VT Micro Area",14585,12047,115,11932,8543,1094,10286,3122,696,150,34,912,1626,13540,2020
"Berlin, NH Micro Area",13967,11407,45,11362,8221,842,9560,2657,1024,353,24,468,2092,13620,2020
"Big Rapids, MI Micro Area",16276,12654,116,12538,10678,2230,8862,1426,1779,234,32,610,3012,13660,2020
"Big Spring, TX Micro Area",11354,9015,22,8993,7979,1512,6726,945,985,22,31,383,1956,13700,2020
"Big Stone Gap, VA Micro Area",16793,11265,107,11158,8363,1832,8884,2408,773,223,3,2117,3411,13720,2020
"Billings, MT Metro Area",76411,65884,357,65527,56599,8519,52791,7503,6139,829,182,1830,8697,13740,2020
"Binghamton, NY Metro Area",100171,84986,434,84552,70217,8533,73440,13251,4318,483,23,2202,12983,13780,2020
"Birmingham-Hoover, AL Metro Area",422926,355453,881,354572,315086,57566,280469,33193,33748,2609,358,10800,56673,13820,2020
"Bismarck, ND Metro Area",54050,46287,106,46181,40726,5218,39924,5032,2587,155,2,2223,5540,13900,2020
"Blackfoot, ID Micro Area",15612,13495,105,13390,11840,2715,8955,1172,2106,269,53,330,1787,13940,2020
"Blacksburg-Christiansburg, VA Metro Area",62446,52004,266,51738,44009,7391,40107,6300,5604,817,177,1919,8523,13980,2020
"Bloomington, IL Metro Area",66225,56207,181,56026,44175,8368,45409,10742,3651,754,47,3350,6668,14010,2020
"Bloomington, IN Metro Area",65229,56491,143,56348,50319,6936,46882,5289,4119,333,65,2760,5978,14020,2020
"Bloomsburg-Berwick, PA Metro Area",33957,27662,177,27485,24202,4628,21315,2673,2274,261,29,768,5527,14100,2020
"Bluefield, WV-VA Micro Area",43785,33458,110,33348,28131,6179,25083,4493,3537,339,18,1206,9121,14140,2020
"Bluffton, IN Micro Area",11122,8860,73,8787,7874,1703,6229,617,1102,41,51,341,1921,14160,2020
"Blytheville, AR Micro Area",16623,12886,22,12864,11022,2919,8712,1493,2105,304,19,774,2963,14180,2020
"Bogalusa, LA Micro Area",17794,12707,38,12669,11737,4101,7093,744,1890,121,13,353,4734,14220,2020
"Boise City, ID Metro Area",269804,237149,1177,235972,214916,25932,195649,17502,28115,1971,186,6392,26263,14260,2020
"Bonham, TX Micro Area",12391,9284,28,9256,8186,1752,5392,767,2549,195,41,564,2543,14300,2020
"Boone, NC Micro Area",21453,18150,41,18109,15864,1681,15788,2044,1179,125,23,740,2563,14380,2020
"Borger, TX Micro Area",7074,5897,14,5883,5234,995,4299,501,938,120,0,180,997,14420,2020
"Boston-Cambridge-Newton, MA-NH Metro Area",1852755,1665982,2902,1663080,1492248,137559,1504059,161106,48748,2729,853,36161,150612,14460,2020
"Boulder, CO Metro Area",127365,117820,254,117566,108284,9162,104576,8141,6909,479,180,2996,6549,14500,2020
"Bowling Green, KY Metro Area",67547,57270,227,57043,51782,9166,44320,4508,4894,429,25,1314,8963,14540,2020
"Bozeman, MT Micro Area",45287,40640,134,40506,36528,4746,32788,3360,4084,427,18,1718,2929,14580,2020
"Bradford, PA Micro Area",17059,13485,127,13358,10616,1630,10985,2360,901,218,44,477,3097,14620,2020
"Brainerd, MN Micro Area",40854,34230,266,33964,27897,5767,25704,4900,3266,780,41,973,5651,14660,2020
"Branson, MO Micro Area",22390,19030,188,18842,16549,3483,13857,1923,1597,242,26,680,2680,14700,2020
"Breckenridge, CO Micro Area",11609,10364,0,10364,9511,767,9029,670,771,183,0,439,806,14720,2020
"Bremerton-Silverdale-Port Orchard, WA Metro Area",105758,98312,255,98057,88970,7245,87734,8283,5727,265,26,1692,5754,14740,2020
"Brenham, TX Micro Area",13321,10228,0,10228,8458,2449,5851,1328,2100,326,107,275,2818,14780,2020
"Brevard, NC Micro Area",14648,12321,36,12285,10509,1181,10511,1555,760,79,12,336,1991,14820,2020
"Bridgeport-Stamford-Norwalk, CT Metro Area",345070,310872,664,310208,275215,26446,279178,32998,11088,638,211,6995,27203,14860,2020
"Brookhaven, MS Micro Area",13127,9181,22,9159,7994,2819,5069,739,1755,231,18,679,3267,15020,2020
"Brookings, OR Micro Area",10790,8731,72,8659,7048,1208,6679,1310,890,243,38,289,1770,15060,2020
"Brookings, SD Micro Area",13364,11203,57,11146,8525,1286,9439,2443,649,55,43,590,1571,15100,2020
"Brownsville, TN Micro Area",7148,4815,20,4795,4291,1380,2662,320,934,138,9,134,2199,15140,2020
"Brownsville-Harlingen, TX Metro Area",126968,80134,118,80016,66771,24000,51655,11599,7819,884,168,15368,31466,15180,2020
"Brownwood, TX Micro Area",14614,11496,19,11477,8555,2432,7163,2175,2114,582,32,524,2594,15220,2020
"Brunswick, GA Metro Area",47297,37267,104,37163,31541,4749,30801,5165,3094,310,76,1843,8187,15260,2020
"Bucyrus-Galion, OH Micro Area",17928,14901,103,14798,12507,1989,11593,1889,1527,266,25,411,2616,15340,2020
"Buffalo-Cheektowaga, NY Metro Area",482932,407351,1334,406017,348795,53359,342881,52287,21363,1820,498,11945,63636,15380,2020
"Burley, ID Micro Area",15288,13014,49,12965,11345,2703,8554,1052,2182,471,3,202,2072,15420,2020
"Burlington, IA-IL Micro Area",19878,15928,75,15853,13965,2409,12408,1622,1474,160,18,385,3565,15460,2020
"Burlington, NC Metro Area",65455,53300,123,53177,45884,6625,44552,6696,4462,325,25,1564,10591,15500,2020
"Burlington-South Burlington, VT Metro Area",88499,76401,424,75977,66014,5657,68065,9096,3675,365,61,4291,7807,15540,2020
"Butte-Silver Bow, MT Micro Area",15026,12058,178,11880,9962,2273,8344,1657,1752,185,3,624,2344,15580,2020
"Cadillac, MI Micro Area",19406,15827,105,15722,14014,4520,9618,1301,1895,269,7,364,3215,15620,2020
"Calhoun, GA Micro Area",20446,15248,40,15208,13033,2855,11135,1763,1830,287,0,1442,3756,15660,2020
"California-Lexington Park, MD Metro Area",41280,35902,128,35774,30758,3276,30553,4412,2999,375,25,1219,4159,15680,2020
"Cambridge, MD Micro Area",13433,10843,48,10795,9339,2715,7235,1185,1041,180,53,248,2342,15700,2020
"Cambridge, OH Micro Area",16244,12646,108,12538,10334,2664,9021,1790,1094,209,16,470,3128,15740,2020
"Camden, AR Micro Area",11241,8067,26,8041,6832,1851,5273,964,1226,188,1,256,2918,15780,2020
"Campbellsville, KY Micro Area",14099,11249,5,11244,9189,2120,8578,1606,969,85,7,269,2581,15820,2020
"Cañon City, CO Micro Area",17449,14540,80,14460,12431,2284,10755,1579,1813,254,55,486,2423,15860,2020
"Canton-Massillon, OH Metro Area",165608,138272,588,137684,119313,17200,115113,16281,10593,1055,107,5120,22216,15940,2020
"Cape Coral-Fort Myers, FL Metro Area",288916,252984,948,252036,225632,31511,212465,23099,19518,1224,218,9369,26563,15980,2020
"Cape Girardeau, MO-IL Metro Area",36893,30629,93,30536,27841,6964,20403,1879,3823,482,22,472,5792,16020,2020
"Carbondale-Marion, IL Metro Area",56319,45459,270,45189,41510,12422,28657,2813,5353,492,54,1910,8950,16060,2020
"Carlsbad-Artesia, NM Micro Area",21548,17383,48,17335,15328,3882,12468,1641,1941,230,0,532,3633,16100,2020
"Carroll, IA Micro Area",8651,7029,59,6970,6281,1168,5263,549,815,82,10,272,1350,16140,2020
"Carson City, NV Metro Area",22858,19786,264,19522,15610,2249,16528,3592,1553,199,0,713,2359,16180,2020
"Casper, WY Metro Area",32896,28283,67,28216,24643,2723,23914,3171,2009,218,61,1127,3486,16220,2020
"Cedar City, UT Micro Area",17381,14866,129,14737,11832,1563,11186,2170,2364,553,38,791,1724,16260,2020
"Cedar Rapids, IA Metro Area",109796,95401,547,94854,79649,11248,79519,13680,6898,830,96,3026,11369,16300,2020
"Cedartown, GA Micro Area",15425,12355,36,12319,11242,3289,8040,929,1468,96,17,425,2645,16340,2020
"Celina, OH Micro Area",16078,13982,77,13905,11905,1401,11738,1665,1135,227,13,253,1843,16380,2020
"Central City, KY Micro Area",11539,8988,42,8946,8110,1905,6207,628,1053,164,0,179,2372,16420,2020
"Centralia, IL Micro Area",16126,13214,66,13148,11398,2578,8920,1341,1960,328,18,428,2484,16460,2020
"Centralia, WA Micro Area",31118,25557,352,25205,19954,3491,18586,4063,3457,794,46,1207,4354,16500,2020
"Chambersburg-Waynesboro, PA Metro Area",61617,51654,480,51174,43098,6206,43277,7107,3048,350,22,995,8968,16540,2020
"Champaign-Urbana, IL Metro Area",89814,75307,242,75065,64758,8408,63328,9493,5768,254,100,6247,8260,16580,2020
"Charleston, WV Metro Area",109935,87884,374,87510,69509,10705,71645,15252,7106,1973,155,3643,18408,16620,2020
"Charleston-Mattoon, IL Micro Area",25201,20493,72,20421,17543,3228,15960,2601,1582,172,9,989,3719,16660,2020
"Charleston-North Charleston, SC Metro Area",299947,244181,537,243644,222048,32174,202860,18670,20211,1350,115,21080,34686,16700,2020
"Charlotte-Concord-Gastonia, NC-SC Metro Area",975476,859910,1856,858054,747369,97196,731369,97274,58600,5649,2783,18115,97451,16740,2020
"Charlottesville, VA Metro Area",85051,73581,322,73259,65844,16796,52312,6167,5188,543,168,2421,9049,16820,2020
"Chattanooga, TN-GA Metro Area",222885,184559,453,184106,162765,26591,152413,19442,8858,787,193,4994,33332,16860,2020
"Cheyenne, WY Metro Area",40202,35754,126,35628,28965,3339,30056,6181,3001,331,50,1086,3362,16940,2020
"Chicago-Naperville-Elgin, IL-IN-WI Metro Area",3548735,3092956,8046,3084910,2782211,352268,2632351,264735,217071,13658,4888,85151,370628,16980,2020
"Cincinnati, OH-KY-IN Metro Area",870103,762552,3165,759387,680888,85755,649631,70576,45081,3195,915,17855,89696,17140,2020
"Clarksburg, WV Micro Area",36485,29377,115,29262,21384,4609,23013,7154,2188,482,44,870,6238,17220,2020
"Clarksdale, MS Micro Area",8614,5800,62,5738,4473,2862,2306,304,675,330,0,89,2725,17260,2020
"Clarksville, TN-KY Metro Area",111845,94775,251,94524,85846,13620,74909,7123,9704,1074,39,3435,13635,17300,2020
"Clearlake, CA Micro Area",25508,20721,104,20617,16723,2967,15155,2992,3120,642,26,468,4319,17340,2020
"Cleveland, MS Micro Area",12114,8087,12,8075,7305,2011,5437,554,908,111,4,425,3602,17380,2020
"Cleveland, TN Metro Area",48178,39501,171,39330,34167,7273,29367,4559,3553,329,87,619,8058,17420,2020
"Cleveland-Elyria, OH Metro Area",871132,727099,2752,724347,621819,80046,619445,92080,49810,4317,683,23160,120873,17460,2020
"Clewiston, FL Micro Area",12878,9766,0,9766,8462,2663,6324,1038,1603,122,33,282,2830,17500,2020
"Clinton, IA Micro Area",19477,15462,120,15342,13466,2248,12169,1496,1323,149,4,380,3635,17540,2020
"Clovis, NM Micro Area",18620,15707,28,15679,13935,3130,11842,1527,787,99,44,190,2723,17580,2020
"Coamo, PR Micro Area",13199,8618,48,8570,6270,3039,5079,2115,521,174,0,299,4282,17620,2020
"Coco, PR Micro Area",9973,6611,74,6537,5143,3088,3299,1348,259,46,0,168,3194,17640,2020
"Coeur d'Alene, ID Metro Area",64475,56595,187,56408,50241,7553,43999,5095,6375,643,96,2022,5858,17660,2020
"Coffeyville, KS Micro Area",13767,10817,29,10788,9246,2178,7170,1085,1617,261,59,336,2614,17700,2020
"Coldwater, MI Micro Area",16716,13447,89,13358,11695,2322,9790,1384,1557,179,10,439,2830,17740,2020
"College Station-Bryan, TX Metro Area",95194,77997,158,77839,71594,11845,60355,4843,8408,773,63,6808,10389,17780,2020
"Colorado Springs, CO Metro Area",273240,252332,934,251398,221494,22960,217692,26414,21216,2006,94,4763,16145,17820,2020
"Columbia, MO Metro Area",81721,69968,385,69583,63595,5717,60206,5111,6086,579,12,3770,7983,17860,2020
"Columbia, SC Metro Area",318887,268627,630,267997,242335,35044,221331,21904,27254,2109,252,6626,43634,17900,2020
"Columbus, GA-AL Metro Area",120480,95612,206,95406,84880,15932,72406,8487,9312,773,212,3921,20947,17980,2020
"Columbus, IN Metro Area",31772,27223,139,27084,24258,3539,21689,2218,2486,294,55,549,4000,18020,2020
"Columbus, MS Micro Area",22457,18217,47,18170,16498,5225,11969,1454,1605,174,12,322,3918,18060,2020
"Columbus, NE Micro Area",13173,10901,66,10835,9308,1541,8376,1384,1038,100,0,286,1986,18100,2020
"Columbus, OH Metro Area",805628,719172,1676,717496,645839,76368,617308,64668,43700,3323,488,15446,71010,18140,2020
"Concord, NH Micro Area",59209,52165,282,51883,44111,3377,47274,7144,2161,238,10,1563,5481,18180,2020
"Connersville, IN Micro Area",9686,7563,14,7549,6276,1409,5327,1080,914,168,10,253,1870,18220,2020
"Cookeville, TN Micro Area",45271,34053,99,33954,28291,3817,29186,5028,1960,186,47,1600,9618,18260,2020
"Coos Bay, OR Micro Area",27819,22945,120,22825,18792,3299,17364,3328,2655,430,68,610,4264,18300,2020
"Cordele, GA Micro Area",8479,5779,36,5743,5192,1095,4047,422,755,115,0,138,2562,18380,2020
"Corinth, MS Micro Area",14610,10494,44,10450,9722,3020,6675,640,1110,46,0,506,3610,18420,2020
"Cornelia, GA Micro Area",15258,11678,40,11638,10280,2161,9041,1008,1452,108,4,507,3073,18460,2020
"Corning, NY Micro Area",40099,33207,171,33036,27030,4479,26099,5160,2882,574,77,898,5994,18500,2020
"Corpus Christi, TX Metro Area",153904,127378,143,127235,118687,20356,101487,7127,10886,752,118,3043,23483,18580,2020
"Corsicana, TX Micro Area",17509,13998,28,13970,11624,4124,7963,1721,2769,323,67,194,3317,18620,2020
"Cortland, NY Micro Area",17980,14240,93,14147,11837,1559,11885,2031,908,179,16,1382,2358,18660,2020
"Corvallis, OR Metro Area",36051,33176,100,33076,29616,2621,29134,3092,1828,215,0,1027,1848,18700,2020
"Coshocton, OH Micro Area",14579,10900,63,10837,8713,1839,7835,1770,1424,274,18,326,3353,18740,2020
"Craig, CO Micro Area",5218,4354,6,4348,3393,711,2938,741,789,214,0,154,710,18780,2020
"Crawfordsville, IN Micro Area",15618,13336,40,13296,12245,2525,9695,824,1348,152,20,304,1978,18820,2020
"Chico, CA Metro Area",83879,73862,266,73596,64166,8436,58772,7204,8783,1284,93,1984,8033,17020,2020
"Chillicothe, OH Micro Area",29080,23678,4,23674,20485,3024,19501,2918,1238,176,10,1069,4333,17060,2020
"Crescent City, CA Micro Area",9805,8216,27,8189,6569,843,6640,1403,830,137,18,397,1192,18860,2020
"Crestview-Fort Walton Beach-Destin, FL Metro Area",107870,94197,363,93834,83916,9259,81293,8984,6118,430,7,3715,9958,18880,2020
"Crossville, TN Micro Area",26389,21970,77,21893,18354,2783,17728,2996,2274,211,7,685,3734,18900,2020
"Cullman, AL Micro Area",31733,25092,161,24931,22118,6675,15878,2196,3413,226,0,850,5791,18980,2020
"Cullowhee, NC Micro Area",22749,16366,181,16185,14206,2857,11786,1507,2103,276,87,1240,5143,19000,2020
"Cumberland, MD-WV Metro Area",38179,31110,116,30994,26219,4710,24706,4011,2287,524,18,910,6159,19060,2020
"Dallas-Fort Worth-Arlington, TX Metro Area",2615579,2327094,3784,2323310,2150869,311349,1903903,139310,225066,11936,2021,54488,233997,19100,2020
"Dalton, GA Metro Area",50932,41947,171,41776,30197,11085,29560,10846,2079,225,2,759,8226,19140,2020
"Danville, IL Metro Area",31013,24511,138,24373,21774,6797,15378,2064,3245,245,13,787,5715,19180,2020
"Danville, KY Micro Area",20756,16094,86,16008,14318,3389,10630,1188,2902,302,35,404,4258,19220,2020
"Danville, VA Micro Area",44471,32706,271,32435,28274,8883,20632,3347,3318,542,90,1124,10641,19260,2020
"Daphne-Fairhope-Foley, AL Metro Area",84047,71880,382,71498,65644,13937,53139,4634,8874,788,0,2149,10018,19300,2020
"Davenport-Moline-Rock Island, IA-IL Metro Area",154517,129872,518,129354,115823,19189,104031,11172,10574,1041,187,3857,20788,19340,2020
"Dayton, TN Micro Area",12324,9924,13,9911,8961,2562,6591,837,926,71,0,254,2146,19420,2020
"Dayton-Kettering, OH Metro Area",334252,289913,718,289195,256872,37287,241228,28780,19764,1420,205,6729,37610,19430,2020
"Decatur, AL Metro Area",58939,44496,213,44283,36571,10080,31244,6481,4547,897,57,2562,11881,19460,2020
"Decatur, IL Metro Area",43810,35688,95,35593,30531,5712,28224,4438,2799,165,29,1165,6957,19500,2020
"Decatur, IN Micro Area",12512,9276,192,9084,7780,1887,6283,1031,1096,169,2,320,2916,19540,2020
"Defiance, OH Micro Area",15385,12834,92,12742,10716,1235,10693,1745,1303,114,10,285,2266,19580,2020
"Del Rio, TX Micro Area",16388,11002,2,11000,9535,2040,8306,1267,1229,97,55,600,4786,19620,2020
"Deltona-Daytona Beach-Ormond Beach, FL Metro Area",264426,216335,635,215700,175568,40797,157267,32801,15553,1656,3678,11991,36100,19660,2020
"Deming, NM Micro Area",8911,6207,29,6178,5609,2335,3385,405,629,128,0,175,2529,19700,2020
"Denver-Aurora-Lakewood, CO Metro Area",1097674,1004478,2587,1001891,912161,87172,879458,78416,75164,4821,679,22907,70289,19740,2020
"DeRidder, LA Micro Area",13812,11429,26,11403,10253,2829,6490,820,2688,291,6,203,2180,19760,2020
"Des Moines-West Des Moines, IA Metro Area",271569,236759,1150,235609,214058,32867,190510,18532,21872,1671,222,8354,26456,19780,2020
"Detroit-Warren-Dearborn, MI Metro Area",1726401,1482216,4030,1478186,1303547,190902,1236711,154923,94897,9124,1212,44583,199602,19820,2020
"Dickinson, ND Micro Area",13001,10923,35,10888,9453,1294,9251,1313,991,38,3,557,1521,19860,2020
"Dixon, IL Micro Area",13634,10943,25,10918,9561,1522,8385,1070,1368,211,17,427,2264,19940,2020
"Dodge City, KS Micro Area",11237,9233,41,9192,7826,1981,6679,1216,600,104,18,166,1838,19980,2020
"Dothan, AL Metro Area",56912,43891,261,43630,38236,10540,30395,4413,4416,486,23,1224,11797,20020,2020
"Douglas, GA Micro Area",17785,13094,33,13061,11168,2412,9800,1480,2410,175,23,712,3979,20060,2020
"Dover, DE Metro Area",67299,58722,158,58564,51687,8628,47576,6042,3620,416,38,1043,7534,20100,2020
"Dublin, GA Micro Area",23037,15582,74,15508,10857,3171,11042,3847,1922,349,46,519,6936,20140,2020
"DuBois, PA Micro Area",31704,24265,279,23986,19323,3398,18768,3822,2150,446,81,860,6579,20180,2020
"Dubuque, IA Metro Area",38655,33227,178,33049,29412,3772,25862,3057,4711,333,27,1230,4198,20220,2020
"Duluth, MN-WI Metro Area",124208,102735,868,101867,89581,17095,75934,9653,12255,1365,102,3550,17923,20260,2020
"Dumas, TX Micro Area",6659,5643,0,5643,5216,1761,3427,329,658,31,0,320,696,20300,2020
"Duncan, OK Micro Area",16607,13122,53,13069,11137,3268,8195,1522,1783,353,23,439,3046,20340,2020
"Durango, CO Micro Area",21370,17100,83,17017,14185,2229,12879,2162,2269,401,61,1276,2994,20420,2020
"Durant, OK Micro Area",17634,13041,28,13013,10844,3149,7974,1321,2452,495,38,866,3727,20460,2020
"Durham-Chapel Hill, NC Metro Area",250974,218736,618,218118,197753,24495,185840,17966,15827,817,229,7919,24319,20500,2020
"Dyersburg, TN Micro Area",15271,12392,49,12343,10933,3149,8374,1177,1117,136,13,414,2465,20540,2020
"Eagle Pass, TX Micro Area",16647,10884,0,10884,8622,1965,8722,2190,560,4,0,253,5510,20580,2020
"Easton, MD Micro Area",16810,14662,62,14600,12344,1618,12020,2080,1329,106,27,227,1921,20660,2020
"East Stroudsburg, PA Metro Area",59950,52814,305,52509,45028,4129,46039,6629,4466,307,22,941,6195,20700,2020
"Eau Claire, WI Metro Area",67646,59242,357,58885,51391,7467,48456,6468,4326,607,52,1395,7009,20740,2020
"Edwards, CO Micro Area",18667,17364,21,17343,15942,4273,12447,1056,1494,128,0,288,1015,20780,2020
"Effingham, IL Micro Area",13856,11689,86,11603,10320,1726,8975,1139,1261,76,36,175,1992,20820,2020
"El Campo, TX Micro Area",15248,11825,147,11678,9831,4208,5644,1172,2328,535,94,350,3073,20900,2020
"El Centro, CA Metro Area",45768,37555,102,37453,35386,6495,28914,1623,3743,218,33,1026,7187,20940,2020
"El Dorado, AR Micro Area",15855,10678,20,10658,8706,2292,7162,1653,1608,252,0,1038,4139,20980,2020
"Elizabeth City, NC Micro Area",20671,16745,69,16676,14336,2653,13015,2060,1542,84,26,660,3266,21020,2020
"Elizabethtown-Fort Knox, KY Metro Area",58528,47483,248,47235,40571,5505,39833,6099,3316,341,20,3056,7989,21060,2020
"Elk City, OK Micro Area",7724,5906,25,5881,5498,1468,3916,311,780,59,0,269,1549,21120,2020
"Elkhart-Goshen, IN Metro Area",72362,60905,326,60579,53191,9823,47275,6434,4937,301,165,1402,10055,21140,2020
"Elkins, WV Micro Area",10977,7994,22,7972,6548,1122,6281,1072,823,115,40,419,2564,21180,2020
"Elko, NV Micro Area",19177,16719,33,16686,14843,3287,11983,1470,1942,147,31,566,1892,21220,2020
"Ellensburg, WA Micro Area",19162,16501,54,16447,14802,1641,13543,1425,1452,132,19,1072,1589,21260,2020
"Elmira, NY Metro Area",34328,28284,98,28186,23080,3790,22767,4596,2225,318,29,1497,4547,21300,2020
"El Paso, TX Metro Area",274789,227313,428,226885,208351,42858,174312,16458,21808,1019,164,8165,39311,21340,2020
"Emporia, KS Micro Area",14643,12172,36,12136,10888,2902,8063,1052,1249,167,6,535,1936,21380,2020
"Enid, OK Metro Area",23709,19033,57,18976,16654,3299,14261,1966,2428,210,25,874,3802,21420,2020
"Enterprise, AL Micro Area",19951,16595,102,16493,14995,3141,12495,1260,1469,124,14,388,2968,21460,2020
"Erie, PA Metro Area",110388,92379,660,91719,79057,13472,75632,11606,4762,319,94,2409,15600,21500,2020
"Escanaba, MI Micro Area",16154,12793,49,12744,10351,2281,9133,1894,1488,392,25,450,2911,21540,2020
"Española, NM Micro Area",13035,7921,14,7907,5677,1297,5258,1220,1501,796,72,342,4772,21580,2020
"Eufaula, AL-GA Micro Area",10280,6643,50,6593,5824,2031,3793,593,1103,119,0,605,3032,21640,2020
"Eugene-Springfield, OR Metro Area",154516,136457,672,135785,120470,15803,112248,13226,10731,1366,95,5387,12672,21660,2020
"Eureka-Arcata, CA Micro Area",54120,46505,119,46386,38445,5704,36561,6467,4297,902,129,1168,6447,21700,2020
"Evanston, WY Micro Area",7789,7134,11,7123,6242,827,5147,681,1468,139,5,124,531,21740,2020
"Evansville, IN-KY Metro Area",129824,109802,154,109648,95025,16175,87192,12545,9370,1030,53,3020,17002,21780,2020
"Fairbanks, AK Metro Area",36199,31820,274,31546,26687,5827,24303,4570,2038,47,17,938,3441,21820,2020
"Fairfield, IA Micro Area",6855,5740,41,5699,5017,923,4270,602,667,42,12,173,942,21840,2020
"Fairmont, MN Micro Area",8824,7312,76,7236,5951,1353,5131,1072,916,151,14,171,1341,21860,2020
"Fairmont, WV Micro Area",23033,19238,36,19202,15814,2713,15595,3030,1112,237,18,600,3195,21900,2020
"Fallon, NV Micro Area",9972,8503,61,8442,7438,925,7117,850,534,77,0,174,1295,21980,2020
"Fargo, ND-MN Metro Area",101722,87952,252,87700,80269,10429,74119,6406,6029,557,73,4868,8902,22020,2020
"Faribault-Northfield, MN Micro Area",23183,20176,58,20118,18065,3244,15747,1827,1436,143,31,462,2545,22060,2020
"Farmington, MO Micro Area",24572,19859,74,19785,17969,3971,14056,1482,2485,289,13,570,4143,22100,2020
"Farmington, NM Metro Area",43582,29227,175,29052,23433,4955,21602,4534,3595,677,108,2510,11845,22140,2020
"Fayetteville, NC Metro Area",192505,162693,391,162302,141000,19374,137844,19174,10293,927,183,5802,24010,22180,2020
"Fayetteville-Springdale-Rogers, AR Metro Area",194800,155593,532,155061,140784,22528,123317,12065,12465,1110,102,15237,23970,22220,2020
"Fergus Falls, MN Micro Area",24693,19808,259,19549,17030,3399,14840,2246,1624,124,37,858,4027,22260,2020
"Fernley, NV Micro Area",21726,19140,30,19110,15895,2993,13972,2673,2710,320,58,354,2232,22280,2020
"Findlay, OH Micro Area",32022,27894,151,27743,24290,2755,23546,3050,2085,309,13,728,3400,22300,2020
"Fitzgerald, GA Micro Area",6612,3992,19,3973,3185,715,2770,477,1001,135,0,697,1923,22340,2020
"Flagstaff, AZ Metro Area",49016,39111,205,38906,32971,5585,29442,4526,4455,967,67,1716,8189,22380,2020
"Flint, MI Metro Area",170581,138527,531,137996,112945,17907,115422,22685,7670,896,49,5509,26545,22420,2020
"Florence, SC Metro Area",78997,57666,277,57389,43913,11170,42401,11442,5410,1670,66,2915,18416,22500,2020
"Florence-Muscle Shoals, AL Metro Area",60310,45800,218,45582,39276,11866,30404,5241,4818,744,23,2175,12335,22520,2020
"Fond du Lac, WI Metro Area",41890,35339,242,35097,29906,5116,26817,4553,3664,398,34,1093,5458,22540,2020
"Forest City, NC Micro Area",27525,20584,53,20531,17853,4472,13177,2127,3536,292,38,977,5964,22580,2020
"Forrest City, AR Micro Area",9313,6028,10,6018,4619,2084,3188,919,924,453,0,525,2760,22620,2020
"Fort Collins, CO Metro Area",134185,121805,358,121447,107323,9099,105398,12190,11852,1061,171,4536,7844,22660,2020
"Fort Dodge, IA Micro Area",15605,12406,143,12263,10854,2569,9136,1248,921,22,0,641,2558,22700,2020
"Fort Leonard Wood, MO Micro Area",15061,12088,33,12055,10196,1625,9745,1755,1147,67,3,1259,1714,22780,2020
"Fort Madison-Keokuk, IA-IL-MO Micro Area",24513,19375,187,19188,16133,3270,13948,2526,1999,317,71,663,4475,22800,2020
"Fort Morgan, CO Micro Area",10863,9308,40,9268,8136,1913,6417,861,1087,202,24,222,1333,22820,2020
"Fort Payne, AL Micro Area",26365,20751,70,20681,18511,4870,14617,1753,1833,296,25,507,5107,22840,2020
"Fort Polk South, LA Micro Area",17516,14269,75,14194,12460,3491,8987,1332,2399,306,9,286,2961,22860,2020
"Fort Smith, AR-OK Metro Area",98199,76167,299,75868,65750,15393,54608,8114,7941,1326,56,2871,19161,22900,2020
"Fort Wayne, IN Metro Area",160865,139608,548,139060,124615,20018,114407,13100,7531,563,209,3348,17909,23060,2020
"Frankfort, IN Micro Area",12144,9535,57,9478,8327,2452,6120,985,1072,129,0,328,2281,23140,2020
"Frankfort, KY Micro Area",30035,24564,24,24540,22337,5621,17242,1911,2029,204,32,1624,3847,23180,2020
"Fredericksburg, TX Micro Area",10820,9021,25,8996,8113,1595,5832,669,1906,193,8,282,1517,23240,2020
"Freeport, IL Micro Area",19741,16225,128,16097,13806,2772,11948,1862,1759,283,41,360,3156,23300,2020
"Fremont, NE Micro Area",15284,12866,214,12652,10933,1841,9723,1583,1295,90,0,346,2072,23340,2020
"Fremont, OH Micro Area",23825,19289,138,19151,16415,3402,14393,2232,1956,316,21,729,3807,23380,2020
"Fresno, CA Metro Area",310097,257011,814,256197,230026,40298,201787,22078,26210,2030,574,8506,44580,23420,2020
"Gadsden, AL Metro Area",38765,31153,75,31078,27073,6696,22256,3292,3457,365,40,1145,6467,23460,2020
"Gaffney, SC Micro Area",20779,13953,23,13930,12033,3394,9421,1481,1947,200,58,1115,5711,23500,2020
"Gainesville, FL Metro Area",125651,104940,477,104463,95013,11984,85331,7643,10015,1180,194,5946,14765,23540,2020
"Gainesville, GA Metro Area",65555,58523,60,58463,54116,9172,46755,3642,5494,261,34,1021,6011,23580,2020
"Gainesville, TX Micro Area",15530,12082,22,12060,10755,2560,7989,1004,2026,245,5,684,2764,23620,2020
"Galesburg, IL Micro Area",20428,15418,143,15275,13153,2981,11514,1634,1152,190,17,1132,3878,23660,2020
"Gallup, NM Micro Area",21247,10257,207,10050,8036,3520,5712,1621,1219,311,6,994,9996,23700,2020
"Garden City, KS Micro Area",13764,11139,13,11126,9788,2207,8561,1077,944,88,0,304,2321,23780,2020
"Gardnerville Ranchos, NV Micro Area",21071,19097,33,19064,15531,1551,16741,3224,1695,142,3,248,1726,23820,2020
"Georgetown, SC Micro Area",25758,19954,25,19929,17887,2075,16413,1856,1831,78,28,1082,4722,23860,2020
"Gettysburg, PA Metro Area",39628,33741,392,33349,29052,3824,27907,3727,2153,153,93,788,5099,23900,2020
"Gillette, WY Micro Area",23214,20517,0,20517,17422,4214,14061,2534,3160,398,29,817,1880,23940,2020
"Glasgow, KY Micro Area",21579,17574,128,17446,12210,2258,14771,4981,735,66,0,483,3522,23980,2020
"Glens Falls, NY Metro Area",53088,44371,217,44154,35780,5262,35231,6972,4739,986,43,1049,7668,24020,2020
"Glenwood Springs, CO Micro Area",29010,26129,81,26048,22593,5871,17321,2561,3740,615,61,676,2205,24060,2020
"Gloversville, NY Micro Area",22406,18059,198,17861,11306,1125,15824,4449,830,143,468,483,3864,24100,2020
"Goldsboro, NC Metro Area",48198,40365,36,40329,35801,6659,31797,3995,3283,231,31,389,7444,24140,2020
"Granbury, TX Micro Area",23215,20499,42,20457,18677,5229,13597,1356,3044,298,0,754,1962,24180,2020
"Grand Forks, ND-MN Metro Area",43398,35824,65,35759,31922,4399,29998,3352,2153,308,4,2173,5401,24220,2020
"Grand Island, NE Metro Area",29558,24744,234,24510,21357,4047,18446,2722,2602,280,21,870,3944,24260,2020
"Grand Junction, CO Metro Area",59750,52660,430,52230,45994,5460,43734,5357,3914,534,56,1294,5796,24300,2020
"Grand Rapids, MN Micro Area",19529,15950,120,15830,13541,2606,12217,1949,1394,188,6,467,3112,24330,2020
"Grand Rapids-Kentwood, MI Metro Area",396595,346356,1122,345234,309131,45383,283038,31192,24998,2605,332,9822,40417,24340,2020
"Grants, NM Micro Area",8408,5462,64,5398,3208,1274,3055,1526,1258,588,19,116,2830,24380,2020
"Grants Pass, OR Metro Area",36606,30465,154,30311,25159,4389,22301,3976,4600,681,65,1507,4634,24420,2020
"Great Bend, KS Micro Area",10628,8532,28,8504,7234,987,6985,1007,841,98,13,296,1800,24460,2020
"Great Falls, MT Metro Area",34440,27459,113,27346,23866,2760,23126,2895,2175,311,63,950,6031,24500,2020
"Greeley, CO Metro Area",102046,89992,228,89764,81615,9956,72733,6394,11812,1051,67,2561,9493,24540,2020
"Green Bay, WI Metro Area",130563,112528,628,111900,99322,14517,91008,10902,9269,927,140,2904,15131,24580,2020
"Greeneville, TN Micro Area",27515,20234,129,20105,16851,4522,14590,2880,1245,172,46,1113,6168,24620,2020
"Greensboro-High Point, NC Metro Area",303556,244025,604,243421,216273,29993,206228,23778,15859,1151,247,14167,45364,24660,2020
"Greensburg, IN Micro Area",10241,8388,0,8388,7512,1657,5528,711,1215,80,35,197,1656,24700,2020
"Greenville, MS Micro Area",17882,11356,30,11326,9563,3268,7056,1381,1233,176,88,1382,5144,24740,2020
"Greenville, NC Metro Area",70683,59332,88,59244,54285,14100,42894,4094,3482,240,201,2682,8669,24780,2020
"Greenville, OH Micro Area",21171,17171,278,16893,14252,2740,12748,2328,1659,196,10,377,3623,24820,2020
"Greenville-Anderson, SC Metro Area",350728,294820,568,294252,262583,41156,240212,27347,26326,1904,156,7955,47953,24860,2020
"Greenwood, MS Micro Area",13919,7364,44,7320,5384,1513,4669,1068,1704,593,0,1106,5449,24900,2020
"Greenwood, SC Micro Area",27977,21147,42,21105,17879,4014,16064,2603,2172,399,15,870,5960,24940,2020
"Grenada, MS Micro Area",8476,6478,20,6458,5879,1745,4110,404,1040,95,0,160,1838,24980,2020
"Guayama, PR Metro Area",26386,17468,52,17416,16402,8197,8182,937,1096,28,36,477,8441,25020,2020
"Gulfport-Biloxi, MS Metro Area",161773,133645,309,133336,121345,24946,99751,10318,14379,774,94,3583,24545,25060,2020
"Guymon, OK Micro Area",6761,5492,0,5492,4920,975,4397,530,205,22,0,201,1068,25100,2020
"Hagerstown-Martinsburg, MD-WV Metro Area",109554,92289,379,91910,80505,12765,74661,9859,6642,729,113,2339,14926,25180,2020
"Hailey, ID Micro Area",8709,7814,6,7808,3977,839,6382,3222,799,443,0,105,790,25200,2020
"Hammond, LA Metro Area",48548,39781,24,39757,36552,6898,29574,2509,3887,350,66,654,8113,25220,2020
"Hanford-Corcoran, CA Metro Area",43604,36415,54,36361,28658,4215,29945,7153,3447,357,38,919,6270,25260,2020
"Hannibal, MO Micro Area",15669,12762,71,12691,11343,1647,10411,1167,945,116,10,503,2404,25300,2020
"Harrisburg-Carlisle, PA Metro Area",233447,200359,865,199494,175419,21924,171855,22252,9607,736,91,5464,27624,25420,2020
"Harrison, AR Micro Area",18039,14591,124,14467,11499,3155,10347,2754,1060,131,13,416,3032,25460,2020
"Harrisonburg, VA Metro Area",48057,38417,98,38319,34175,6603,28473,3303,3462,510,17,2273,7367,25500,2020
"Hartford-East Hartford-Middletown, CT Metro Area",477495,415235,1260,413975,357094,44308,361362,52995,17177,1739,221,12279,49981,25540,2020
"Hastings, NE Micro Area",12786,10685,108,10577,8829,1183,8502,1412,1204,209,5,346,1755,25580,2020
"Hattiesburg, MS Metro Area",62222,48335,322,48013,39928,12807,30978,6076,6152,1500,70,1591,12296,25620,2020
"Hays, KS Micro Area",11686,10176,0,10176,9152,1355,8557,933,436,77,5,356,1154,25700,2020
"Heber, UT Micro Area",24979,23436,187,23249,20834,1930,18385,1827,3954,440,14,370,1173,25720,2020
"Helena, MT Micro Area",32947,28150,175,27975,23128,2603,22503,4143,3086,503,22,1016,3781,25740,2020
"Helena-West Helena, AR Micro Area",7561,5390,0,5390,4922,1759,3167,388,1010,62,0,93,2078,25760,2020
"Henderson, NC Micro Area",16895,12699,119,12580,10725,1820,10119,1459,1023,249,0,291,3905,25780,2020
"Hereford, TX Micro Area",6053,4786,2,4784,3829,1549,2911,808,380,32,2,128,1139,25820,2020
"Hermiston-Pendleton, OR Micro Area",30916,25238,102,25136,21225,3821,18807,3032,3545,643,31,844,4834,25840,2020
"Hickory-Lenoir-Morganton, NC Metro Area",145451,117404,293,117111,102206,17228,93981,12793,8923,1236,108,2637,25410,25860,2020
"Hillsdale, MI Micro Area",18180,14175,131,14044,12102,2939,9599,1520,1689,239,30,572,3433,25880,2020
"Hilo, HI Micro Area",71747,58853,256,58597,50882,7072,48156,6667,5092,575,39,2637,10257,25900,2020
"Hilton Head Island-Bluffton, SC Metro Area",84955,73324,254,73070,66866,7276,63644,5308,5977,347,87,3065,8566,25940,2020
"Hinesville, GA Metro Area",30059,26727,50,26677,22858,3884,21917,3348,2023,238,10,672,2660,25980,2020
"Hobbs, NM Micro Area",22868,18468,34,18434,17110,4350,13083,951,2010,173,32,562,3838,26020,2020
"Holland, MI Micro Area",43927,37289,160,37129,32986,12285,20784,3170,4353,591,34,721,5917,26090,2020
"Homosassa Springs, FL Metro Area",64621,55066,249,54817,44187,5703,46322,9440,3805,525,143,1531,8024,26140,2020
"Hood River, OR Micro Area",8892,7716,13,7703,7061,737,6272,480,1156,102,26,226,950,26220,2020
"Hope, AR Micro Area",11288,8281,3,8278,7004,3743,3596,836,1249,265,23,198,2809,26260,2020
"Hot Springs, AR Metro Area",40906,32916,71,32845,27952,7305,22996,4175,4019,410,24,1029,6961,26300,2020
"Houghton, MI Micro Area",14884,12190,59,12131,10379,1851,9261,1429,1158,205,23,515,2179,26340,2020
"Houma-Thibodaux, LA Metro Area",77019,62131,116,62015,54130,7751,51131,6346,6520,575,44,1523,13365,26380,2020
"Houston-The Woodlands-Sugar Land, TX Metro Area",2407993,2125840,3878,2121962,1958858,313588,1731209,139891,210244,11072,1872,44475,237678,26420,2020
"Hudson, NY Micro Area",25323,21002,178,20824,17482,2101,16918,2881,2005,297,15,733,3588,26460,2020
"Huntingdon, PA Micro Area",16779,13568,152,13416,9881,1710,10827,3237,1113,145,15,347,2864,26500,2020
"Huntington, IN Micro Area",14790,11732,77,11655,9696,2478,8299,1731,1016,144,9,596,2462,26540,2020
"Huntington-Ashland, WV-KY-OH Metro Area",141577,108771,659,108112,90227,13780,88073,15079,9427,1917,62,5930,26876,26580,2020
"Huntsville, AL Metro Area",184353,161430,386,161044,143932,17749,136255,14279,12115,1879,95,5578,17345,26620,2020
"Huntsville, TX Micro Area",22515,18777,47,18730,16983,2242,15306,1583,1665,114,0,467,3271,26660,2020
"Huron, SD Micro Area",8624,6641,40,6601,5244,1159,4878,1194,721,100,5,258,1725,26700,2020
"Hutchinson, KS Micro Area",24970,20698,80,20618,17837,3843,15438,2348,1887,181,57,664,3608,26740,2020
"Hutchinson, MN Micro Area",14736,12509,92,12417,11022,1825,9471,1203,1488,126,19,280,1947,26780,2020
"Idaho Falls, ID Metro Area",50737,45774,201,45573,41687,5568,36840,3437,4734,261,35,1180,3783,26820,2020
"Indiana, PA Micro Area",33855,25711,180,25531,21352,4739,18520,3416,2507,509,33,1050,7094,26860,2020
"Indianapolis-Carmel-Anderson, IN Metro Area",790050,683690,1769,681921,621786,93527,561785,51954,56647,3419,467,18092,88268,26900,2020
"Indianola, MS Micro Area",8345,5367,48,5319,4423,1813,2630,505,979,239,5,401,2577,26940,2020
"Iowa City, IA Metro Area",69306,61689,222,61467,55356,5662,53632,5496,4332,384,24,2441,5176,26980,2020
"Iron Mountain, MI-WI Micro Area",13529,11020,109,10911,8848,1413,8681,1709,854,233,45,644,1865,27020,2020
"Ithaca, NY Metro Area",40817,35311,158,35153,30192,3224,30212,4414,2288,227,29,2839,2667,27060,2020
"Jackson, MI Metro Area",62216,52801,229,52572,46951,9435,39719,4710,4236,346,65,1031,8384,27100,2020
"Jackson, MS Metro Area",219801,180657,269,180388,165885,37237,130050,11975,20425,1331,200,5675,33469,27140,2020
"Jackson, OH Micro Area",12971,10010,19,9991,8236,1609,7168,1229,1404,471,0,355,2606,27160,2020
"Jackson, TN Metro Area",69505,55920,187,55733,50298,10263,42283,4586,4421,515,65,1410,12175,27180,2020
"Jackson, WY-ID Micro Area",14317,12885,55,12830,10758,1397,10570,1835,1311,147,1,664,768,27220,2020
"Jacksonville, FL Metro Area",578620,508219,1273,506946,442593,76779,412947,57861,35790,2706,527,16200,54201,27260,2020
"Jacksonville, IL Micro Area",15533,12080,115,11965,9275,2004,8483,2228,1975,317,15,520,2933,27300,2020
"Jacksonville, NC Metro Area",66131,59439,106,59333,49437,6273,51222,9097,4032,309,38,1611,5081,27340,2020
"Jacksonville, TX Micro Area",18540,14627,13,14614,12665,5182,7789,1357,2565,378,21,347,3566,27380,2020
"Jamestown, ND Micro Area",8977,7072,36,7036,5438,610,6149,1508,346,31,21,197,1708,27420,2020
"Jamestown-Dunkirk-Fredonia, NY Micro Area",53625,43049,357,42692,34312,5847,34560,7418,3255,435,46,1725,8851,27460,2020
"Janesville-Beloit, WI Metro Area",65237,54729,320,54409,47919,7602,43228,5362,4737,613,101,2818,7690,27500,2020
"Jasper, AL Micro Area",25440,19490,51,19439,17375,5579,12116,1632,2641,234,18,524,5426,27530,2020
"Jasper, IN Micro Area",21985,17967,208,17759,13701,3934,12207,3330,1963,439,23,365,3653,27540,2020
"Jayuya, PR Micro Area",5017,2724,6,2718,2187,734,1247,347,746,146,38,100,2193,27580,2020
"Jefferson, GA Micro Area",24268,20826,43,20783,19074,2960,16627,1555,2382,88,0,588,2854,27600,2020
"Jefferson City, MO Metro Area",57247,43323,214,43109,38518,6364,33267,3560,4969,597,77,4069,9855,27620,2020
"Jennings, LA Micro Area",11565,8314,0,8314,7217,2211,5380,975,1142,77,0,137,3114,27660,2020
"Jesup, GA Micro Area",10479,7859,40,7819,6185,1695,5545,1474,853,127,0,504,2116,27700,2020
"Johnson City, TN Metro Area",86279,68171,241,67930,59585,10267,55342,7357,4100,380,140,3794,14314,27740,2020
"Johnstown, PA Metro Area",56933,44681,312,44369,36897,6092,36446,6852,2423,358,52,1178,11074,27780,2020
"Jonesboro, AR Metro Area",51770,42075,104,41971,38242,9245,30080,3189,3669,400,38,2464,7231,27860,2020
"Joplin, MO Metro Area",68584,56447,219,56228,50472,14749,36198,4486,6238,928,113,1842,10295,27900,2020
"Juneau, AK Micro Area",12878,11764,10,11754,10726,1616,9859,971,453,35,4,150,964,27940,2020
"Kahului-Wailuku-Lahaina, HI Metro Area",55620,48087,177,47910,42787,3737,42721,4488,2724,269,24,1878,5655,27980,2020
"Kalamazoo-Portage, MI Metro Area",104278,92637,273,92364,83141,11068,77580,8147,5915,553,50,3158,8483,28020,2020
"Kalispell, MT Micro Area",39925,34128,295,33833,28440,5278,26835,4803,2690,267,39,982,4815,28060,2020
"Kankakee, IL Metro Area",40297,32523,57,32466,28427,3801,26045,3402,4032,404,38,1364,6410,28100,2020
"Kansas City, MO-KS Metro Area",843359,736936,1813,735123,669618,92035,612837,57028,49592,4420,710,26166,80257,28140,2020
"Kapaa, HI Micro Area",23331,20346,159,20187,18260,3269,16599,1854,704,42,16,536,2449,28180,2020
"Kearney, NE Micro Area",21707,18806,65,18741,16557,2394,14699,1786,2204,331,30,617,2284,28260,2020
"Keene, NH Micro Area",30513,26289,239,26050,20242,2266,22555,5343,1770,266,28,729,3495,28300,2020
"Kendallville, IN Micro Area",18133,14809,169,14640,13387,3476,9404,904,2044,243,12,253,3071,28340,2020
"Kennett, MO Micro Area",12119,9635,19,9616,8544,1643,6972,849,1280,177,15,237,2247,28380,2020
"Kennewick-Richland, WA Metro Area",100336,88738,265,88473,79084,10374,73003,7924,8905,601,306,3606,7992,28420,2020
"Kerrville, TX Micro Area",21278,18423,181,18242,15778,3243,13659,2153,1753,198,59,505,2350,28500,2020
"Ketchikan, AK Micro Area",5299,4619,9,4610,4124,542,3967,416,112,15,7,153,527,28540,2020
"Key West, FL Micro Area",32794,28113,9,28104,21043,2368,24798,6751,1934,52,37,1344,3337,28580,2020
"Kill Devil Hills, NC Micro Area",15830,14653,1,14652,12543,1014,13226,1885,1114,94,0,268,909,28620,2020
"Killeen-Temple, TX Metro Area",155894,136845,218,136627,109489,24360,105592,25515,11352,926,31,3279,15770,28660,2020
"Kingsport-Bristol, TN-VA Metro Area",128124,100300,446,99854,84866,13643,82010,13048,5898,1017,120,3997,23827,28700,2020
"Kingston, NY Metro Area",70088,62366,318,62048,48688,5133,55320,12395,2457,463,105,1324,6398,28740,2020
"Kingsville, TX Micro Area",11269,8789,16,8773,8372,2419,5939,242,758,72,5,398,2082,28780,2020
"Kinston, NC Micro Area",23494,18130,127,18003,16158,4275,12223,1473,2113,139,68,796,4568,28820,2020
"Kirksville, MO Micro Area",10518,8048,39,8009,7009,1322,6080,855,802,62,0,450,2020,28860,2020
"Klamath Falls, OR Micro Area",28376,23006,96,22910,18801,3282,17280,3067,2905,692,132,780,4590,28900,2020
"Knoxville, TN Metro Area",345707,285149,541,284608,227311,39023,233533,53341,18821,2289,176,9738,50820,28940,2020
"Kokomo, IN Metro Area",34632,28668,120,28548,24419,3709,23371,3331,2550,333,60,1277,4687,29020,2020
"Laconia, NH Micro Area",25576,22210,153,22057,18766,1595,19918,3102,1139,89,17,851,2515,29060,2020
"La Crosse-Onalaska, WI-MN Metro Area",56391,48357,238,48119,40973,4868,41350,6251,3896,275,61,1602,6432,29100,2020
"Lafayette, LA Metro Area",183685,153650,214,153436,141402,25472,121227,10702,11015,824,52,2913,27122,29180,2020
"Lafayette-West Lafayette, IN Metro Area",86627,74111,215,73896,65747,12160,57437,7069,5370,505,161,4527,7989,29200,2020
"La Grande, OR Micro Area",10785,8918,158,8760,7413,1282,6693,1125,945,166,2,295,1572,29260,2020
"LaGrange, GA-AL Micro Area",38564,29560,90,29470,24433,4617,21915,3546,3804,670,230,880,8124,29300,2020
"Lake Charles, LA Metro Area",81329,65144,82,65062,57131,12140,49844,7013,6197,557,27,1587,14598,29340,2020
"Lake City, FL Micro Area",25205,20800,74,20726,18368,4770,13060,1851,3148,287,87,676,3729,29380,2020
"Lake Havasu City-Kingman, AZ Metro Area",90413,74993,415,74578,61758,11121,56950,10580,8973,1035,219,2113,13307,29420,2020
"Lakeland-Winter Haven, FL Metro Area",240879,183672,851,182821,160078,26769,148794,19251,11535,1881,249,20526,36681,29460,2020
"Lamesa, TX Micro Area",4430,3436,7,3429,3088,1044,2225,270,384,30,0,68,926,29500,2020
"Lancaster, PA Metro Area",204003,167557,1113,166444,146384,18228,142774,17920,7950,790,206,8120,28326,29540,2020
"Lansing-East Lansing, MI Metro Area",216659,185406,753,184653,159154,25108,148510,22437,14910,1704,213,5852,25401,29620,2020
"Laramie, WY Micro Area",16137,14385,30,14355,12682,1168,12326,1446,1013,141,0,827,925,29660,2020
"Laredo, TX Metro Area",76382,55440,219,55221,44604,7308,46144,9899,3829,332,10,2209,18733,29700,2020
"Las Cruces, NM Metro Area",79421,61636,196,61440,54526,8314,49041,5803,5997,534,72,3102,14683,29740,2020
"Las Vegas, NM Micro Area",14220,8771,86,8685,7356,1774,5372,788,1882,324,0,448,5001,29780,2020
"Las Vegas-Henderson-Paradise, NV Metro Area",809026,691475,1628,689847,623678,84759,585820,59701,54596,2219,166,25107,92444,29820,2020
"Laurel, MS Micro Area",31471,19197,408,18789,14027,4380,12146,3519,3095,1042,6,966,11308,29860,2020
"Laurinburg, NC Micro Area",12951,8824,65,8759,6795,1750,6453,1700,684,176,8,214,3913,29900,2020
"Lawrence, KS Metro Area",47972,42755,87,42668,39045,3875,36635,3167,3507,273,40,2167,3050,29940,2020
"Lawrenceburg, TN Micro Area",16140,12254,22,12232,10948,3069,7696,936,1746,264,0,359,3527,29980,2020
"Lawton, OK Metro Area",45456,39132,44,39088,35001,8287,27934,3390,4234,469,54,1084,5240,30020,2020
"Lebanon, MO Micro Area",14413,10385,82,10303,8848,2882,6095,1072,1682,242,67,1510,2518,30060,2020
"Lebanon, NH-VT Micro Area",89721,75849,797,75052,53528,6515,64553,19390,4816,1062,134,3353,10519,30100,2020
"Lebanon, PA Metro Area",53857,44636,260,44376,38755,6013,36899,5086,2501,263,54,1456,7765,30140,2020
"Levelland, TX Micro Area",8071,6236,41,6195,5777,1281,4473,248,999,68,0,214,1621,30220,2020
"Lewisburg, PA Micro Area",14762,11258,193,11065,9270,1096,9455,1495,853,178,0,455,3049,30260,2020
"Lewisburg, TN Micro Area",12436,10178,45,10133,9153,2084,7229,774,1235,148,21,402,1856,30280,2020
"Lewiston, ID-WA Metro Area",25834,21665,259,21406,18563,3282,16586,2037,2276,410,26,457,3712,30300,2020
"Lewiston-Auburn, ME Metro Area",45906,38706,179,38527,31966,3030,34491,6170,1391,115,137,1373,5827,30340,2020
"Lewistown, PA Micro Area",19075,14553,118,14435,12364,1988,11658,1783,968,148,10,382,4140,30380,2020
"Lexington, NE Micro Area",9947,8384,10,8374,7545,1653,6011,643,918,131,5,226,1337,30420,2020
"Lexington-Fayette, KY Metro Area",203965,178781,266,178515,161311,24699,147168,15607,12435,805,123,5794,19390,30460,2020
"Liberal, KS Micro Area",7183,5826,19,5807,5409,1729,3462,276,826,117,0,117,1240,30580,2020
"Lima, OH Metro Area",41025,34066,134,33932,28841,4115,28282,4404,2484,439,54,1160,5799,30620,2020
"Lincoln, IL Micro Area",10958,8781,50,8731,7600,1483,6514,834,873,35,0,314,1863,30660,2020
"Lincoln, NE Metro Area",133432,119473,377,119096,108144,11203,103394,9834,7565,627,92,3677,10282,30700,2020
"Little Rock-North Little Rock-Conway, AR Metro Area",289808,240057,617,239440,215253,44160,180227,19595,25661,3188,138,8215,41536,30780,2020
"Lock Haven, PA Micro Area",15058,11861,99,11762,9693,1386,9692,1772,754,178,24,406,2791,30820,2020
"Logan, UT-ID Metro Area",44013,39436,113,39323,33696,4068,31506,4685,4938,704,32,1855,2722,30860,2020
"Logansport, IN Micro Area",14950,11529,14,11515,9522,1733,8388,1658,1678,220,10,587,2834,30900,2020
"London, KY Micro Area",54857,39721,170,39551,32616,4801,31887,5864,4126,664,4,2453,12683,30940,2020
"Longview, TX Metro Area",102463,80083,384,79699,72750,21213,52128,5232,11617,861,102,3330,19050,30980,2020
"Longview, WA Metro Area",42354,36594,157,36437,30748,4297,29100,4685,4191,739,42,918,4842,31020,2020
"Los Alamos, NM Micro Area",7895,7295,65,7230,6143,451,6438,914,380,105,36,248,352,31060,2020
"Los Angeles-Long Beach-Anaheim, CA Metro Area",4372505,3863240,8431,3854809,3501165,454983,3264630,299727,362546,23870,2411,102553,406712,31080,2020
"Louisville/Jefferson County, KY-IN Metro Area",497106,423316,972,422344,385015,61726,341591,32607,32421,2396,290,11065,62725,31140,2020
"Lubbock, TX Metro Area",120841,99695,168,99527,92301,15315,79046,5740,10764,986,87,5290,15856,31180,2020
"Ludington, MI Micro Area",12296,9631,63,9568,7507,1711,6595,1613,1265,272,83,450,2215,31220,2020
"Lufkin, TX Micro Area",31368,26872,95,26777,23528,4471,20258,2748,2150,220,57,511,3985,31260,2020
"Lumberton, NC Micro Area",45881,28957,71,28886,20786,5934,20460,6635,3234,865,168,1131,15793,31300,2020
"Lynchburg, VA Metro Area",101123,81316,482,80834,70338,17255,54184,6957,10780,2702,165,2728,17079,31340,2020
"Macomb, IL Micro Area",11573,8742,11,8731,7465,1356,7045,1095,566,46,23,616,2215,31380,2020
"Macon-Bibb County, GA Metro Area",86898,69511,231,69280,55592,10932,54373,12208,6798,752,115,2032,15355,31420,2020
"Madera, CA Metro Area",44479,37745,115,37630,33732,8064,27206,3176,3627,384,41,1087,5647,31460,2020
"Madison, IN Micro Area",12833,9957,29,9928,8796,1672,7271,930,1155,93,56,522,2354,31500,2020
"Madison, WI Metro Area",275987,245801,1065,244736,220559,24184,210227,21399,16341,1287,270,9265,20921,31540,2020
"Madisonville, KY Micro Area",18619,14388,107,14281,12509,2742,10296,1541,1871,183,0,574,3657,31580,2020
"Magnolia, AR Micro Area",8456,5630,14,5616,5026,1734,3054,420,920,72,0,442,2384,31620,2020
"Malone, NY Micro Area",18880,14971,97,14874,11574,2060,11856,2663,1382,303,9,504,3405,31660,2020
"Malvern, AR Micro Area",12515,8859,8,8851,8041,2641,4769,504,1875,163,36,277,3379,31680,2020
"Manchester-Nashua, NH Metro Area",162843,147386,644,146742,128285,12115,131875,17281,4183,411,66,3430,12027,31700,2020
"Manhattan, KS Metro Area",48627,42873,144,42729,38568,4974,36211,3687,2879,163,108,1814,3940,31740,2020
"Manitowoc, WI Micro Area",34435,28698,210,28488,22688,3935,22083,5057,2962,549,43,824,4913,31820,2020
"Mankato, MN Metro Area",39211,34120,170,33950,29218,4083,28049,4177,2792,217,57,1370,3721,31860,2020
"Mansfield, OH Metro Area",48967,39465,145,39320,33423,5409,32263,5182,2771,348,12,1102,8400,31900,2020
"Marietta, OH Micro Area",24803,18954,61,18893,14043,2940,14182,3965,2072,635,50,1076,4773,31930,2020
"Marinette, WI-MI Micro Area",29272,23224,186,23038,19028,4451,15773,3061,3080,681,25,796,5252,31940,2020
"Marion, IN Micro Area",26896,21022,145,20877,17187,4055,15346,3078,2194,277,45,1734,4140,31980,2020
"Marion, NC Micro Area",18275,14077,52,14025,12046,2774,9538,1397,1967,405,0,845,3353,32000,2020
"Marion, OH Micro Area",24617,20445,86,20359,17343,3754,15048,2211,2251,510,41,560,3612,32020,2020
"Marquette, MI Micro Area",27177,21982,55,21927,18422,2709,17868,3169,1469,220,7,1478,3717,32100,2020
"Marshall, MN Micro Area",10067,8740,54,8686,7730,1183,6495,764,1172,157,1,330,997,32140,2020
"Marshall, MO Micro Area",8235,6549,33,6516,5244,851,4958,1012,968,150,30,247,1439,32180,2020
"Marshalltown, IA Micro Area",15388,12334,86,12248,10005,2360,9211,1956,1149,119,44,422,2632,32260,2020
"Martin, TN Micro Area",13563,9966,82,9884,8151,1669,7312,1459,1008,215,6,283,3314,32280,2020
"Martinsville, VA Micro Area",26609,19152,94,19058,14745,3174,14368,3585,2174,470,56,697,6760,32300,2020
"Maryville, MO Micro Area",8510,7056,65,6991,6182,904,5707,722,510,34,4,135,1319,32340,2020
"Mason City, IA Micro Area",22651,18673,88,18585,16223,2819,15143,2108,1164,152,0,367,3611,32380,2020
"Mayagüez, PR Metro Area",38558,26075,161,25914,22923,9495,15638,2768,987,166,10,871,11612,32420,2020
"Mayfield, KY Micro Area",14402,11275,0,11275,9815,3261,7408,1233,1138,157,39,632,2495,32460,2020
"McAlester, OK Micro Area",17846,14257,37,14220,12368,4233,8421,1417,1648,332,25,190,3399,32540,2020
"McAllen-Edinburg-Mission, TX Metro Area",243878,177907,291,177616,148444,44498,121906,23779,17809,4108,190,7649,58322,32580,2020
"McComb, MS Micro Area",14561,9665,64,9601,7597,2107,6575,1552,1688,142,8,296,4600,32620,2020
"McMinnville, TN Micro Area",15515,11463,40,11423,9935,2082,9059,1240,436,60,18,777,3275,32660,2020
"McPherson, KS Micro Area",12479,10274,44,10230,9215,1756,7798,927,904,48,12,501,1704,32700,2020
"Meadville, PA Micro Area",35169,28474,287,28187,22786,4192,22720,4637,1754,406,67,631,6064,32740,2020
"Medford, OR Metro Area",89690,78027,480,77547,68041,9286,62671,7591,7705,877,89,3274,8389,32780,2020
"Memphis, TN-MS-AR Metro Area",505544,407649,930,406719,371698,76409,311235,29468,39554,2981,433,13774,84121,32820,2020
"Menomonie, WI Micro Area",17124,14452,167,14285,12258,2267,10758,1628,1557,204,24,565,2107,32860,2020
"Merced, CA Metro Area",81306,71337,250,71087,65996,14659,52063,4193,6260,489,33,1232,8737,32900,2020
"Meridian, MS Micro Area",39728,29695,115,29580,26733,7870,19463,2491,3559,188,0,939,9094,32940,2020
"Mexico, MO Micro Area",9349,7342,60,7282,6260,1231,4879,573,1314,166,156,204,1803,33020,2020
"Miami, OK Micro Area",11919,8658,35,8623,7448,2470,5166,827,1316,186,28,481,2780,33060,2020
"Miami-Fort Lauderdale-Pompano Beach, FL Metro Area",2172740,1826842,4060,1822782,1622472,227477,1547041,175651,150696,9605,1214,81243,264655,33100,2020
"Michigan City-La Porte, IN Metro Area",42725,35341,114,35227,26885,4685,27590,7461,3494,653,48,573,6811,33140,2020
"Middlesborough, KY Micro Area",10504,6904,8,6896,5633,882,5501,1080,684,103,7,258,3342,33180,2020
"Midland, MI Metro Area",34253,29384,411,28973,25484,3798,23203,2918,2458,354,9,685,4184,33220,2020
"Midland, TX Metro Area",59639,51574,53,51521,45782,7064,40001,4769,6400,619,60,1240,6825,33260,2020
"Milledgeville, GA Micro Area",19770,14888,110,14778,10104,1709,12209,4223,1669,263,89,589,4293,33300,2020
"Milwaukee-Waukesha, WI Metro Area",634436,539833,1898,537935,487302,64396,456752,44456,33603,2562,638,15745,78858,33340,2020
"Minden, LA Micro Area",16320,8833,13,8820,7818,2979,4808,774,1246,100,0,370,7117,33380,2020
"Mineral Wells, TX Micro Area",10334,8487,3,8484,7776,1376,6108,499,1480,98,5,335,1512,33420,2020
"Minneapolis-St. Paul-Bloomington, MN-WI Metro Area",1390448,1251910,4602,1247308,1131028,129952,1074701,102752,80655,5513,1322,33015,105523,33460,2020
"Minot, ND Micro Area",31925,27929,106,27823,25116,2118,25157,2508,1684,46,14,1067,2929,33500,2020
"Missoula, MT Metro Area",49700,44474,123,44351,38729,5267,36521,4940,3538,367,47,1035,4191,33540,2020
"Mitchell, SD Micro Area",9690,8168,27,8141,6755,1074,6734,1256,556,60,1,199,1323,33580,2020
"Moberly, MO Micro Area",8872,7048,42,7006,5687,1190,5153,1087,937,119,50,179,1645,33620,2020
"Mobile, AL Metro Area",163387,129796,2663,127133,115358,28564,91033,9189,13094,1212,104,3956,29635,33660,2020
"Modesto, CA Metro Area",174826,151610,364,151246,140844,22052,118675,8439,17071,1250,110,2935,20281,33700,2020
"Monroe, LA Metro Area",75093,53749,338,53411,46644,11536,36965,5479,6393,774,135,2796,18548,33740,2020
"Monroe, MI Metro Area",60804,51234,257,50977,43055,6317,41881,7207,4242,401,36,1795,7775,33780,2020
"Montgomery, AL Metro Area",145077,119357,193,119164,105152,17795,96006,12461,7872,823,248,3729,21991,33860,2020
"Montrose, CO Micro Area",19742,15708,128,15580,12221,2753,10863,2577,2375,462,45,459,3575,33940,2020
"Morehead City, NC Micro Area",30060,26299,43,26256,23026,2750,22852,2938,1861,125,16,817,2944,33980,2020
"Morgan City, LA Micro Area",19633,14755,26,14729,12851,2594,11327,1372,1830,317,0,416,4462,34020,2020
"Morgantown, WV Metro Area",52663,45267,314,44953,39046,5144,37968,5112,2629,451,12,1503,5893,34060,2020
"Morristown, TN Metro Area",53675,41802,254,41548,32193,9002,29275,7604,3450,632,143,2627,9246,34100,2020
"Moscow, ID Micro Area",15737,13784,38,13746,12249,1604,10636,1132,1657,273,21,728,1225,34140,2020
"Moses Lake, WA Micro Area",31908,27244,49,27195,24257,4359,20548,2260,3010,534,18,1001,3663,34180,2020
"Moultrie, GA Micro Area",15865,11626,49,11577,10179,2626,8551,1117,778,160,0,277,3962,34220,2020
"Maysville, KY Micro Area",6523,5071,13,5058,4648,916,3850,312,446,51,1,116,1336,32500,2020
"Mountain Home, AR Micro Area",18727,14705,185,14520,11406,1940,11472,2679,1724,165,44,940,3082,34260,2020
"Mountain Home, ID Micro Area",10885,9272,43,9229,7870,1145,7210,1005,1187,325,0,157,1456,34300,2020
"Mount Airy, NC Micro Area",29001,20117,187,19930,16145,2409,16745,3222,1568,326,34,3265,5619,34340,2020
"Mount Gay-Shamrock, WV Micro Area",14164,11743,7,11736,8677,451,10844,2859,525,144,4,346,2075,34350,2020
"Mount Pleasant, MI Micro Area",24981,19876,64,19812,16871,3491,14286,2170,2644,415,32,2400,2705,34380,2020
"Mount Pleasant, TX Micro Area",15524,12102,0,12102,11054,5604,5298,726,2149,149,7,212,3210,34420,2020
"Mount Sterling, KY Micro Area",18002,14161,58,14103,12586,3825,9334,1218,1315,202,0,378,3463,34460,2020
"Mount Vernon, IL Micro Area",14792,12238,48,12190,11020,3264,7401,926,1627,194,11,265,2289,34500,2020
"Mount Vernon, OH Micro Area",23027,19573,119,19454,17040,3680,13940,2118,2031,146,24,332,3122,34540,2020
"Mount Vernon-Anacortes, WA Metro Area",49263,44350,142,44208,39685,5937,36059,3913,3038,312,68,887,4026,34580,2020
"Muncie, IN Metro Area",46632,38322,192,38130,33694,5420,30781,3892,3185,181,89,1877,6433,34620,2020
"Murray, KY Micro Area",15492,12917,37,12880,9744,2265,9970,2820,971,172,38,775,1800,34660,2020
"Muscatine, IA Micro Area",16543,13793,64,13729,12000,2343,10625,1449,1032,163,10,542,2208,34700,2020
"Muskegon, MI Metro Area",66064,53715,272,53443,44519,9991,40658,7813,3711,734,130,2022,10327,34740,2020
"Muskogee, OK Micro Area",26535,18999,71,18928,15113,4127,12345,2576,3025,786,80,2017,5519,34780,2020
"Myrtle Beach-Conway-North Myrtle Beach, SC-NC Metro Area",195635,170830,513,170317,148191,21760,143747,19396,8426,1154,282,5731,19074,34820,2020
"Nacogdoches, TX Micro Area",23765,19606,85,19521,17666,4479,12739,1459,3097,279,6,749,3410,34860,2020
"Napa, CA Metro Area",48484,43957,115,43842,39620,4704,36616,3418,4530,485,64,1013,3514,34900,2020
"Naples-Marco Island, FL Metro Area",147977,129889,573,129316,116681,12016,114760,11149,6888,268,135,4981,13107,34940,2020
"Nashville-Davidson--Murfreesboro--Franklin, TN Metro Area",727452,639630,976,638654,588725,83007,531982,43535,50407,3517,318,17379,70443,34980,2020
"Natchez, MS-LA Micro Area",17823,12945,36,12909,11258,3317,7863,873,2758,350,0,538,4340,35020,2020
"Natchitoches, LA Micro Area",14324,9188,15,9173,7468,2093,5815,1176,1537,387,60,403,4733,35060,2020
"New Bern, NC Metro Area",50577,40538,242,40296,35718,3522,35212,4037,2907,203,70,638,9401,35100,2020
"Newberry, SC Micro Area",14976,10896,60,10836,9590,3721,5477,782,2194,322,33,424,3656,35140,2020
"New Castle, IN Micro Area",18387,14481,105,14376,11969,2266,10838,1885,1700,308,6,714,3192,35220,2020
"New Castle, PA Micro Area",37300,30350,190,30160,24834,3923,24974,4715,1573,267,42,643,6307,35260,2020
"New Haven-Milford, CT Metro Area",332765,284032,1471,282561,241441,29844,247393,37868,11239,1050,98,8697,40036,35300,2020
"New Orleans-Metairie, LA Metro Area",486509,398422,584,397838,355634,57352,326982,37302,39045,2269,207,11514,76573,35380,2020
"New Philadelphia-Dover, OH Micro Area",36906,29045,206,28839,24195,4027,22647,3807,2754,704,27,1057,6804,35420,2020
"Newport, OR Micro Area",21841,19078,126,18952,15264,2142,15213,2848,1726,325,356,577,2186,35440,2020
"Newport, TN Micro Area",14171,9938,35,9903,7730,3277,5178,1345,1655,555,0,647,3586,35460,2020
"New Ulm, MN Micro Area",10643,8911,73,8838,7853,1428,6740,839,1030,61,0,191,1541,35580,2020
"New York-Newark-Jersey City, NY-NJ-PA Metro Area",7065536,6134930,14391,6120539,5468740,679274,5342969,599051,254920,12494,5636,157836,772770,35620,2020
"Niles, MI Metro Area",63136,49841,365,49476,43114,8656,37516,5367,5086,570,37,3513,9782,35660,2020
"Nogales, AZ Micro Area",16049,12632,63,12569,10378,2332,9057,1579,2330,333,15,400,3017,35700,2020
"Norfolk, NE Micro Area",19607,15934,163,15771,13877,2936,11274,1549,2075,247,2,836,2837,35740,2020
"North Platte, NE Micro Area",15283,13079,92,12987,11295,2306,9802,1435,858,144,89,359,1845,35820,2020
"North Port-Sarasota-Bradenton, FL Metro Area",339573,295293,727,294566,257265,31735,256593,33833,12620,1396,114,13231,31049,35840,2020
"North Vernon, IN Micro Area",10776,8789,40,8749,7124,2048,5766,1481,993,79,39,299,1688,35860,2020
"North Wilkesboro, NC Micro Area",28902,23149,153,22996,15233,2497,19797,7323,1365,195,44,612,5141,35900,2020
"Norwalk, OH Micro Area",23050,19296,151,19145,16084,3216,14239,2562,1989,285,35,620,3134,35940,2020
"Norwich-New London, CT Metro Area",109616,97378,245,97133,87110,10548,84488,8995,5179,282,54,2090,10148,35980,2020
"Oak Harbor, WA Micro Area",35326,32872,100,32772,28939,2883,28372,3506,2393,149,17,635,1819,36020,2020
"Ocala, FL Metro Area",145863,122845,519,122326,103493,13924,99506,15752,12389,1638,78,2883,20135,36100,2020
"Ocean City, NJ Metro Area",40670,35507,139,35368,29871,3611,31150,5331,1091,61,20,1241,3922,36140,2020
"Odessa, TX Metro Area",53602,45096,0,45096,40675,7799,33711,3387,5160,262,127,1115,7391,36220,2020
"Ogden-Clearfield, UT Metro Area",213554,194975,494,194481,176313,19125,163280,15551,23170,1399,160,5086,13493,36260,2020
"Ogdensburg-Massena, NY Micro Area",41925,34498,202,34296,28192,3910,28608,5438,2266,314,24,1089,6338,36300,2020
"Oil City, PA Micro Area",22103,18159,202,17957,13853,2910,13974,3664,1363,246,42,398,3546,36340,2020
"Okeechobee, FL Micro Area",14601,10017,28,9989,8142,1355,7804,1464,1492,242,0,755,3829,36380,2020
"Olean, NY Micro Area",31999,24406,191,24215,18543,4660,16309,4162,4122,1021,49,891,6702,36460,2020
"Olympia-Lacey-Tumwater, WA Metro Area",112323,101460,350,101110,88912,8713,89378,10733,5825,812,52,3042,7821,36500,2020
"Omaha-Council Bluffs, NE-IA Metro Area",364079,318689,1235,317454,285989,34221,272447,28591,19163,1367,219,9592,35798,36540,2020
"Oneonta, NY Micro Area",23768,19450,132,19318,14896,2233,14055,3263,3276,958,29,826,3492,36580,2020
"Ontario, OR-ID Micro Area",19145,15373,84,15289,13699,3329,10636,1304,1727,202,16,762,3010,36620,2020
"Opelousas, LA Micro Area",30496,20543,372,20171,15661,6191,12316,3894,2089,421,14,1276,8677,36660,2020
"Orangeburg, SC Micro Area",33629,24369,174,24195,21993,7620,14913,1706,3519,369,26,850,8410,36700,2020
"Orlando-Kissimmee-Sanford, FL Metro Area",893257,800594,1569,799025,715814,86470,691708,76311,48824,2530,474,19390,73273,36740,2020
"Oshkosh-Neenah, WI Metro Area",71132,61933,527,61406,52770,8056,50515,7809,4175,376,85,1837,7362,36780,2020
"Oskaloosa, IA Micro Area",8947,7423,33,7390,6458,1462,5305,695,760,167,45,176,1348,36820,2020
"Othello, WA Micro Area",6035,4849,7,4842,4325,1069,3240,314,640,158,25,221,965,36830,2020
"Ottawa, IL Micro Area",61325,51762,271,51491,44968,8919,37501,5236,6673,854,95,1377,8186,36837,2020
"Ottawa, KS Micro Area",10190,7559,26,7533,6283,1440,4940,798,1498,257,15,467,2164,36840,2020
"Ottumwa, IA Micro Area",14404,11350,74,11276,9696,2389,8012,1313,1010,177,19,350,2704,36900,2020
"Owatonna, MN Micro Area",14836,12845,54,12791,11559,1794,10106,1043,1052,118,12,263,1728,36940,2020
"Owensboro, KY Metro Area",47340,39859,153,39706,35398,6714,30128,3811,3818,305,76,785,6696,36980,2020
"Oxford, MS Micro Area",18585,16167,14,16153,14726,2713,12392,934,1747,102,5,801,1617,37060,2020
"Oxnard-Thousand Oaks-Ventura, CA Metro Area",271639,243871,541,243330,223924,18609,218057,16962,16309,1219,204,4335,23433,37100,2020
"Ozark, AL Micro Area",19405,15800,105,15695,14375,4449,10284,1057,1532,183,0,579,3026,37120,2020
"Paducah, KY-IL Micro Area",40261,33047,97,32950,28572,8220,22896,3539,2996,560,21,868,6346,37140,2020
"Pahrump, NV Micro Area",19253,14590,58,14532,12559,2338,9514,1407,3819,381,47,532,4131,37220,2020
"Palatka, FL Micro Area",29822,22865,123,22742,18999,5090,15428,3064,2798,424,47,955,6002,37260,2020
"Palestine, TX Micro Area",16555,12397,92,12305,9817,2654,7998,1929,3250,480,0,435,3723,37300,2020
"Palm Bay-Melbourne-Titusville, FL Metro Area",236005,210327,697,209630,181404,18033,185376,25248,12978,1309,33,5383,20295,37340,2020
"Pampa, TX Micro Area",8172,6304,16,6288,5379,1217,4393,699,1103,96,6,179,1689,37420,2020
"Panama City, FL Metro Area",73536,64715,119,64596,58067,10708,51680,5876,3689,206,9,1507,7314,37460,2020
"Paragould, AR Micro Area",17587,14327,7,14320,13163,3196,9991,1002,1267,104,0,705,2555,37500,2020
"Paris, TN Micro Area",13190,10167,24,10143,8539,1871,7136,1143,1284,385,0,195,2828,37540,2020
"Paris, TX Micro Area",19995,13998,10,13988,12258,3488,8524,1365,2398,249,46,1154,4843,37580,2020
"Parkersburg-Vienna, WV Metro Area",37746,30649,113,30536,23645,4282,25163,6096,1594,621,0,1024,6073,37620,2020
"Parsons, KS Micro Area",8270,6486,40,6446,5624,955,4451,545,991,197,39,145,1639,37660,2020
"Payson, AZ Micro Area",22523,16322,82,16240,11514,1858,12020,3544,2826,1044,19,448,5753,37740,2020
"Pearsall, TX Micro Area",4673,3050,0,3050,2290,710,2132,600,321,108,0,59,1564,37770,2020
"Pecos, TX Micro Area",3834,2525,0,2525,2324,250,1747,120,647,68,0,31,1278,37780,2020
"Pella, IA Micro Area",13532,11213,104,11109,9909,1925,8155,1054,1310,110,12,461,1858,37800,2020
"Pensacola-Ferry Pass-Brent, FL Metro Area",187866,163792,416,163376,145692,16460,140142,15565,12498,1261,5,4652,19422,37860,2020
"Peoria, IL Metro Area",163466,136545,754,135791,114103,22977,105997,19382,9949,1274,162,3852,23069,37900,2020
"Peru, IN Micro Area",13531,10762,29,10733,9217,2316,6780,981,2003,308,9,414,2355,37940,2020
"Philadelphia-Camden-Wilmington, PA-NJ-DE-MD Metro Area",2311452,2020092,5049,2015043,1807749,204546,1775627,191092,84583,4453,1435,52389,238971,37980,2020
"Phoenix-Mesa-Chandler, AZ Metro Area",1745219,1549378,4193,1545185,1365140,186922,1291663,154685,145784,14626,1092,41405,154436,38060,2020
"Oklahoma City, OK Metro Area",523154,451073,980,450093,405686,75943,348298,37721,38589,3148,462,12458,59623,36420,2020
"Picayune, MS Micro Area",21321,16898,110,16788,14608,2702,12588,1826,2399,243,16,914,3509,38100,2020
"Pierre, SD Micro Area",8918,7585,27,7558,6451,947,6264,1009,553,30,0,126,1207,38180,2020
"Pine Bluff, AR Metro Area",33398,21858,103,21755,20350,7149,12468,977,2765,302,37,1911,9629,38220,2020
"Pinehurst-Southern Pines, NC Micro Area",40575,34443,179,34264,29676,3474,29068,3745,3831,435,0,752,5380,38240,2020
"Pittsburg, KS Micro Area",15603,12507,44,12463,11090,1761,10181,1188,705,91,26,378,2718,38260,2020
"Pittsburgh, PA Metro Area",1017860,865568,3925,861643,745152,97072,744650,107252,33014,3663,710,20275,132017,38300,2020
"Pittsfield, MA Metro Area",54786,46619,235,46384,38789,4833,39357,6840,2644,281,90,1575,6592,38340,2020
"Plainview, TX Micro Area",10888,8292,30,8262,7025,2632,5220,1094,842,55,0,270,2326,38380,2020
"Platteville, WI Micro Area",19655,15811,214,15597,11273,1794,11763,3682,2024,376,165,751,3093,38420,2020
"Plattsburgh, NY Micro Area",31557,26074,92,25982,20764,2580,21958,4478,2121,331,20,1149,4334,38460,2020
"Plymouth, IN Micro Area",17430,12839,172,12667,10111,2111,8974,2002,2014,260,50,409,4182,38500,2020
"Pocatello, ID Metro Area",34362,29658,151,29507,26557,4354,22683,2555,3302,233,34,1044,3660,38540,2020
"Point Pleasant, WV-OH Micro Area",21952,16301,25,16276,13662,2825,10874,1875,2746,552,0,677,4974,38580,2020
"Ponca City, OK Micro Area",17392,12806,32,12774,10824,2898,8687,1522,1670,187,58,1026,3560,38620,2020
"Ponce, PR Metro Area",81660,54754,317,54437,49878,21444,30448,3886,4108,518,50,1643,25263,38660,2020
"Pontiac, IL Micro Area",14366,11664,45,11619,10196,1719,8353,1129,1791,232,13,357,2345,38700,2020
"Poplar Bluff, MO Micro Area",21331,16150,84,16066,13988,3729,10553,1561,1994,397,25,451,4730,38740,2020
"Portales, NM Micro Area",6785,5526,10,5516,4645,984,3994,740,569,68,2,94,1165,38780,2020
"Port Angeles, WA Micro Area",33197,28932,222,28710,23319,3315,23555,4618,2764,451,33,565,3700,38820,2020
"Portland-South Portland, ME Metro Area",226327,200674,1188,199486,172431,17986,175954,25295,8113,633,131,6464,19189,38860,2020
"Portland-Vancouver-Hillsboro, OR-WA Metro Area",957977,870379,3022,867357,792405,86630,752204,66416,46908,4153,472,23902,63696,38900,2020
"Port Lavaca, TX Micro Area",8027,6377,0,6377,5729,1273,4094,350,1246,194,99,198,1452,38920,2020
"Port St. Lucie, FL Metro Area",183397,161056,451,160605,142086,17185,138254,16811,13655,875,121,4535,17806,38940,2020
"Portsmouth, OH Micro Area",29561,22900,383,22517,17752,2420,18153,3206,2181,701,18,873,5788,39020,2020
"Pottsville, PA Micro Area",58646,46866,307,46559,39232,5849,38505,6527,2849,368,18,1278,10502,39060,2020
"Poughkeepsie-Newburgh-Middletown, NY Metro Area",240523,209041,534,208507,181161,17720,187327,25254,9576,413,195,6059,25423,39100,2020
"Prescott Valley-Prescott, AZ Metro Area",101245,86605,616,85989,72433,10864,66603,10264,13258,2076,110,2041,12599,39150,2020
"Price, UT Micro Area",7802,6278,16,6262,5475,492,5203,705,547,47,10,310,1214,39220,2020
"Prineville, OR Micro Area",9998,8449,22,8427,7277,1062,5472,857,2176,251,7,185,1364,39260,2020
"Providence-Warwick, RI-MA Metro Area",635095,545434,1337,544097,481505,61041,473330,58796,18374,1004,473,14938,74723,39300,2020
"Provo-Orem, UT Metro Area",175377,155128,318,154810,145173,10557,136457,7647,15831,998,121,13521,6728,39340,2020
"Pueblo, CO Metro Area",65206,52526,231,52295,45136,7554,42391,6359,5037,374,34,1696,10984,39380,2020
"Pullman, WA Micro Area",18485,15686,37,15649,13722,1128,13532,1584,1448,171,13,1383,1416,39420,2020
"Punta Gorda, FL Metro Area",79789,69707,266,69441,59701,8379,58552,8558,4643,283,49,1414,8668,39460,2020
"Quincy, IL-MO Micro Area",30796,24724,151,24573,19839,3787,18781,3683,2571,492,131,813,5259,39500,2020
"Racine, WI Metro Area",77648,67445,260,67185,59884,9104,55279,6359,5141,405,94,1615,8588,39540,2020
"Raleigh-Cary, NC Metro Area",507613,461791,1008,460783,425811,37519,409482,30300,30444,1801,500,10144,35678,39580,2020
"Rapid City, SD Metro Area",55089,47282,144,47138,40704,4980,40132,5883,3014,301,48,1827,5980,39660,2020
"Raymondville, TX Micro Area",5882,3985,59,3926,3373,1715,2046,494,291,59,0,316,1581,39700,2020
"Reading, PA Metro Area",156389,132646,712,131934,115353,17111,111144,15193,5689,502,88,2681,21062,39740,2020
"Red Bluff, CA Micro Area",24661,19931,177,19754,16299,3916,11958,2400,4255,737,108,736,3994,39780,2020
"Redding, CA Metro Area",70845,60393,257,60136,50502,7290,45665,7394,9816,1416,117,2029,8423,39820,2020
"Red Wing, MN Micro Area",19623,17069,130,16939,15087,2561,12906,1537,1904,232,17,460,2094,39860,2020
"Reno, NV Metro Area",187820,164070,378,163692,142450,16819,140627,19165,16025,884,131,5592,18158,39900,2020
"Rexburg, ID Micro Area",16322,12810,89,12721,11387,1671,9542,1026,1865,279,0,2556,956,39940,2020
"Richmond, IN Micro Area",27435,21367,117,21250,18419,3934,15528,2351,2417,241,58,1383,4685,39980,2020
"Richmond, VA Metro Area",488001,418765,1067,417698,375523,51181,348431,36841,27931,3342,364,12132,57104,40060,2020
"Richmond-Berea, KY Micro Area",39516,32522,204,32318,28708,4715,25560,2848,3116,393,13,1273,5721,40080,2020
"Rio Grande City-Roma, TX Micro Area",16281,9962,55,9907,5853,1632,7591,3852,917,194,0,181,6138,40100,2020
"Riverside-San Bernardino-Ontario, CA Metro Area",1376503,1219813,2221,1217592,1065514,143938,1016439,129494,126564,9543,1781,38752,117938,40140,2020
"Riverton, WY Micro Area",14834,11956,81,11875,5835,1494,8846,5128,1524,798,56,287,2591,40180,2020
"Roanoke, VA Metro Area",127924,103471,530,102941,91273,13129,83950,9794,7341,1044,156,3072,21381,40220,2020
"Roanoke Rapids, NC Micro Area",29485,16952,107,16845,13447,3043,12479,2742,1931,335,53,2295,10238,40260,2020
"Rochelle, IL Micro Area",20967,17604,211,17393,15298,2962,12538,1657,2662,339,7,385,2978,40300,2020
"Rochester, MN Metro Area",89070,77660,347,77313,69071,8492,64410,7295,6075,626,40,3209,8201,40340,2020
"Rochester, NY Metro Area",438233,376953,1699,375254,323353,40641,323633,47226,18522,1976,512,10974,50306,40380,2020
"Rockford, IL Metro Area",134567,114420,331,114089,101444,16396,92329,11026,8718,672,212,3698,16449,40420,2020
"Rockingham, NC Micro Area",18201,14006,40,13966,11864,2594,10498,1891,1554,140,0,172,4023,40460,2020
"Rockport, TX Micro Area",9917,8467,29,8438,7537,1797,5587,600,1224,192,13,217,1233,40530,2020
"Rock Springs, WY Micro Area",15726,13777,150,13627,12382,1476,11147,1038,2064,115,13,451,1498,40540,2020
"Rocky Mount, NC Metro Area",58171,43805,275,43530,38823,7154,34689,4177,3228,306,28,1107,13259,40580,2020
"Rolla, MO Micro Area",18213,15624,11,15613,13257,2451,11938,1789,1755,313,22,350,2239,40620,2020
"Rome, GA Metro Area",36192,30384,32,30352,27269,5171,23840,2624,2703,176,92,804,5004,40660,2020
"Roseburg, OR Micro Area",46439,38828,224,38604,32806,5676,29643,4495,4402,911,22,1057,6554,40700,2020
"Roswell, NM Micro Area",23641,17301,35,17266,14534,3703,11680,2258,2619,276,51,923,5417,40740,2020
"Ruidoso, NM Micro Area",8478,6565,39,6526,5566,856,4978,565,1062,105,38,496,1417,40760,2020
"Russellville, AR Micro Area",30660,24050,65,23985,19424,3819,18571,3796,2196,578,0,1013,5597,40780,2020
"Ruston, LA Micro Area",17861,15238,0,15238,14222,4047,9730,830,2265,130,0,191,2432,40820,2020
"Rutland, VT Micro Area",25349,20714,119,20595,13250,1571,18211,6778,1109,237,59,949,3686,40860,2020
"Sacramento-Roseville-Folsom, CA Metro Area",840925,760938,1937,759001,696572,80133,645475,52772,78841,4313,824,16459,63528,40900,2020
"Safford, AZ Micro Area",11348,8964,0,8964,7676,1494,5931,935,1857,287,16,165,2219,40940,2020
"Saginaw, MI Metro Area",78980,65023,266,64757,54219,10538,50734,9383,5168,557,21,1869,12088,40980,2020
"St. Cloud, MN Metro Area",76058,65329,436,64893,57959,8714,51410,6121,5123,325,123,2807,7922,41060,2020
"St. George, UT Metro Area",59699,52614,177,52437,42774,5857,41688,7323,7661,1615,211,1576,5509,41100,2020
"St. Joseph, MO-KS Metro Area",47244,37059,150,36909,32779,7478,26576,3409,3620,343,43,1067,9118,41140,2020
"St. Louis, MO-IL Metro Area",1137735,984397,3159,981238,874084,119841,811661,90810,93764,8185,1207,24716,128622,41180,2020
"St. Marys, GA Micro Area",19746,17071,15,17056,14966,1611,15098,1850,1333,39,0,812,1863,41220,2020
"St. Marys, PA Micro Area",14215,11385,122,11263,9038,1001,9770,1903,925,144,12,476,2354,41260,2020
"Salem, OH Micro Area",41632,33684,141,33543,28844,6067,23704,3545,4612,816,64,1539,6409,41400,2020
"Salem, OR Metro Area",151200,133180,614,132566,118828,17402,107464,11318,11208,1181,177,3776,14244,41420,2020
"Salina, KS Micro Area",24684,20559,95,20464,17828,3524,15811,2363,1775,115,42,518,3607,41460,2020
"Salinas, CA Metro Area",128003,112565,246,112319,101632,21027,84799,9308,11490,704,77,2047,13391,41500,2020
"Salisbury, MD-DE Metro Area",163535,137796,433,137363,121267,22229,108063,13907,9293,1101,144,2995,22744,41540,2020
"Salt Lake City, UT Metro Area",404471,366381,1031,365350,332349,39121,310244,28307,33008,1933,140,14542,23548,41620,2020
"San Angelo, TX Metro Area",43994,35232,129,35103,31428,5117,27903,3297,3196,241,28,1888,6874,41660,2020
"San Antonio-New Braunfels, TX Metro Area",826094,704040,1085,702955,627759,106355,563301,64602,71046,5165,711,25619,96435,41700,2020
"San Diego-Chula Vista-Carlsbad, CA Metro Area",1130703,1039972,1792,1038180,952342,97702,909555,76064,80471,4247,551,18797,71934,41740,2020
"Sandpoint, ID Micro Area",17998,14547,86,14461,11425,2976,8203,1879,3311,895,73,465,2986,41760,2020
"Sandusky, OH Micro Area",31319,25797,158,25639,21481,2709,21562,3735,2038,189,22,1640,3882,41780,2020
"Sanford, NC Micro Area",22290,16747,49,16698,14780,1319,15036,1521,1369,79,18,2058,3485,41820,2020
"San Francisco-Oakland-Berkeley, CA Metro Area",1701865,1560964,2761,1558203,1454408,126746,1395300,91784,89226,4352,1170,28913,111988,41860,2020
"San Germán, PR Metro Area",42757,17410,1426,15984,11508,3940,11029,4128,649,248,10,696,24651,41900,2020
"San Jose-Sunnyvale-Santa Clara, CA Metro Area",653703,608987,1032,607955,572857,45070,547915,31439,37595,1440,341,10864,33852,41940,2020
"San Juan-Bayamón-Caguas, PR Metro Area",767809,521918,4993,516925,470773,199353,284900,39689,48898,3525,358,11383,234508,41980,2020
"San Luis Obispo-Paso Robles, CA Metro Area",106244,95071,343,94728,83364,9474,77907,9523,10586,1105,138,2473,8700,42020,2020
"Santa Cruz-Watsonville, CA Metro Area",96275,87157,172,86985,78687,7609,75512,6923,7317,453,55,1947,7171,42100,2020
"Santa Fe, NM Metro Area",63152,51944,176,51768,42973,6344,40032,5900,7329,2029,101,1563,9645,42140,2020
"Santa Isabel, PR Micro Area",7368,5223,36,5187,4049,2106,2895,1081,189,57,0,24,2121,42180,2020
"Santa Maria-Santa Barbara, CA Metro Area",148309,133741,643,133098,122177,14621,113196,9594,9092,800,66,3590,10978,42200,2020
"Santa Rosa-Petaluma, CA Metro Area",188958,172720,733,171987,154885,17167,145986,14390,16238,1018,278,3596,12642,42220,2020
"Sault Ste. Marie, MI Micro Area",14323,11620,42,11578,8266,1307,9110,2762,1258,406,17,296,2407,42300,2020
"Savannah, GA Metro Area",145199,125667,391,125276,113230,17172,103862,10550,8535,582,163,3831,15701,42340,2020
"Sayre, PA Micro Area",25084,20859,221,20638,15756,1827,17306,4262,1847,312,25,468,3757,42380,2020
"Scottsbluff, NE Micro Area",15421,12177,53,12124,9402,1913,9259,2404,1257,219,30,644,2600,42420,2020
"Scottsboro, AL Micro Area",20367,15408,80,15328,12971,2353,12184,2136,1198,133,13,647,4312,42460,2020
"Scottsburg, IN Micro Area",9228,6798,33,6765,5726,1448,4632,822,816,131,0,278,2152,42500,2020
"Scranton--Wilkes-Barre, PA Metro Area",228663,186866,1407,185459,160172,26108,152635,22380,11707,898,356,4693,37104,42540,2020
"Searcy, AR Micro Area",28903,23004,44,22960,21436,7221,14019,1248,2188,186,25,688,5211,42620,2020
"Seattle-Tacoma-Bellevue, WA Metro Area",1529875,1410247,3329,1406918,1300505,119248,1256579,96358,62484,3518,896,31291,88337,42660,2020
"Sebastian-Vero Beach, FL Metro Area",60959,51242,147,51095,42016,4195,45233,7977,3746,298,36,1345,8372,42680,2020
"Sebring-Avon Park, FL Metro Area",42721,33099,258,32841,26633,5605,24713,4920,3790,683,64,1049,8573,42700,2020
"Sedalia, MO Micro Area",16193,13126,73,13053,11376,2045,9137,1187,2395,309,36,341,2726,42740,2020
"Selinsgrove, PA Micro Area",14824,11547,84,11463,9668,1690,9090,1587,632,109,35,217,3060,42780,2020
"Selma, AL Micro Area",15409,11179,93,11086,9771,2997,6658,940,1462,259,15,261,3969,42820,2020
"Seneca, SC Micro Area",32440,25548,151,25397,22548,5875,16901,1999,3383,655,17,857,6035,42860,2020
"Seneca Falls, NY Micro Area",13784,11338,78,11260,9486,1704,8989,1556,715,102,28,489,1957,42900,2020
"Sevierville, TN Micro Area",37993,30260,109,30151,25255,4895,22965,4174,2955,421,36,1739,5994,42940,2020
"Seymour, IN Micro Area",16923,13128,52,13076,11041,2079,9744,1673,1661,277,0,348,3447,42980,2020
"Shawano, WI Micro Area",18553,14960,164,14796,12737,2825,10634,1519,1666,230,24,330,3263,43020,2020
"Shawnee, OK Micro Area",26066,20913,85,20828,18643,5596,13337,1745,2488,266,65,989,4164,43060,2020
"Sheboygan, WI Metro Area",47754,41583,119,41464,35790,5180,33807,4813,3560,480,32,1141,5030,43100,2020
"Shelby, NC Micro Area",36089,25432,53,25379,21827,3866,19831,3049,2702,271,25,2093,8564,43140,2020
"Shelbyville, TN Micro Area",17490,13955,19,13936,12736,3489,8822,833,2062,200,21,692,2843,43180,2020
"Shelton, WA Micro Area",25242,22264,118,22146,18429,2452,17684,2988,2266,552,15,409,2569,43220,2020
"Sheridan, WY Micro Area",13294,11034,22,11012,8683,981,9239,1853,983,334,25,330,1930,43260,2020
"Sherman-Denison, TX Metro Area",49327,39136,174,38962,34572,8048,26568,3285,5409,596,151,2354,7837,43300,2020
"Show Low, AZ Micro Area",36406,24306,541,23765,18088,3915,17791,4727,2527,730,36,660,11440,43320,2020
"Shreveport-Bossier City, LA Metro Area",156594,113650,293,113357,95153,21298,84626,15520,13598,1456,77,11289,31655,43340,2020
"Sidney, OH Micro Area",18670,16184,59,16125,13617,2009,12587,2117,1573,231,42,278,2208,43380,2020
"Sierra Vista-Douglas, AZ Metro Area",50917,42442,203,42239,36592,4855,32902,4175,6113,885,94,987,7488,43420,2020
"Sikeston, MO Micro Area",15342,12345,0,12345,10642,2407,8960,1347,1126,234,45,410,2587,43460,2020
"Silver City, NM Micro Area",11496,9045,6,9039,7591,1820,6210,1134,1214,258,20,321,2130,43500,2020
"Sioux City, IA-NE-SD Metro Area",56113,45634,219,45415,38776,7108,35956,5814,5069,428,22,2362,8117,43580,2020
"Sioux Falls, SD Metro Area",104530,93028,257,92771,82821,9939,79509,9256,5901,308,54,3028,8474,43620,2020
"Snyder, TX Micro Area",6115,4713,19,4694,4117,834,3264,349,836,225,0,149,1253,43660,2020
"Somerset, KY Micro Area",25572,19436,65,19371,16566,2790,15318,2281,2174,219,0,1194,4942,43700,2020
"Somerset, PA Micro Area",29518,22317,163,22154,17793,3343,17057,3752,1779,412,47,627,6574,43740,2020
"Sonora, CA Micro Area",22937,19374,181,19193,16112,2247,13866,2351,3653,534,0,595,2968,43760,2020
"South Bend-Mishawaka, IN-MI Metro Area",125606,103053,534,102519,87725,14536,82258,12836,9764,1076,127,4020,18533,43780,2020
"Spartanburg, SC Metro Area",118788,97816,283,97533,86503,14104,78743,9508,9162,722,96,2316,18656,43900,2020
"Spearfish, SD Micro Area",11250,9518,46,9472,8230,866,7909,1089,1031,119,0,320,1412,43940,2020
"Spencer, IA Micro Area",7381,6112,41,6071,5179,888,4906,758,360,59,18,315,954,43980,2020
"Spirit Lake, IA Micro Area",8479,7182,25,7157,6359,1119,5522,694,735,74,1,290,1007,44020,2020
"Springfield, IL Metro Area",89304,73089,207,72882,64618,10687,58090,6758,7548,633,144,4860,11355,44100,2020
"Springfield, MA Metro Area",270889,228594,979,227615,187124,29826,192026,36357,7517,1201,298,8305,33990,44140,2020
"Springfield, MO Metro Area",191961,154427,498,153929,139250,31951,108891,11625,18537,1781,303,10307,27227,44180,2020
"Springfield, OH Metro Area",54862,47092,139,46953,41323,6903,38164,4915,3046,322,48,926,6844,44220,2020
"Starkville, MS Micro Area",22548,17446,88,17358,16112,4229,11638,1065,2058,127,0,1479,3623,44260,2020
"State College, PA Metro Area",59380,49778,209,49569,43909,5083,42642,5067,2793,344,61,4152,5450,44300,2020
"Statesboro, GA Micro Area",27967,22740,56,22684,20843,3149,18503,1767,1696,20,0,1235,3992,44340,2020
"Staunton, VA Metro Area",49972,39773,191,39582,34034,7865,28447,4737,2934,457,145,1463,8736,44420,2020
"Steamboat Springs, CO Micro Area",10100,9191,12,9179,8041,1186,7352,904,829,149,12,169,740,44460,2020
"Stephenville, TX Micro Area",14263,12411,48,12363,11158,1942,8829,939,2488,187,11,356,1496,44500,2020
"Sterling, CO Micro Area",8301,7014,75,6939,5737,1325,5005,983,768,105,91,351,936,44540,2020
"Sterling, IL Micro Area",23225,19188,109,19079,16753,3315,14057,1872,2051,294,44,705,3332,44580,2020
"Stevens Point, WI Micro Area",28912,25303,82,25221,22246,3060,21078,2653,1586,171,15,548,3061,44620,2020
"Stillwater, OK Micro Area",31346,25907,39,25868,22959,5536,18155,1744,3250,610,95,1747,3692,44660,2020
"Stockton, CA Metro Area",231092,199545,529,199016,183185,29056,160489,13557,18408,1277,184,5148,26399,44700,2020
"Storm Lake, IA Micro Area",7584,6549,28,6521,5869,1633,4349,530,803,65,18,114,921,44740,2020
"Sturgis, MI Micro Area",24319,19650,122,19528,16800,4050,14183,2348,1393,211,21,547,4122,44780,2020
"Sulphur Springs, TX Micro Area",13514,11226,57,11169,9931,3658,6304,951,1554,210,21,409,1879,44860,2020
"Summerville, GA Micro Area",9106,6695,12,6683,5364,1718,4562,1122,576,173,8,242,2169,44900,2020
"Sumter, SC Metro Area",54479,42361,169,42192,36317,6352,34282,5072,3112,280,20,1383,10735,44940,2020
"Sunbury, PA Micro Area",39048,30472,268,30204,25696,5190,23348,3930,1680,275,40,686,7890,44980,2020
"Susanville, CA Micro Area",9172,7612,84,7528,4903,1775,5094,2386,797,187,19,160,1400,45000,2020
"Sweetwater, TX Micro Area",5516,4141,9,4132,3614,761,2736,451,830,43,12,132,1243,45020,2020
"Syracuse, NY Metro Area",259905,217488,902,216586,182767,23132,187124,31096,9037,1264,163,11048,31369,45060,2020
"Tahlequah, OK Micro Area",17364,12905,64,12841,11537,3784,7547,830,1887,334,6,480,3979,45140,2020
"Talladega-Sylacauga, AL Micro Area",31741,25035,28,25007,22053,5799,16750,2492,3083,317,39,672,6034,45180,2020
"Tallahassee, FL Metro Area",150862,128796,397,128399,111712,14644,109527,14818,8068,874,148,4746,17320,45220,2020
"Tampa-St. Petersburg-Clearwater, FL Metro Area",1239349,1080626,2424,1078202,957317,118124,936965,111648,43631,3477,742,34874,123849,45300,2020
"Taos, NM Micro Area",12592,9476,134,9342,6629,664,7532,2216,1307,310,21,319,2797,45340,2020
"Taylorville, IL Micro Area",13977,11209,117,11092,8092,1425,8933,2798,1204,110,10,427,2341,45380,2020
"Terre Haute, IN Metro Area",73479,60063,234,59829,52382,10359,44849,6199,6253,654,261,1798,11618,45460,2020
"Texarkana, TX-AR Metro Area",55812,41921,170,41751,35432,9240,30324,5002,7704,472,5,1767,12124,45500,2020
"The Dalles, OR Micro Area",10333,8548,33,8515,7053,1042,6541,1164,1128,195,9,438,1347,45520,2020
"The Villages, FL Metro Area",59076,51634,289,51345,43609,5219,43634,6720,4950,352,114,1234,6208,45540,2020
"Thomaston, GA Micro Area",10399,7556,22,7534,6654,1089,6194,718,655,22,0,406,2437,45580,2020
"Thomasville, GA Micro Area",17750,14627,50,14577,12754,2101,11725,1636,963,105,5,345,2778,45620,2020
"Tiffin, OH Micro Area",21759,17959,115,17844,14818,2290,14143,2696,1797,215,19,717,3083,45660,2020
"Tifton, GA Micro Area",14868,10200,72,10128,8084,2984,6608,1725,759,204,17,199,4469,45700,2020
"Toccoa, GA Micro Area",9977,7464,2,7462,6733,1482,5509,550,938,57,0,281,2232,45740,2020
"Toledo, OH Metro Area",266939,227843,807,227036,202228,31266,185926,22199,16784,1339,297,7270,31826,45780,2020
"Spokane-Spokane Valley, WA Metro Area",224385,197837,900,196937,174096,22593,160937,18579,16732,2464,433,5503,21045,44060,2020
"Topeka, KS Metro Area",95356,74670,276,74394,62188,11465,56781,10368,8039,1219,187,5367,15319,45820,2020
"Torrington, CT Micro Area",74902,66748,247,66501,54817,4572,60643,11010,2677,97,47,1364,6790,45860,2020
"Traverse City, MI Micro Area",61253,53128,296,52832,46250,7256,42117,5611,4017,571,61,1500,6625,45900,2020
"Trenton-Princeton, NJ Metro Area",131440,111818,226,111592,99217,10984,98932,11509,4006,400,17,4087,15535,45940,2020
"Troy, AL Micro Area",11700,8247,22,8225,7147,1945,5653,919,1391,144,0,478,2975,45980,2020
"Truckee-Grass Valley, CA Micro Area",40917,36137,129,36008,30941,3496,28628,3869,5980,560,127,743,4037,46020,2020
"Tucson, AZ Metro Area",410942,362493,1213,361280,323453,51054,292544,33053,28760,2196,509,8743,39706,46060,2020
"Tullahoma-Manchester, TN Micro Area",41130,29253,129,29124,25472,6640,20274,2993,3349,395,15,2420,9457,46100,2020
"Tulsa, OK Metro Area",384369,328346,863,327483,300390,55006,253438,21559,31387,3004,365,7417,48606,46140,2020
"Tupelo, MS Micro Area",60469,44741,125,44616,40335,14149,26654,3410,6386,548,14,3161,12567,46180,2020
"Tuscaloosa, AL Metro Area",91112,72288,137,72151,67558,14040,53198,3599,8400,764,18,2860,15964,46220,2020
"Twin Falls, ID Metro Area",39762,33973,145,33828,28695,5769,24263,4069,4732,750,88,1034,4755,46300,2020
"Tyler, TX Metro Area",77809,65209,145,65064,55680,20248,39606,6727,7897,1573,161,1744,10856,46340,2020
"Ukiah, CA Micro Area",34164,28351,206,28145,23443,3335,19956,3210,5348,1241,102,952,4861,46380,2020
"Union, SC Micro Area",11707,8735,25,8710,7292,2816,5057,1228,988,151,20,209,2763,46420,2020
"Union City, TN Micro Area",12633,9775,62,9713,8654,2139,6808,882,1059,109,0,221,2637,46460,2020
"Urbana, OH Micro Area",15407,13228,60,13168,11290,1853,10365,1686,1168,92,12,359,1820,46500,2020
"Urban Honolulu, HI Metro Area",316928,281128,586,280542,254521,29585,247068,24154,11214,449,114,7643,28157,46520,2020
"Utica-Rome, NY Metro Area",115768,97654,430,97224,81794,12793,80675,13828,4863,693,146,2950,15164,46540,2020
"Uvalde, TX Micro Area",8921,6280,5,6275,5081,970,4741,1019,732,106,0,343,2298,46620,2020
"Valdosta, GA Metro Area",54469,36974,122,36852,30455,6475,28155,5155,4189,496,24,5566,11929,46660,2020
"Vallejo, CA Metro Area",151191,139106,223,138883,129006,15558,118012,8617,12845,507,41,2507,9578,46700,2020
"Van Wert, OH Micro Area",11640,9367,70,9297,8176,998,7140,906,1303,152,11,248,2025,46780,2020
"Vermillion, SD Micro Area",5259,4661,0,4661,4044,525,3825,569,352,27,0,151,447,46820,2020
"Vernal, UT Micro Area",10739,9154,115,9039,8368,1419,6991,576,792,69,0,275,1310,46860,2020
"Vernon, TX Micro Area",5008,3517,0,3517,3143,667,2472,341,517,6,0,388,1103,46900,2020
"Vicksburg, MS Micro Area",18107,14014,43,13971,12811,3292,9243,973,2272,89,25,865,3228,46980,2020
"Victoria, TX Metro Area",35360,25658,124,25534,19988,3694,19574,4861,2958,375,108,2458,7244,47020,2020
"Vidalia, GA Micro Area",12853,9987,17,9970,8416,2450,6544,1197,1474,121,22,266,2600,47080,2020
"Vincennes, IN Micro Area",15186,12575,68,12507,11162,2382,9368,1148,812,69,10,243,2368,47180,2020
"Vineland-Bridgeton, NJ Metro Area",50947,42019,181,41838,33404,4993,35819,7770,2441,291,36,1338,7590,47220,2020
"Vineyard Haven, MA Micro Area",6887,5799,10,5789,5024,467,5135,618,336,132,0,512,576,47240,2020
"Virginia Beach-Norfolk-Newport News, VA-NC Metro Area",672053,585913,1448,584465,534282,78918,487970,45502,32969,1996,291,20242,65898,47260,2020
"Visalia, CA Metro Area",139044,113948,242,113706,96076,25895,77946,15072,14518,1799,112,3229,21867,47300,2020
"Wabash, IN Micro Area",12705,10259,119,10140,8457,1822,7085,1351,1549,242,9,564,1882,47340,2020
"Waco, TX Metro Area",96974,78599,244,78355,68740,15411,57673,8291,7338,737,46,3229,15146,47380,2020
"Wahpeton, ND-MN Micro Area",9605,7900,40,7860,6751,821,6548,955,822,64,0,313,1392,47420,2020
"Walla Walla, WA Metro Area",22773,20063,51,20012,17255,2151,16401,2310,1895,224,80,624,2086,47460,2020
"Wapakoneta, OH Micro Area",19000,16335,79,16256,14264,1566,13408,1744,1251,193,9,298,2367,47540,2020
"Warner Robins, GA Metro Area",68257,58831,81,58750,53264,7426,48933,4992,5792,255,30,1124,8302,47580,2020
"Warren, PA Micro Area",17124,13596,116,13480,10520,1995,10592,2483,1253,283,23,661,2867,47620,2020
"Warrensburg, MO Micro Area",19931,17494,23,17471,16197,2752,12796,970,1908,212,21,395,2042,47660,2020
"Warsaw, IN Micro Area",31462,26219,90,26129,21724,4305,19951,3664,2596,400,53,684,4559,47700,2020
"Washington, IN Micro Area",11354,8418,41,8377,7550,2014,5721,625,721,122,0,194,2742,47780,2020
"Washington, NC Micro Area",20219,15013,49,14964,11267,1539,12412,3235,1128,247,51,464,4742,47820,2020
"Washington-Arlington-Alexandria, DC-VA-MD-WV Metro Area",2244311,2062660,3911,2058749,1894014,165994,1844491,149805,104551,5667,1096,39322,142329,47900,2020
"Washington Court House, OH Micro Area",11737,9473,8,9465,8217,1958,6612,827,1584,195,18,443,1821,47920,2020
"Waterloo-Cedar Falls, IA Metro Area",68165,57133,212,56921,50274,8409,46541,6058,3283,240,28,2267,8765,47940,2020
"Watertown, SD Micro Area",14332,11731,78,11653,8568,1835,9227,2824,842,148,51,368,2233,47980,2020
"Watertown-Fort Atkinson, WI Micro Area",33349,28366,174,28192,24741,4216,21854,3026,2482,248,57,976,4007,48020,2020
"Watertown-Fort Drum, NY Metro Area",43046,37227,134,37093,32983,5097,30307,3679,2336,255,53,981,4838,48060,2020
"Wauchula, FL Micro Area",7991,5214,50,5164,4229,961,3470,635,819,239,0,327,2450,48100,2020
"Wausau-Weston, WI Metro Area",68652,58308,499,57809,49527,8534,43143,6613,6695,1172,66,1394,8950,48140,2020
"Waycross, GA Micro Area",20835,14340,12,14328,9330,2082,10767,4200,2132,636,14,1709,4786,48180,2020
"Weatherford, OK Micro Area",10697,9005,0,9005,8450,1781,6581,426,1017,47,0,180,1512,48220,2020
"Weirton-Steubenville, WV-OH Metro Area",50009,39980,103,39877,32464,5484,32144,6697,3076,490,41,1116,8913,48260,2020
"Wenatchee, WA Metro Area",44818,37650,29,37621,33183,3981,31185,3622,3790,372,90,1373,5795,48300,2020
"West Plains, MO Micro Area",15557,12097,70,12027,9308,3380,7184,2201,1838,317,24,327,3133,48460,2020
"West Point, MS Micro Area",7728,5978,10,5968,5177,2379,3201,570,572,150,16,70,1680,48500,2020
"Wheeling, WV-OH Metro Area",55376,42353,147,42206,32710,5525,34079,8437,3199,735,28,1840,11183,48540,2020
"Whitewater, WI Micro Area",41414,35070,211,34859,30302,3945,28559,3886,3416,256,69,1970,4374,48580,2020
"Wichita, KS Metro Area",247011,211811,714,211097,189835,28940,170793,18507,18382,1390,252,5867,29333,48620,2020
"Wichita Falls, TX Metro Area",56210,45348,95,45253,40347,7209,34354,3930,5936,562,5,1730,9132,48660,2020
"Williamsport, PA Metro Area",46160,38118,389,37729,31013,4588,30981,5692,2949,557,23,1478,6564,48700,2020
"Williston, ND Micro Area",14646,11708,63,11645,10704,1711,9740,794,684,38,0,1636,1302,48780,2020
"Willmar, MN Micro Area",16853,14160,96,14064,11798,2032,10479,1933,1927,237,14,534,2159,48820,2020
"Wilmington, NC Metro Area",120810,104744,254,104490,89578,10796,90616,13905,5847,474,66,3766,12300,48900,2020
"Wilmington, OH Micro Area",16741,14150,121,14029,12668,3245,9646,1183,1516,126,7,362,2229,48940,2020
"Wilson, NC Micro Area",31968,24479,60,24419,21196,3441,20449,2963,1071,132,6,1034,6455,48980,2020
"Winchester, VA-WV Metro Area",51928,42934,236,42698,36382,6276,32563,5372,4396,630,45,1466,7528,49020,2020
"Winfield, KS Micro Area",13800,11137,95,11042,9466,1712,8455,1325,1059,151,5,190,2473,49060,2020
"Winnemucca, NV Micro Area",6579,5609,0,5609,4865,1821,2990,643,713,101,0,118,852,49080,2020
"Winona, MN Micro Area",19466,17083,75,17008,14043,1339,14816,2662,1213,161,12,543,1840,49100,2020
"Winston-Salem, NC Metro Area",267603,221874,773,221101,183400,31017,182820,34134,13924,1533,663,6714,39015,49180,2020
"Wisconsin Rapids-Marshfield, WI Micro Area",32707,27396,228,27168,22350,3760,22229,4407,1505,166,35,598,4713,49220,2020
"Woodward, OK Micro Area",9189,7491,18,7473,6539,1753,4937,706,1301,114,83,198,1500,49260,2020
"Wooster, OH Micro Area",44238,36425,231,36194,31639,4892,30028,4255,1772,180,20,801,7012,49300,2020
"Worcester, MA-CT Metro Area",359670,315311,1051,314260,281119,30672,276531,30598,12346,837,166,7621,36738,49340,2020
"Worthington, MN Micro Area",7898,6394,77,6317,5087,900,4794,1000,832,187,9,429,1075,49380,2020
"Yakima, WA Metro Area",83765,70878,360,70518,62966,12978,52471,6357,7440,675,114,2175,10712,49420,2020
"Yankton, SD Micro Area",9558,7970,24,7946,6788,1063,6328,1057,602,48,5,386,1202,49460,2020
"Yauco, PR Metro Area",30671,18644,1417,17227,14897,6598,9286,2028,629,128,8,751,11276,49500,2020
"York-Hanover, PA Metro Area",174425,149220,875,148345,128935,19246,123535,17280,8986,745,124,3756,21449,49620,2020
"Youngstown-Warren-Boardman, OH-PA Metro Area",231607,188365,901,187464,154972,27655,153036,29273,11913,1395,248,6895,36347,49660,2020
"Yuba City, CA Metro Area",59020,50749,196,50553,46265,10474,36213,3030,6149,739,39,1162,7109,49700,2020
"Yuma, AZ Metro Area",74624,60784,208,60576,53631,10718,45820,5524,7020,652,82,2164,11676,49740,2020
"Zanesville, OH Micro Area",33797,27543,132,27411,19490,4164,21737,7089,1708,582,54,792,5462,49780,2020
"Zapata, TX Micro Area",4689,2899,0,2899,1712,315,2344,1106,466,81,0,18,1772,49820,2020
