NAME,B28002_001E,B28002_002E,B28002_003E,B28002_004E,B28002_005E,B28002_006E,B28002_007E,B28002_008E,B28002_009E,B28002_010E,B28002_011E,B28002_012E,B28002_013E,metropolitan statistical area/micropolitan statistical area
"Aberdeen, SD Micro Area",17577,15100,32,15068,13695,1977,12205,1234,1079,96,26,519,1958,10100
"Aberdeen, WA Micro Area",29542,25898,62,25836,23278,3623,21019,2313,1518,158,8,770,2874,10140
"Abilene, TX Metro Area",65075,57334,72,57262,54196,9821,44178,2558,4988,299,42,1240,6501,10180
"Ada, OK Micro Area",14801,11705,15,11690,10739,1571,8835,472,2849,263,5,288,2808,10220
"Adrian, MI Micro Area",38626,33298,97,33201,30682,5328,24965,2175,2953,191,35,1009,4319,10300
"Aguadilla-Isabela, PR Metro Area",111556,73874,5558,68316,60828,22970,37860,6521,7068,549,50,5171,32511,10380
"Akron, OH Metro Area",292223,260250,577,259673,232281,25207,227848,25318,14867,757,154,7833,24140,10420
"Alamogordo, NM Micro Area",23832,20477,150,20327,18626,3005,15632,1353,1992,200,8,565,2790,10460
"Albany, GA Metro Area",57043,45697,21,45676,42241,9551,32424,2628,5710,519,35,1548,9798,10500
"Albany-Lebanon, OR Metro Area",49944,44668,119,44549,40394,5689,35474,3489,3648,374,105,1311,3965,10540
"Albany-Schenectady-Troy, NY Metro Area",372919,332599,1021,331578,297976,31085,293624,31223,12665,1030,231,11407,28913,10580
"Albemarle, NC Micro Area",23773,20496,23,20473,18925,3240,16230,1221,1652,253,0,706,2571,10620
"Albert Lea, MN Micro Area",12890,10755,66,10689,9556,1807,8117,960,1007,109,30,298,1837,10660
"Albertville, AL Micro Area",35930,31400,37,31363,29477,5811,24333,1604,2104,168,67,709,3821,10700
"Albuquerque, NM Metro Area",367877,317142,1175,315967,284952,40894,259218,24413,31271,1955,329,10905,39830,10740
"Alexander City, AL Micro Area",20437,16270,0,16270,13904,3714,10922,1923,2085,287,65,777,3390,10760
"Alexandria, LA Metro Area",55263,46250,66,46184,43288,9208,32182,2378,6463,318,51,1080,7933,10780
"Alexandria, MN Micro Area",17252,14812,99,14713,12470,1701,11948,2106,1559,81,9,590,1850,10820
"Alice, TX Micro Area",15806,10768,0,10768,8500,1518,8074,1812,2112,188,0,295,4743,10860
"Allentown-Bethlehem-Easton, PA-NJ Metro Area",333576,294022,916,293106,269977,32449,252868,21245,17139,767,106,7202,32352,10900
"Alma, MI Micro Area",14705,12232,37,12195,10355,2139,8423,1517,1732,232,14,557,1916,10940
"Alpena, MI Micro Area",12721,10499,34,10465,8737,1867,7787,1454,980,183,18,476,1746,10980
"Altoona, PA Metro Area",50587,42266,158,42108,36639,5291,35289,5001,2781,231,44,1062,7259,11020
"Altus, OK Micro Area",9835,8682,121,8561,7983,1581,6137,484,1144,55,2,166,987,11060
"Amarillo, TX Metro Area",101424,88860,85,88775,80153,12880,71464,7657,8113,641,29,2125,10439,11100
"Americus, GA Micro Area",12217,9373,57,9316,8383,2431,5881,650,1458,243,25,296,2548,11140
"Ames, IA Metro Area",49305,39481,230,39251,36385,4448,33073,2500,2687,185,12,6804,3020,11180
"Amsterdam, NY Micro Area",18918,15210,116,15094,12631,1452,13069,2284,832,66,26,765,2943,11220
"Anchorage, AK Metro Area",146424,136165,256,135909,127673,21221,111521,7610,6290,185,86,2261,7998,11260
"Andrews, TX Micro Area",6603,5993,5,5988,5556,1052,4385,352,744,57,0,162,448,11380
"Angola, IN Micro Area",13794,11572,44,11528,10474,2146,7717,769,2106,230,9,510,1712,11420
"Ann Arbor, MI Metro Area",148704,138501,114,138387,130921,11769,121694,6781,7665,363,24,4152,6051,11460
"Anniston-Oxford, AL Metro Area",44693,37295,47,37248,32181,7404,27331,4172,3923,634,11,905,6493,11500
"Appleton, WI Metro Area",97358,88716,280,88436,80722,11377,72794,6695,6458,591,68,1639,7003,11540
"Arcadia, FL Micro Area",12340,9394,44,9350,8349,2352,6090,757,1095,178,0,675,2271,11580
"Ardmore, OK Micro Area",22424,17733,40,17693,14015,3846,11080,1899,2842,671,165,787,3904,11620
"Arecibo, PR Metro Area",64952,46915,245,46670,43933,16190,28103,2372,3272,258,0,956,17081,11640
"Arkadelphia, AR Micro Area",7955,6184,4,6180,5768,1029,4708,297,653,43,0,283,1488,11660
"Asheville, NC Metro Area",187343,159735,398,159337,144593,21191,129746,12603,12588,1166,172,4238,23370,11700
"Ashland, OH Micro Area",20478,17390,48,17342,15720,3172,13245,1467,1118,68,14,631,2457,11740
"Ashtabula, OH Micro Area",38549,32669,194,32475,27723,4746,25989,4199,2489,247,10,1144,4736,11780
"Astoria, OR Micro Area",17246,15537,64,15473,14311,1881,12627,984,1525,100,43,362,1347,11820
"Atchison, KS Micro Area",5840,4778,3,4775,4230,918,3270,374,900,115,3,143,919,11860
"Athens, OH Micro Area",22582,18775,32,18743,16172,3802,13510,2132,2016,333,0,1495,2312,11900
"Athens, TN Micro Area",21230,17969,41,17928,16462,4526,10878,1090,2992,364,5,228,3033,11940
"Athens, TX Micro Area",31973,26249,45,26204,23035,6212,17410,2552,4100,384,48,644,5080,11980
"Athens-Clarke County, GA Metro Area",83822,74628,62,74566,69854,7760,63182,3975,7073,338,41,2453,6741,12020
"Atlanta-Sandy Springs-Alpharetta, GA Metro Area",2243738,2052887,1976,2050911,1928949,197947,1779727,104439,165254,8432,1447,47333,143518,12060
"Atlantic City-Hammonton, NJ Metro Area",106640,95316,313,95003,84720,10908,82149,9540,4348,257,54,2409,8915,12100
"Atmore, AL Micro Area",13022,9300,11,9289,8278,4409,3631,628,1483,326,23,157,3565,12120
"Auburn, IN Micro Area",16983,14097,33,14064,12688,2997,9454,1158,1879,130,16,581,2305,12140
"Auburn, NY Micro Area",30910,26430,75,26355,23515,3542,20848,2422,2158,214,50,806,3674,12180
"Auburn-Opelika, AL Metro Area",65166,56129,71,56058,52641,5737,47293,3007,5913,190,59,3015,6022,12220
"Augusta-Richmond County, GA-SC Metro Area",221531,189173,322,188851,174778,29323,148088,11788,16936,1511,157,6628,25730,12260
"Augusta-Waterville, ME Micro Area",53452,47074,158,46916,41422,4299,41343,5026,1885,162,14,1042,5336,12300
"Austin, MN Micro Area",15653,13655,49,13606,12380,2044,10576,964,1420,177,7,510,1488,12380
"Austin-Round Rock-Georgetown, TX Metro Area",905689,839792,887,838905,788038,81841,729519,45432,56607,2568,346,21019,44878,12420
"Bainbridge, GA Micro Area",10295,6879,4,6875,6213,2434,3652,432,984,198,0,661,2755,12460
"Bakersfield, CA Metro Area",277499,244474,334,244140,225141,46270,185781,16276,22702,1742,83,5646,27379,12540
"Baltimore-Columbia-Towson, MD Metro Area",1098268,985855,2096,983759,907098,111953,849835,70321,44021,2508,551,30870,81543,12580
"Bangor, ME Metro Area",63687,55165,229,54936,46655,5004,47057,7639,3508,269,89,2202,6320,12620
"Baraboo, WI Micro Area",27313,23915,176,23739,21197,3091,18984,2107,2150,310,30,742,2656,12660
"Bardstown, KY Micro Area",18457,16430,34,16396,14533,2806,12332,1465,1540,333,25,490,1537,12680
"Barnstable Town, MA Metro Area",99969,92977,183,92794,83451,7660,83663,8769,3340,267,0,2026,4966,12700
"Barre, VT Micro Area",25166,22650,109,22541,18422,3307,17977,3663,1577,199,95,594,1922,12740
"Bartlesville, OK Micro Area",20404,17214,38,17176,15960,2685,12151,872,2878,197,28,552,2638,12780
"Batavia, NY Micro Area",24416,21481,106,21375,18816,2735,17882,2373,1031,121,14,471,2464,12860
"Batesville, AR Micro Area",21318,14544,104,14440,12386,3206,9689,1625,1959,235,23,2206,4568,12900
"Baton Rouge, LA Metro Area",321734,282373,463,281910,261375,39364,231079,18561,20692,872,47,9644,29717,12940
"Battle Creek, MI Metro Area",53050,46249,78,46171,42759,9470,33394,2853,3870,386,98,703,6098,12980
"Bay City, MI Metro Area",44999,39516,78,39438,35804,6793,30865,3231,2272,237,26,858,4625,13020
"Bay City, TX Micro Area",14073,10607,34,10573,8921,2864,6299,987,2159,484,62,251,3215,13060
"Beatrice, NE Micro Area",9154,7804,68,7736,6694,1111,5787,803,1208,119,47,274,1076,13100
"Beaumont-Port Arthur, TX Metro Area",145312,126726,215,126511,118058,26953,93608,7191,10155,704,70,2361,16225,13140
"Beaver Dam, WI Micro Area",35615,31264,89,31175,28584,5051,23161,2052,3174,393,63,799,3552,13180
"Beckley, WV Metro Area",45333,34130,57,34073,28366,5834,26595,5239,2560,102,48,3017,8186,13220
"Bedford, IN Micro Area",18873,15686,15,15671,13683,3394,10745,1571,1544,341,31,223,2964,13260
"Beeville, TX Micro Area",8563,6473,1,6472,6124,1085,4366,152,1619,112,0,161,1929,13300
"Bellefontaine, OH Micro Area",19168,16920,61,16859,15176,3000,12853,1523,1024,122,11,588,1660,13340
"Bellingham, WA Metro Area",91171,83469,102,83367,77135,9452,70482,5715,4740,291,55,1925,5777,13380
"Bemidji, MN Micro Area",17870,15538,9,15529,13590,1608,13403,1745,772,50,31,596,1736,13420
"Bend, OR Metro Area",81481,75022,177,74845,67173,7194,63341,6502,5932,760,124,1874,4585,13460
"Bennettsville, SC Micro Area",9463,6015,5,6010,4519,1476,3105,614,1806,773,22,410,3038,13500
"Bennington, VT Micro Area",14566,11817,157,11660,9386,1019,10024,2080,781,65,47,1207,1542,13540
"Berlin, NH Micro Area",13620,11618,41,11577,9097,1060,9425,2029,1156,320,39,437,1565,13620
"Big Rapids, MI Micro Area",16103,12699,75,12624,11037,2353,8482,1212,2091,262,26,732,2672,13660
"Big Spring, TX Micro Area",12010,10174,0,10174,9378,2282,7081,712,917,56,28,302,1534,13700
"Big Stone Gap, VA Micro Area",15644,11473,74,11399,9331,1760,9266,1802,624,144,0,1777,2394,13720
"Billings, MT Metro Area",76348,67734,191,67543,60810,8893,54180,5663,6103,684,113,1694,6920,13740
"Binghamton, NY Metro Area",101651,88857,217,88640,77116,9337,76611,10573,4989,413,76,2259,10535,13780
"Birmingham-Hoover, AL Metro Area",429181,377018,588,376430,344693,56643,301407,27134,36715,2109,244,9669,42494,13820
"Bismarck, ND Metro Area",53760,47464,104,47360,43011,4957,41415,3994,2474,85,46,1739,4557,13900
"Blackfoot, ID Micro Area",15627,13621,70,13551,12349,2370,9175,1027,2318,94,34,266,1740,13940
"Blacksburg-Christiansburg, VA Metro Area",62836,54277,135,54142,47798,7431,42369,5109,6729,784,124,1557,7002,13980
"Bloomington, IL Metro Area",68491,59451,79,59372,50059,7297,49618,8325,3893,616,84,3760,5280,14010
"Bloomington, IN Metro Area",65932,58059,77,57982,53666,6083,48960,3796,4219,325,24,3096,4777,14020
"Bloomsburg-Berwick, PA Metro Area",33511,28507,155,28352,26165,4728,22068,1751,2141,162,20,663,4341,14100
"Bluefield, WV-VA Micro Area",42506,34754,116,34638,30329,5657,27086,3807,4004,290,5,969,6783,14140
"Bluffton, IN Micro Area",11155,9235,31,9204,8346,1879,6490,630,994,58,36,281,1639,14160
"Blytheville, AR Micro Area",15005,12187,9,12178,10848,2607,8422,965,1847,348,8,734,2084,14180
"Bogalusa, LA Micro Area",17162,12049,25,12024,11457,3860,6411,371,2334,144,5,543,4570,14220
"Boise City, ID Metro Area",285188,264319,740,263579,246345,27753,220803,14510,28046,1485,173,6701,14168,14260
"Bonham, TX Micro Area",12699,10192,29,10163,9294,1933,6273,625,2525,163,31,450,2057,14300
"Boone, NC Micro Area",21194,18902,19,18883,17209,1822,16280,1464,1148,182,17,655,1637,14380
"Borger, TX Micro Area",6711,5642,11,5631,5147,1071,3941,419,988,65,0,156,913,14420
"Boston-Cambridge-Newton, MA-NH Metro Area",1913599,1760421,2105,1758316,1626024,153532,1581801,125510,54322,2096,716,36330,116848,14460
"Boulder, CO Metro Area",133390,125671,174,125497,118188,9793,111816,6351,6897,352,176,2663,5056,14500
"Bowling Green, KY Metro Area",69622,61060,171,60889,57054,9871,47339,3312,4699,213,38,1520,7042,14540
"Bozeman, MT Micro Area",47874,43848,85,43763,40802,5231,35223,2370,4293,379,13,1683,2343,14580
"Bradford, PA Micro Area",15931,13512,105,13407,11294,1748,10836,1810,931,175,39,349,2070,14620
"Brainerd, MN Micro Area",40623,35097,187,34910,30176,5401,27021,3843,3236,631,34,982,4544,14660
"Branson, MO Micro Area",21595,18569,61,18508,16934,3602,13349,1293,1526,168,47,793,2233,14700
"Breckenridge, CO Micro Area",11750,11076,0,11076,10606,1103,9617,363,435,100,0,208,466,14720
"Bremerton-Silverdale-Port Orchard, WA Metro Area",106031,100137,199,99938,92428,8072,88733,6933,5343,169,13,1807,4087,14740
"Brenham, TX Micro Area",14482,11801,0,11801,10043,3174,6524,1318,2315,341,92,383,2298,14780
"Brevard, NC Micro Area",14353,12368,25,12343,10740,1392,10381,1468,641,77,9,431,1554,14820
"Bridgeport-Stamford-Norwalk, CT Metro Area",352307,324449,560,323889,293450,30675,288039,28654,11742,510,360,6259,21599,14860
"Brookhaven, MS Micro Area",13070,10550,30,10520,9700,3278,6091,594,1585,68,0,257,2263,15020
"Brookings, OR Micro Area",11148,9791,65,9726,8588,1108,7802,924,809,212,2,192,1165,15060
"Brookings, SD Micro Area",13366,11925,13,11912,9798,1630,9781,1971,710,62,34,377,1064,15100
"Brownsville, TN Micro Area",7200,5401,0,5401,4997,1448,3278,263,817,112,10,100,1699,15140
"Brownsville-Harlingen, TX Metro Area",132538,97757,67,97690,84337,32361,60269,11899,8574,937,177,9976,24805,15180
"Brownwood, TX Micro Area",14977,12868,1,12867,10778,3114,7618,1545,2488,486,28,378,1731,15220
"Brunswick, GA Metro Area",45426,37107,35,37072,32874,4718,30683,3817,2718,271,42,2223,6096,15260
"Bucyrus-Galion, OH Micro Area",18168,15662,113,15549,13761,2405,11834,1412,1633,207,47,458,2048,15340
"Buffalo-Cheektowaga, NY Metro Area",497529,436368,1046,435322,390341,53079,371312,41021,21890,1646,434,12350,48811,15380
"Burley, ID Micro Area",15654,13469,25,13444,11852,2504,9007,984,2364,486,2,359,1826,15420
"Burlington, IA-IL Micro Area",19996,16739,80,16659,15244,2767,12805,1200,1624,115,17,458,2799,15460
"Burlington, NC Metro Area",67370,58016,49,57967,52918,6542,49458,4671,3940,264,2,1490,7864,15500
"Burlington-South Burlington, VT Metro Area",91578,81768,238,81530,72161,6061,72798,8380,4410,415,128,3945,5865,15540
"Butte-Silver Bow, MT Micro Area",15080,12771,229,12542,11219,2678,8633,1117,1582,171,6,590,1719,15580
"Cadillac, MI Micro Area",18983,16099,56,16043,14604,4375,9884,1158,2045,192,14,362,2522,15620
"Calhoun, GA Micro Area",20555,15932,14,15918,14660,3197,11595,1044,1674,154,10,1534,3089,15660
"California-Lexington Park, MD Metro Area",41211,37206,58,37148,33629,2638,32627,3067,2579,220,74,573,3432,15680
"Cambridge, MD Micro Area",13216,11349,21,11328,10098,2778,7659,1017,1067,138,44,210,1657,15700
"Cambridge, OH Micro Area",16165,13411,113,13298,11927,2846,9429,1069,1311,191,10,365,2389,15740
"Camden, AR Micro Area",9957,8056,2,8054,7193,1743,5587,672,990,163,0,253,1648,15780
"Campbellsville, KY Micro Area",14242,11867,28,11839,10216,1970,9262,1255,1101,42,9,383,1992,15820
"Cañon City, CO Micro Area",17677,14604,61,14543,12841,1582,11510,1225,1834,285,85,331,2742,15860
"Canton-Massillon, OH Metro Area",166045,140087,294,139793,125332,17742,116481,12767,10480,1114,84,7175,18783,15940
"Cape Coral-Fort Myers, FL Metro Area",311348,280843,451,280392,263028,35039,237188,14790,19624,849,135,9187,21318,15980
"Cape Girardeau, MO-IL Metro Area",37096,31813,71,31742,29729,6748,22074,1505,3508,292,26,688,4595,16020
"Carbondale-Marion, IL Metro Area",55760,47046,187,46859,44204,12532,30144,2056,5088,369,62,1793,6921,16060
"Carlsbad-Artesia, NM Micro Area",22703,18561,54,18507,16582,3929,13463,1743,2137,109,13,805,3337,16100
"Carroll, IA Micro Area",8696,7419,47,7372,6822,1220,5656,434,791,78,6,125,1152,16140
"Carson City, NV Metro Area",23355,20628,178,20450,18185,2338,17328,2125,1459,106,9,779,1948,16180
"Casper, WY Metro Area",32895,29464,32,29432,26295,2856,24927,2794,2020,163,77,813,2618,16220
"Cedar City, UT Micro Area",18596,16352,109,16243,13909,1908,12475,1720,2756,476,2,686,1558,16260
"Cedar Rapids, IA Metro Area",112467,101439,382,101057,89580,12969,85096,10647,5819,446,27,2766,8262,16300
"Cedartown, GA Micro Area",15517,13031,19,13012,12015,2526,9500,800,1409,121,0,225,2261,16340
"Celina, OH Micro Area",16022,14230,71,14159,12808,1506,11978,1198,1209,105,9,214,1578,16380
"Central City, KY Micro Area",11847,9757,62,9695,9080,2087,6728,482,1168,76,0,189,1901,16420
"Centralia, IL Micro Area",15236,12865,76,12789,11570,2607,8742,996,1701,177,13,336,2035,16460
"Centralia, WA Micro Area",31511,27212,142,27070,22810,3929,19834,3351,3576,587,42,919,3380,16500
"Chambersburg-Waynesboro, PA Metro Area",62576,54306,201,54105,47905,5721,46235,5418,3728,402,0,1170,7100,16540
"Champaign-Urbana, IL Metro Area",89250,77312,202,77110,71878,10437,63432,4652,5764,218,82,5948,5990,16580
"Charleston, WV Metro Area",107033,89837,349,89488,74348,11009,73353,12820,6950,1744,163,2935,14261,16620
"Charleston-Mattoon, IL Micro Area",24527,20874,66,20808,18672,3654,15660,1948,1702,142,8,1011,2642,16660
"Charleston-North Charleston, SC Metro Area",318484,271786,506,271280,253863,32688,228436,14718,23462,1672,72,17756,28942,16700
"Charlotte-Concord-Gastonia, NC-SC Metro Area",1026048,931412,1284,930128,844191,97215,804288,75489,57729,4158,2670,17706,76930,16740
"Charlottesville, VA Metro Area",87531,77970,221,77749,71694,14113,59757,5037,5466,547,142,2403,7158,16820
"Chattanooga, TN-GA Metro Area",224448,195947,227,195720,181141,24094,167805,13488,7266,434,114,5292,23209,16860
"Cheyenne, WY Metro Area",41407,37401,115,37286,32665,3602,31367,4281,3453,167,54,989,3017,16940
"Chicago-Naperville-Elgin, IL-IN-WI Metro Area",3654700,3278344,5345,3272999,3035941,368033,2801685,207119,226150,11087,4266,87076,289280,16980
"Chico, CA Metro Area",83319,74907,114,74793,68107,9356,58789,5144,8806,1038,106,1777,6635,17020
"Chillicothe, OH Micro Area",29565,25158,51,25107,22862,3503,20589,2091,1154,72,12,893,3514,17060
"Cincinnati, OH-KY-IN Metro Area",892073,803279,2345,800934,738379,83418,695126,56527,44486,2768,493,17567,71227,17140
"Clarksburg, WV Micro Area",34935,28562,69,28493,22432,4315,22613,5432,2146,424,21,788,5585,17220
"Clarksdale, MS Micro Area",8387,6200,0,6200,4964,3373,2321,210,653,287,1,76,2111,17260
"Clarksville, TN-KY Metro Area",116911,102844,156,102688,95850,15106,82135,5737,8973,695,49,3640,10427,17300
"Clearlake, CA Micro Area",26487,22212,99,22113,18534,3488,15969,2788,3532,584,90,720,3555,17340
"Cleveland, MS Micro Area",11704,8736,2,8734,7823,2006,6057,500,1090,159,16,499,2469,17380
"Cleveland, TN Metro Area",48441,41426,126,41300,38351,6626,32306,2637,3451,169,74,876,6139,17420
"Cleveland-Elyria, OH Metro Area",883673,766023,2095,763928,686851,84905,653732,69019,49452,3755,522,23591,94059,17460
"Clewiston, FL Micro Area",13289,10711,0,10711,9817,2201,7467,724,1606,49,0,303,2275,17500
"Clinton, IA Micro Area",19174,16106,105,16001,14712,2274,12860,1016,1209,120,8,461,2607,17540
"Clovis, NM Micro Area",18535,16176,17,16159,14807,3239,12341,1097,951,159,14,229,2130,17580
"Coamo, PR Micro Area",12835,9193,48,9145,3994,2043,6321,4568,828,538,0,308,3334,17620
"Coco, PR Micro Area",9721,7081,93,6988,3050,1715,5017,3767,356,149,8,101,2539,17640
"Coeur d'Alene, ID Metro Area",67002,60232,123,60109,54685,7914,47202,4439,6144,593,129,2121,4649,17660
"Coffeyville, KS Micro Area",12682,10481,11,10470,9298,2260,6900,850,1861,246,7,298,1903,17700
"Coldwater, MI Micro Area",16769,13968,55,13913,12673,2225,10363,1068,1607,116,15,465,2336,17740
"College Station-Bryan, TX Metro Area",100184,83798,100,83698,78109,11774,65799,4535,10043,606,54,8314,8072,17780
"Colorado Springs, CO Metro Area",287411,269468,673,268795,247039,23690,233339,18987,21683,1583,134,4412,13531,17820
"Columbia, MO Metro Area",83744,74364,282,74082,69302,6019,64449,4208,6151,408,11,3728,5652,17860
"Columbia, SC Metro Area",328749,288898,406,288492,268503,34414,242506,17034,26384,1877,269,6072,33779,17900
"Columbus, GA-AL Metro Area",124701,103207,268,102939,93951,16922,79469,7640,9212,567,55,3865,17629,17980
"Columbus, IN Metro Area",32773,29502,30,29472,27000,4097,23396,1974,2447,268,36,647,2624,18020
"Columbus, MS Micro Area",22651,19218,1,19217,18531,5417,13018,563,1404,67,19,233,3200,18060
"Columbus, NE Micro Area",13292,11507,42,11465,10088,1360,9128,1221,1193,106,3,332,1453,18100
"Columbus, OH Metro Area",843638,774320,1112,773208,719523,77748,671882,48703,43038,2560,351,14403,54915,18140
"Concord, NH Micro Area",59851,54235,214,54021,47736,3869,49150,5833,2022,225,0,1317,4299,18180
"Connersville, IN Micro Area",9672,7971,2,7969,7252,1614,5696,620,711,39,19,228,1473,18220
"Cookeville, TN Micro Area",46122,37328,58,37270,31646,3634,32785,5130,1942,218,66,1469,7325,18260
"Coos Bay, OR Micro Area",28075,24527,131,24396,21760,3586,19021,2137,2225,339,22,485,3063,18300
"Cordele, GA Micro Area",7951,5424,14,5410,5094,731,4227,294,569,17,0,192,2335,18380
"Corinth, MS Micro Area",13975,10284,55,10229,9268,2466,7146,860,908,39,15,782,2909,18420
"Cornelia, GA Micro Area",15606,13134,0,13134,12017,2076,10575,920,1524,87,3,277,2195,18460
"Corning, NY Micro Area",39165,33371,152,33219,28821,4192,26903,3809,2699,386,46,764,5030,18500
"Corpus Christi, TX Metro Area",154042,131132,46,131086,124694,17788,108034,5349,10174,654,52,3376,19534,18580
"Corsicana, TX Micro Area",18058,14685,42,14643,12170,3565,8620,1587,3417,588,55,193,3180,18620
"Cortland, NY Micro Area",18514,15580,56,15524,13320,1701,13274,2015,791,139,20,949,1985,18660
"Corvallis, OR Metro Area",37853,35085,80,35005,32143,2780,30700,2648,2310,127,0,1310,1458,18700
"Coshocton, OH Micro Area",14739,11590,50,11540,9997,2048,8250,1266,1538,230,1,290,2859,18740
"Craig, CO Micro Area",5187,4434,42,4392,3470,685,3004,682,805,230,0,96,657,18780
"Crawfordsville, IN Micro Area",15404,13496,54,13442,12657,2457,9830,607,1285,107,19,297,1611,18820
"Crescent City, CA Micro Area",9530,8559,23,8536,7176,1043,6834,1167,866,122,32,257,714,18860
"Crestview-Fort Walton Beach-Destin, FL Metro Area",114825,103776,232,103544,94941,10496,89197,7792,6746,361,6,3072,7977,18880
"Crossville, TN Micro Area",26931,22788,114,22674,20219,3035,17936,2016,2361,246,14,812,3331,18900
"Cullman, AL Micro Area",33649,28492,52,28440,25619,6566,19148,2272,3628,180,26,492,4665,18980
"Cullowhee, NC Micro Area",23421,17744,73,17671,16158,3185,11941,1035,2845,355,81,1300,4377,19000
"Cumberland, MD-WV Metro Area",37994,31908,56,31852,28139,4698,25700,3377,1989,208,18,812,5274,19060
"Dallas-Fort Worth-Arlington, TX Metro Area",2759356,2523070,2724,2520346,2390560,316666,2092246,109249,239910,11410,1424,56686,179600,19100
"Dalton, GA Metro Area",50656,43059,85,42974,35459,11515,29896,7170,2604,150,10,1078,6519,19140
"Danville, IL Metro Area",29904,24918,120,24798,22824,6623,16406,1600,2699,174,19,653,4333,19180
"Danville, KY Micro Area",21341,17512,83,17429,16185,3642,11465,924,3060,210,19,329,3500,19220
"Danville, VA Micro Area",43242,32198,122,32076,29164,11394,17824,2243,3131,480,25,1513,9531,19260
"Daphne-Fairhope-Foley, AL Metro Area",90802,80935,193,80742,75941,15257,60567,3627,10273,566,0,1740,8127,19300
"Davenport-Moline-Rock Island, IA-IL Metro Area",159072,139359,289,139070,129859,20421,112595,7895,10251,659,125,3838,15875,19340
"Dayton, TN Micro Area",12744,11129,12,11117,10397,2594,7502,642,1222,67,0,127,1488,19420
"Dayton-Kettering, OH Metro Area",339070,302550,466,302084,277171,36143,255332,22040,19478,1318,181,6684,29836,19430
"Decatur, AL Metro Area",60833,48172,93,48079,40790,10015,34601,6265,5000,814,31,2422,10239,19460
"Decatur, IL Metro Area",43362,35966,71,35895,31412,7763,26372,4095,2638,136,0,1137,6259,19500
"Decatur, IN Micro Area",12349,9375,38,9337,8400,1684,6701,688,974,159,43,263,2711,19540
"Defiance, OH Micro Area",15262,13126,52,13074,11510,1146,10952,1352,1269,86,22,330,1806,19580
"Del Rio, TX Micro Area",16643,11897,21,11876,10974,1837,9379,784,1566,68,24,665,4081,19620
"Deltona-Daytona Beach-Ormond Beach, FL Metro Area",280222,243045,412,242633,216142,43511,180037,22357,17537,1305,1798,10525,26652,19660
"Deming, NM Micro Area",8951,6854,19,6835,6490,2593,3762,217,663,85,0,106,1991,19700
"Denver-Aurora-Lakewood, CO Metro Area",1180016,1099595,1791,1097804,1026073,93256,967983,61804,77705,4660,625,25264,55157,19740
"DeRidder, LA Micro Area",13587,11983,32,11951,11065,3395,6512,617,2761,210,2,138,1466,19760
"Des Moines-West Des Moines, IA Metro Area",283928,254556,810,253746,237318,32078,208134,13735,22951,1622,251,8783,20589,19780
"Detroit-Warren-Dearborn, MI Metro Area",1742543,1558110,2768,1555342,1424279,197362,1306313,116162,95582,7351,1086,36659,147774,19820
"Dickinson, ND Micro Area",13520,11705,36,11669,10491,1621,9688,1099,920,30,2,422,1393,19860
"Dixon, IL Micro Area",13669,11448,46,11402,10571,1667,8580,603,1626,183,0,328,1893,19940
"Dodge City, KS Micro Area",11676,10147,74,10073,9299,2070,7205,618,1002,113,0,143,1386,19980
"Dothan, AL Metro Area",58620,47466,168,47298,43044,10800,33644,3532,4961,342,5,1565,9589,20020
"Douglas, GA Micro Area",17957,14229,30,14199,12705,2290,10881,1184,2310,119,14,609,3119,20060
"Dover, DE Metro Area",68705,61391,138,61253,55967,9370,49260,4627,4290,363,35,997,6317,20100
"Dublin, GA Micro Area",23398,17692,41,17651,14208,4049,12367,2821,1924,284,72,435,5271,20140
"DuBois, PA Micro Area",31741,25576,189,25387,21900,3871,19893,3012,1939,308,31,819,5346,20180
"Dubuque, IA Metro Area",39985,35390,176,35214,32415,3851,27961,2395,4701,195,22,1220,3375,20220
"Duluth, MN-WI Metro Area",123473,106402,559,105843,97025,17101,79932,7078,11606,971,115,3345,13726,20260
"Dumas, TX Micro Area",6989,5908,38,5870,5185,1471,3861,634,612,0,0,191,890,20300
"Duncan, OK Micro Area",17032,14000,12,13988,12215,3524,8823,1404,1718,309,5,477,2555,20340
"Durango, CO Micro Area",22691,19373,34,19339,16923,2921,14260,1998,2548,213,44,1022,2296,20420
"Durant, OK Micro Area",17941,13933,7,13926,12534,4005,8257,936,2350,334,20,982,3026,20460
"Durham-Chapel Hill, NC Metro Area",259778,234584,260,234324,216885,24527,201303,15143,16527,824,204,7241,17953,20500
"Dyersburg, TN Micro Area",14640,12455,12,12443,11414,3292,8456,906,892,77,21,261,1924,20540
"Eagle Pass, TX Micro Area",17901,13234,0,13234,10753,2610,10427,2332,598,71,0,137,4530,20580
"Easton, MD Micro Area",16270,14358,28,14330,12512,1723,11531,1522,1429,167,36,252,1660,20660
"East Stroudsburg, PA Metro Area",59113,53847,180,53667,47980,4558,46960,4998,4379,184,73,949,4317,20700
"Eau Claire, WI Metro Area",68807,61348,204,61144,55130,8411,49761,5168,4432,516,79,1265,6194,20740
"Edwards, CO Micro Area",20084,19109,24,19085,17904,3120,15355,959,1668,28,0,223,752,20780
"Effingham, IL Micro Area",14098,12478,74,12404,11275,1623,9980,976,1247,48,66,321,1299,20820
"El Campo, TX Micro Area",15148,12285,88,12197,10797,4425,6164,1065,2195,282,29,297,2566,20900
"El Centro, CA Metro Area",47024,41159,54,41105,39388,7258,31660,1399,4506,148,23,1043,4822,20940
"El Dorado, AR Micro Area",14940,11473,38,11435,10015,2754,7553,1191,1635,151,21,655,2812,20980
"Elizabeth City, NC Micro Area",20990,17997,39,17958,16414,2663,14241,1310,1533,100,28,654,2339,21020
"Elizabethtown-Fort Knox, KY Metro Area",59159,50754,212,50542,45182,6032,42697,4863,3362,341,15,2220,6185,21060
"Elk City, OK Micro Area",8013,6971,0,6971,6516,2087,4450,412,925,35,0,216,826,21120
"Elkhart-Goshen, IN Metro Area",71751,62621,163,62458,57697,10419,48809,4051,4393,261,118,1481,7649,21140
"Elkins, WV Micro Area",10362,7865,7,7858,6922,851,6375,665,917,115,0,193,2304,21180
"Elko, NV Micro Area",19602,17293,50,17243,16081,3631,11708,888,2704,117,26,434,1875,21220
"Ellensburg, WA Micro Area",19250,17137,57,17080,15533,1920,13780,1361,1442,131,13,982,1131,21260
"Elmira, NY Metro Area",34779,29587,54,29533,25126,3486,24615,3972,1793,257,32,1092,4100,21300
"El Paso, TX Metro Area",293470,253656,408,253248,236955,40687,200437,14424,24348,1003,143,8248,31566,21340
"Emporia, KS Micro Area",14288,12332,14,12318,11586,2913,8464,636,1113,82,0,462,1494,21380
"Enid, OK Metro Area",23815,20275,20,20255,18090,3214,15356,1897,2349,205,4,718,2822,21420
"Enterprise, AL Micro Area",20363,17350,69,17281,15869,2994,13226,1121,1745,125,2,506,2507,21460
"Erie, PA Metro Area",109474,94773,434,94339,84119,13741,77864,9254,4912,285,86,2662,12039,21500
"Escanaba, MI Micro Area",15851,13298,29,13269,11511,2227,9757,1374,1619,272,33,520,2033,21540
"Española, NM Micro Area",14076,9390,23,9367,6556,1158,5832,974,2523,1144,88,409,4277,21580
"Eufaula, AL-GA Micro Area",9974,6684,0,6684,6049,1933,3912,518,1084,95,10,678,2612,21640
"Eugene-Springfield, OR Metro Area",158621,144439,445,143994,131866,15875,120277,10413,10345,1144,54,4967,9215,21660
"Eureka-Arcata, CA Micro Area",54495,48469,91,48378,42145,6267,38002,5173,4322,775,112,797,5229,21700
"Evanston, WY Micro Area",7586,6939,0,6939,6260,752,5145,494,1319,83,5,202,445,21740
"Evansville, IN-KY Metro Area",129861,114776,114,114662,103219,17871,90665,10282,8779,550,48,3067,12018,21780
"Fairbanks, AK Metro Area",35824,32244,198,32046,28970,6673,23917,3044,1888,11,0,1069,2511,21820
"Fairfield, IA Micro Area",6826,5801,80,5721,5132,895,4374,474,644,67,11,271,754,21840
"Fairmont, MN Micro Area",8870,7581,38,7543,6602,1185,5636,775,873,96,11,250,1039,21860
"Fairmont, WV Micro Area",23083,20134,22,20112,17699,2477,16738,2173,1202,194,15,531,2418,21900
"Fallon, NV Micro Area",9595,8629,16,8613,7914,809,7442,598,527,37,0,103,863,21980
"Fargo, ND-MN Metro Area",105017,92849,173,92676,86435,11511,77893,5510,6330,368,66,5165,7003,22020
"Faribault-Northfield, MN Micro Area",23265,21068,58,21010,19446,3107,16657,1319,1573,170,5,462,1735,22060
"Farmington, MO Micro Area",23973,20314,46,20268,19004,3782,14704,950,2379,191,19,466,3193,22100
"Farmington, NM Metro Area",41049,27676,57,27619,22687,4217,21032,4009,3293,555,106,3522,9851,22140
"Fayetteville, NC Metro Area",193096,167386,276,167110,150374,18156,143727,14778,10661,751,170,6648,19062,22180
"Fayetteville-Springdale-Rogers, AR Metro Area",204195,181760,270,181490,171000,25066,146952,9016,12439,857,107,5179,17256,22220
"Fergus Falls, MN Micro Area",24910,21003,163,20840,18391,3416,16236,2245,1475,116,22,711,3196,22260
"Fernley, NV Micro Area",23290,20872,39,20833,18672,3468,15444,1741,2800,184,48,466,1952,22280
"Findlay, OH Micro Area",31343,27979,55,27924,25468,2685,23415,2179,2464,221,16,649,2715,22300
"Fitzgerald, GA Micro Area",7126,4667,0,4667,3894,702,3548,488,946,118,0,634,1825,22340
"Flagstaff, AZ Metro Area",51993,42872,123,42749,37694,5015,33243,3634,4514,971,194,1855,7266,22380
"Flint, MI Metro Area",166060,142899,297,142602,121897,17164,121068,19198,7203,687,32,4495,18666,22420
"Florence, SC Metro Area",77266,58325,178,58147,47614,10688,41637,7417,7591,2901,0,3517,15424,22500
"Florence-Muscle Shoals, AL Metro Area",61503,48527,133,48394,43063,11364,33526,4516,5216,561,15,2317,10659,22520
"Fond du Lac, WI Metro Area",42368,36956,149,36807,33324,5270,28059,2983,3969,301,34,1160,4252,22540
"Forest City, NC Micro Area",26273,21201,59,21142,18963,4560,13904,1599,3223,356,70,591,4481,22580
"Forrest City, AR Micro Area",8102,6036,0,6036,4830,1711,3674,905,765,289,0,290,1776,22620
"Fort Collins, CO Metro Area",148851,137395,378,137017,126822,9763,119900,8691,12266,982,109,5185,6271,22660
"Fort Dodge, IA Micro Area",15582,12905,103,12802,11739,2751,9399,926,940,19,17,714,1963,22700
"Fort Leonard Wood, MO Micro Area",15653,13025,25,13000,11708,1761,10373,1201,1353,53,16,916,1712,22780
"Fort Madison-Keokuk, IA-IL-MO Micro Area",24056,19745,129,19616,17206,3598,14197,2026,1746,217,57,611,3700,22800
"Fort Morgan, CO Micro Area",10872,9836,29,9807,9009,1871,6982,625,1197,123,12,164,872,22820
"Fort Payne, AL Micro Area",25690,21304,18,21286,19884,5077,14900,1058,1924,229,44,557,3829,22840
"Fort Polk South, LA Micro Area",17726,15229,52,15177,13886,3953,9561,1003,2686,210,7,240,2257,22860
"Fort Smith, AR-OK Metro Area",96258,77830,213,77617,71000,13489,59039,5296,7273,788,20,2373,16055,22900
"Fort Wayne, IN Metro Area",165703,148351,359,147992,137185,22102,120841,9905,8267,354,101,3299,14053,23060
"Frankfort, IN Micro Area",12382,10205,32,10173,9151,3456,5946,930,991,71,0,259,1918,23140
"Frankfort, KY Micro Area",31733,26798,27,26771,24772,5516,19245,1726,2686,180,8,1827,3108,23180
"Fredericksburg, TX Micro Area",11035,9587,45,9542,8577,1769,6100,693,1724,226,17,274,1174,23240
"Freeport, IL Micro Area",19337,16399,122,16277,14356,2452,12546,1612,1663,197,17,524,2414,23300
"Fremont, NE Micro Area",14624,12691,141,12550,11126,1723,9952,1301,1118,60,21,367,1566,23340
"Fremont, OH Micro Area",24038,20868,119,20749,18586,3586,15515,1786,2183,314,15,585,2585,23380
"Fresno, CA Metro Area",318322,272175,545,271630,251566,39870,217276,16545,27162,1781,472,9628,36519,23420
"Gadsden, AL Metro Area",38791,32412,6,32406,29869,6784,23158,2106,3801,219,10,1080,5299,23460
"Gaffney, SC Micro Area",21288,15780,18,15762,14584,3014,11618,961,1731,122,0,1030,4478,23500
"Gainesville, FL Metro Area",133312,114161,278,113883,106303,12593,93616,6302,10790,809,209,7102,12049,23540
"Gainesville, GA Metro Area",69387,63929,42,63887,61111,9317,51893,2258,5704,145,29,822,4636,23580
"Gainesville, TX Micro Area",16196,12804,11,12793,11612,2550,8877,966,1925,130,61,623,2769,23620
"Galesburg, IL Micro Area",20734,16491,77,16414,14518,3264,12350,1473,1184,228,14,1057,3186,23660
"Gallup, NM Micro Area",20913,11110,161,10949,8738,4043,6179,1746,1146,372,0,1263,8540,23700
"Garden City, KS Micro Area",14373,12378,8,12370,11487,2591,9340,674,1134,47,0,276,1719,23780
"Gardnerville Ranchos, NV Micro Area",21001,19495,25,19470,17010,1513,17117,2154,1661,65,28,152,1354,23820
"Georgetown, SC Micro Area",26029,21330,30,21300,19813,2322,17479,1316,1976,93,11,792,3907,23860
"Gettysburg, PA Metro Area",40006,35511,378,35133,31811,4162,29298,2891,2077,86,54,638,3857,23900
"Gillette, WY Micro Area",22902,20668,9,20659,19146,3830,14141,1140,3313,319,9,509,1725,23940
"Glasgow, KY Micro Area",21752,18298,71,18227,14305,2395,15401,3727,821,112,0,602,2852,23980
"Glens Falls, NY Metro Area",54017,46745,214,46531,38984,5064,38089,6231,4245,1049,29,958,6314,24020
"Glenwood Springs, CO Micro Area",30504,27777,47,27730,24814,3456,21390,2195,4225,440,59,672,2055,24060
"Gloversville, NY Micro Area",22103,18737,165,18572,13446,1271,16739,4755,873,173,65,469,2897,24100
"Goldsboro, NC Metro Area",46949,40809,14,40795,37795,6095,32779,2596,3036,210,37,599,5541,24140
"Granbury, TX Micro Area",24734,22327,17,22310,20732,3720,16510,1192,3668,169,67,796,1611,24180
"Grand Forks, ND-MN Metro Area",43207,37375,29,37346,34459,4599,31025,2523,2237,281,6,2161,3671,24220
"Grand Island, NE Metro Area",29745,25602,123,25479,22590,4378,18757,2283,2925,284,221,904,3239,24260
"Grand Junction, CO Metro Area",63098,56968,203,56765,51516,6015,47169,4565,4599,464,25,1265,4865,24300
"Grand Rapids, MN Micro Area",18121,15425,95,15330,13353,2123,12362,1722,1210,133,6,503,2193,24330
"Grand Rapids-Kentwood, MI Metro Area",407805,364628,798,363830,335588,47648,300911,24647,24044,1890,232,9543,33634,24340
"Grants, NM Micro Area",8124,5514,5,5509,3483,1061,3137,1265,1595,698,27,301,2309,24380
"Grants Pass, OR Metro Area",36210,31887,140,31747,27921,4231,23776,2838,4393,643,61,1090,3233,24420
"Great Bend, KS Micro Area",10055,8439,12,8427,7625,1218,6668,640,828,112,7,193,1423,24460
"Great Falls, MT Metro Area",34577,29382,100,29282,26449,3298,24441,2449,2180,197,33,751,4444,24500
"Greeley, CO Metro Area",115536,105489,146,105343,98642,10728,86799,5419,13036,733,63,2211,7836,24540
"Green Bay, WI Metro Area",133681,119039,483,118556,108457,15232,96836,8678,10222,735,118,2951,11691,24580
"Greeneville, TN Micro Area",27777,21438,137,21301,18501,4523,15894,2642,1162,93,9,1147,5192,24620
"Greensboro-High Point, NC Metro Area",307429,263694,264,263430,242192,30346,225318,18496,17098,1051,248,8797,34938,24660
"Greensburg, IN Micro Area",10301,8897,12,8885,8276,1795,5991,456,1158,51,20,152,1252,24700
"Greenville, MS Micro Area",17290,9884,7,9877,8462,2768,6333,1202,959,103,61,3055,4351,24740
"Greenville, NC Metro Area",72153,61772,74,61698,57493,14505,45222,3451,2726,285,164,2624,7757,24780
"Greenville, OH Micro Area",21026,17711,185,17526,15408,2986,12971,1883,1708,123,23,314,3001,24820
"Greenville-Anderson, SC Metro Area",366748,321025,404,320621,292171,44131,263154,24486,26571,1849,104,8170,37553,24860
"Greenwood, MS Micro Area",13693,7819,19,7800,6291,1857,4893,801,1454,483,10,1138,4736,24900
"Greenwood, SC Micro Area",27640,21801,21,21780,20258,3622,17373,1253,1995,113,30,987,4852,24940
"Grenada, MS Micro Area",8434,6424,5,6419,5808,1514,4343,345,1062,139,0,173,1837,24980
"Guayama, PR Metro Area",26869,20054,83,19971,19121,8539,9890,776,1480,50,24,345,6470,25020
"Gulfport-Biloxi, MS Metro Area",161467,138154,186,137968,127996,23169,106462,8466,15378,740,85,3855,19458,25060
"Guymon, OK Micro Area",6865,5989,0,5989,5653,1186,4621,321,307,0,0,231,645,25100
"Hagerstown-Martinsburg, MD-WV Metro Area",114632,99852,246,99606,90791,12415,82607,7813,6720,510,119,2030,12750,25180
"Hailey, ID Micro Area",9621,9011,0,9011,6536,894,7681,2345,712,130,0,24,586,25200
"Hammond, LA Metro Area",48658,41253,9,41244,38965,6369,32264,1748,3880,324,66,335,7070,25220
"Hanford-Corcoran, CA Metro Area",43594,37833,36,37797,32040,4157,31242,5336,4116,252,28,909,4852,25260
"Hannibal, MO Micro Area",15309,13140,64,13076,11751,1415,11067,1206,893,86,8,373,1796,25300
"Harrisburg-Carlisle, PA Metro Area",240026,212410,707,211703,192335,23004,183477,17916,8690,516,66,5241,22375,25420
"Harrison, AR Micro Area",18077,15239,90,15149,13628,3439,10678,1351,1073,74,0,339,2499,25460
"Harrisonburg, VA Metro Area",48754,40540,82,40458,37290,6236,30751,2626,3447,296,82,2332,5882,25500
"Hartford-East Hartford-Middletown, CT Metro Area",484037,435012,837,434175,391378,48400,377522,39587,16663,1663,179,11913,37112,25540
"Hastings, NE Micro Area",12717,11024,57,10967,9372,1106,8995,1252,1319,194,12,348,1345,25580
"Hattiesburg, MS Metro Area",65663,53847,145,53702,45484,12945,35379,6175,7096,1652,90,1414,10402,25620
"Hays, KS Micro Area",11958,10744,0,10744,10025,1057,9405,668,632,39,3,334,880,25700
"Heber, UT Micro Area",25062,23762,116,23646,22318,1756,19262,986,3581,292,10,398,902,25720
"Helena, MT Micro Area",34962,30636,95,30541,27355,3141,24049,2707,3884,356,35,1048,3278,25740
"Helena-West Helena, AR Micro Area",6180,4704,0,4704,4276,1360,2924,381,753,35,0,117,1359,25760
"Henderson, NC Micro Area",16123,12954,68,12886,11355,1957,10211,1124,1120,175,29,324,2845,25780
"Hereford, TX Micro Area",6022,4828,1,4827,3900,1350,3230,896,393,27,2,129,1065,25820
"Hermiston-Pendleton, OR Micro Area",31623,26586,99,26487,23514,3340,20310,2405,3895,451,3,1413,3624,25840
"Hickory-Lenoir-Morganton, NC Metro Area",145518,122086,157,121929,110905,17712,98195,9454,8951,962,113,2965,20467,25860
"Hillsdale, MI Micro Area",17606,14502,60,14442,12875,3006,9900,1275,1786,174,16,450,2654,25880
"Hilo, HI Micro Area",72468,63033,227,62806,57131,8203,51161,4883,4745,531,42,1613,7822,25900
"Hilton Head Island-Bluffton, SC Metro Area",87908,78143,85,78058,73052,7266,68241,4058,7852,246,95,3252,6513,25940
"Hinesville, GA Metro Area",28522,25754,39,25715,23408,3351,21412,1882,1751,220,6,545,2223,25980
"Hobbs, NM Micro Area",24379,20161,19,20142,19018,3280,15628,763,2687,149,43,697,3521,26020
"Holland, MI Micro Area",44621,39608,99,39509,36794,13518,22221,2199,3924,335,41,620,4393,26090
"Homosassa Springs, FL Metro Area",67551,59714,245,59469,51898,7054,49473,6683,3927,436,78,1581,6256,26140
"Hood River, OR Micro Area",9039,8062,0,8062,7553,805,6673,383,1010,69,24,312,665,26220
"Hope, AR Micro Area",10509,7837,2,7835,6730,3041,3876,604,1212,202,14,294,2378,26260
"Hot Springs, AR Metro Area",43220,35547,14,35533,31312,6129,26406,3721,4500,326,29,1027,6646,26300
"Houghton, MI Micro Area",15238,12929,43,12886,11339,1729,9907,1274,1376,191,26,479,1830,26340
"Houma-Thibodaux, LA Metro Area",78333,65703,74,65629,59260,8312,54100,5512,6609,464,11,1515,11115,26380
"Houston-The Woodlands-Sugar Land, TX Metro Area",2524403,2290239,2830,2287409,2142635,313479,1893398,125789,214342,9033,1743,44810,189354,26420
"Hudson, NY Micro Area",25300,21734,86,21648,18676,2219,18163,2674,1893,176,2,571,2995,26460
"Huntingdon, PA Micro Area",15771,13206,140,13066,10085,1742,10429,2749,968,125,24,320,2245,26500
"Huntington, IN Micro Area",15165,12608,32,12576,11071,2507,9100,1278,1094,139,15,568,1989,26540
"Huntington-Ashland, WV-KY-OH Metro Area",141459,116182,400,115782,100439,14634,94294,12532,10339,1903,132,4701,20576,26580
"Huntsville, AL Metro Area",198141,177923,280,177643,162117,17771,152258,13017,13217,1768,118,5357,14861,26620
"Huntsville, TX Micro Area",24592,20721,41,20680,19183,2515,16681,1356,2562,128,0,784,3087,26660
"Huron, SD Micro Area",8302,6872,21,6851,5883,1152,5118,823,717,97,4,190,1240,26700
"Hutchinson, KS Micro Area",25157,21028,37,20991,18706,3466,16155,2047,1896,142,32,923,3206,26740
"Hutchinson, MN Micro Area",14825,12775,60,12715,11548,1826,9761,1062,1554,62,10,454,1596,26780
"Idaho Falls, ID Metro Area",53049,48667,81,48586,45693,5483,39657,2553,4797,179,34,1261,3121,26820
"Indiana, PA Micro Area",32285,25541,160,25381,22022,4490,18740,2761,2403,380,46,1154,5590,26860
"Indianapolis-Carmel-Anderson, IN Metro Area",822994,736757,1307,735450,687080,94137,613756,41789,55935,3005,530,18604,67633,26900
"Indianola, MS Micro Area",8136,5538,43,5495,4643,1984,2663,317,1029,179,0,602,1996,26940
"Iowa City, IA Metro Area",70336,62798,202,62596,58384,5504,54515,3745,4593,261,41,3080,4458,26980
"Iron Mountain, MI-WI Micro Area",13642,11663,31,11632,10184,1712,9212,1225,824,124,44,494,1485,27020
"Ithaca, NY Metro Area",42984,38181,203,37978,34431,3514,32704,3129,2335,205,21,2670,2133,27060
"Jackson, MI Metro Area",62059,55106,187,54919,51017,10410,40887,3164,4368,421,64,916,6037,27100
"Jackson, MS Metro Area",224729,193097,176,192921,182993,35699,145786,8271,20197,896,122,4904,26728,27140
"Jackson, OH Micro Area",12453,10128,8,10120,8860,1657,7175,778,1400,422,29,217,2108,27160
"Jackson, TN Metro Area",70643,60471,108,60363,56129,10734,46794,3539,4121,316,74,962,9210,27180
"Jackson, WY-ID Micro Area",13962,12701,42,12659,10969,1118,10623,1535,1276,52,2,626,635,27220
"Jacksonville, FL Metro Area",623232,565038,919,564119,516548,85280,461100,41820,38082,2319,492,16157,42037,27260
"Jacksonville, IL Micro Area",15245,12281,135,12146,10178,1898,8793,1610,1779,189,14,495,2469,27300
"Jacksonville, NC Metro Area",71009,64899,48,64851,56325,6206,56499,7958,3733,323,32,1570,4540,27340
"Jacksonville, TX Micro Area",18069,14490,18,14472,12935,4557,8401,1107,2484,279,0,290,3289,27380
"Jamestown, ND Micro Area",9110,7393,7,7386,6273,743,6468,1063,314,16,0,276,1441,27420
"Jamestown-Dunkirk-Fredonia, NY Micro Area",53405,45196,306,44890,38401,5500,37063,5701,3348,436,23,1676,6533,27460
"Janesville-Beloit, WI Metro Area",66439,58374,215,58159,51622,7918,46405,5527,4449,503,220,2686,5379,27500
"Jasper, AL Micro Area",24718,19877,27,19850,18336,5344,12800,1336,2835,76,16,395,4446,27530
"Jasper, IN Micro Area",22468,18661,203,18458,15421,4138,12644,2344,2053,352,41,489,3318,27540
"Jayuya, PR Micro Area",4945,3124,0,3124,2784,1060,1179,105,1171,235,0,152,1669,27580
"Jefferson, GA Micro Area",25740,23500,22,23478,22137,3692,18881,1204,2461,61,0,497,1743,27600
"Jefferson City, MO Metro Area",57043,47863,147,47716,44136,6418,37662,2943,5141,334,38,2305,6875,27620
"Jennings, LA Micro Area",11682,9050,0,9050,8081,2348,5852,879,1199,55,0,181,2451,27660
"Jesup, GA Micro Area",10754,8743,50,8693,7561,1924,6002,959,1105,173,0,483,1528,27700
"Johnson City, TN Metro Area",87185,73003,234,72769,66470,9453,60617,5594,3884,270,171,3502,10680,27740
"Johnstown, PA Metro Area",55541,45332,189,45143,39218,6358,36645,5260,2771,358,63,1095,9114,27780
"Jonesboro, AR Metro Area",51433,43386,68,43318,40636,8380,32844,2407,3310,229,10,2510,5537,27860
"Joplin, MO Metro Area",69472,60197,145,60052,56088,15920,38639,3017,6472,702,119,1430,7845,27900
"Juneau, AK Micro Area",13017,11973,0,11973,11051,1369,10243,860,589,33,1,254,790,27940
"Kahului-Wailuku-Lahaina, HI Metro Area",54728,48058,165,47893,43399,4369,41922,3786,3246,234,99,1585,5085,27980
"Kalamazoo-Portage, MI Metro Area",105797,94476,221,94255,86683,11757,78670,6871,6076,366,22,3552,7769,28020
"Kalispell, MT Micro Area",42154,37502,215,37287,32972,7238,27981,3861,2898,282,31,1103,3549,28060
"Kankakee, IL Metro Area",40591,34775,84,34691,31873,4590,27217,2345,4011,314,56,1051,4765,28100
"Kansas City, MO-KS Metro Area",869964,785076,1362,783714,730829,94644,659513,46578,49683,3322,675,24138,60750,28140
"Kapaa, HI Micro Area",22978,21224,17,21207,19934,2644,18125,1227,651,18,12,258,1496,28180
"Kearney, NE Micro Area",22227,19850,36,19814,17931,2371,15854,1642,2094,206,0,723,1654,28260
"Keene, NH Micro Area",30307,27178,160,27018,22294,2287,23275,4351,1847,228,14,651,2478,28300
"Kendallville, IN Micro Area",17688,14722,60,14662,13712,3410,9618,752,1815,104,11,324,2642,28340
"Kennett, MO Micro Area",11134,9566,3,9563,8799,1270,7226,583,1284,129,38,103,1465,28380
"Kennewick-Richland, WA Metro Area",103859,94468,79,94389,87059,10529,78233,5897,9511,702,361,3272,6119,28420
"Kerrville, TX Micro Area",22024,19765,138,19627,17630,3540,15131,1814,1602,121,9,375,1884,28500
"Ketchikan, AK Micro Area",5568,4987,5,4982,4629,663,4250,318,127,20,4,122,459,28540
"Key West, FL Micro Area",34388,30093,20,30073,25227,2690,26505,4700,2017,43,8,1369,2926,28580
"Kill Devil Hills, NC Micro Area",16081,14942,15,14927,13445,967,13554,1373,986,7,0,476,663,28620
"Killeen-Temple, TX Metro Area",167585,149274,251,149023,133239,24566,116862,14232,12906,943,160,3753,14558,28660
"Kingsport-Bristol, TN-VA Metro Area",128510,105941,336,105605,94225,14039,87776,9902,5643,788,116,3968,18601,28700
"Kingston, NY Metro Area",72265,65594,251,65343,55649,6134,57702,8960,2291,394,146,1053,5618,28740
"Kingsville, TX Micro Area",11953,9775,21,9754,9496,2822,6334,231,1009,0,11,277,1901,28780
"Kinston, NC Micro Area",22665,17804,98,17706,16486,4202,11957,991,2244,124,70,928,3933,28820
"Kirksville, MO Micro Area",10128,7995,37,7958,7145,1369,5979,693,694,73,0,310,1823,28860
"Klamath Falls, OR Micro Area",28186,23815,71,23744,19686,3256,18031,3000,3088,755,120,979,3392,28900
"Knoxville, TN Metro Area",354916,304470,470,304000,255972,42273,249410,45055,18787,1916,205,9725,40721,28940
"Kokomo, IN Metro Area",34957,30283,50,30233,26239,3890,24629,3233,2699,326,41,1018,3656,29020
"Laconia, NH Micro Area",25956,23208,107,23101,20221,1604,21094,2764,965,42,21,664,2084,29060
"La Crosse-Onalaska, WI-MN Metro Area",58207,51187,217,50970,45984,5839,43133,4511,3184,194,37,1889,5131,29100
"Lafayette, LA Metro Area",187614,162657,261,162396,153203,26671,128764,8268,11783,472,64,2846,22111,29180
"Lafayette-West Lafayette, IN Metro Area",88029,76951,108,76843,70449,18501,54569,5518,5151,360,138,4780,6298,29200
"La Grande, OR Micro Area",10700,8977,130,8847,7777,1253,6469,880,1203,147,10,260,1463,29260
"LaGrange, GA-AL Micro Area",38730,31795,74,31721,26413,4636,24231,3789,3834,785,290,866,6069,29300
"Lake Charles, LA Metro Area",79019,65799,113,65686,59371,14536,48133,5400,5688,511,96,1574,11646,29340
"Lake City, FL Micro Area",26391,22366,65,22301,20289,5006,13624,1422,3690,361,160,649,3376,29380
"Lake Havasu City-Kingman, AZ Metro Area",95169,81528,167,81361,71403,11868,61740,7920,10217,1089,118,2468,11173,29420
"Lakeland-Winter Haven, FL Metro Area",264145,225178,818,224360,207869,29757,187305,14325,11667,1153,173,10339,28628,29460
"Lamesa, TX Micro Area",4133,3465,13,3452,3278,1025,2160,132,460,34,0,109,559,29500
"Lancaster, PA Metro Area",208988,179150,700,178450,162094,19588,153237,14930,8058,627,155,6036,23802,29540
"Lansing-East Lansing, MI Metro Area",219633,193639,427,193212,174019,24900,156770,16760,16511,1404,114,6539,19455,29620
"Laramie, WY Micro Area",16290,14723,25,14698,13522,1313,12487,1047,911,88,0,846,721,29660
"Laredo, TX Metro Area",77797,63107,79,63028,53365,7753,53021,8977,3957,320,149,1930,12760,29700
"Las Cruces, NM Metro Area",81969,68522,74,68448,62332,9441,55226,5291,6045,427,10,2484,10963,29740
"Las Vegas, NM Micro Area",13677,9414,122,9292,8231,1921,5758,750,1707,222,22,559,3704,29780
"Las Vegas-Henderson-Paradise, NV Metro Area",832367,740635,949,739686,691500,87370,632160,44088,56809,1576,204,24294,67438,29820
"Laurel, MS Micro Area",30770,20097,159,19938,16016,4637,12810,2902,3498,888,8,851,9822,29860
"Laurinburg, NC Micro Area",12224,9730,25,9705,8751,1960,7216,792,713,82,7,196,2298,29900
"Lawrence, KS Metro Area",49605,44823,136,44687,42016,3667,39343,2511,2948,57,19,2701,2081,29940
"Lawrenceburg, TN Micro Area",16484,13138,24,13114,11897,2976,8853,895,1563,217,0,390,2956,29980
"Lawton, OK Metro Area",46451,40794,64,40730,35711,7022,30597,4191,4452,696,26,1224,4433,30020
"Lebanon, MO Micro Area",14345,10880,40,10840,9963,2774,6861,665,1567,147,23,1226,2239,30060
"Lebanon, NH-VT Micro Area",88203,76560,635,75925,58966,6497,65462,15109,4981,858,165,3094,8549,30100
"Lebanon, PA Metro Area",55236,47487,216,47271,42797,6590,38836,3884,2681,264,42,1632,6117,30140
"Levelland, TX Micro Area",7922,6454,42,6412,6074,1081,4916,263,925,51,0,170,1298,30220
"Lewisburg, PA Micro Area",14172,11005,154,10851,9342,1478,8960,1189,789,196,1,752,2415,30260
"Lewisburg, TN Micro Area",13019,11463,41,11422,10457,2032,8293,654,1340,194,29,330,1226,30280
"Lewiston, ID-WA Metro Area",26623,23124,221,22903,20704,3445,17867,1623,2479,342,25,548,2951,30300
"Lewiston-Auburn, ME Metro Area",45825,40045,93,39952,35335,3504,35254,4310,1643,121,71,1292,4488,30340
"Lewistown, PA Micro Area",18612,15200,65,15135,13618,2343,12033,1311,859,128,4,211,3201,30380
"Lexington, NE Micro Area",9561,7971,20,7951,7077,1141,6017,715,952,111,5,367,1223,30420
"Lexington-Fayette, KY Metro Area",210280,189063,262,188801,174887,24234,157689,12625,12205,723,109,6971,14246,30460
"Liberal, KS Micro Area",7071,6152,12,6140,5835,1520,4057,164,873,141,0,130,789,30580
"Lima, OH Metro Area",40735,35506,46,35460,31903,3812,29896,3051,2798,312,43,841,4388,30620
"Lincoln, IL Micro Area",11101,9329,31,9298,8329,2189,6336,753,904,42,0,289,1483,30660
"Lincoln, NE Metro Area",136445,124677,296,124381,116252,10744,108973,7097,7606,528,169,3915,7853,30700
"Little Rock-North Little Rock-Conway, AR Metro Area",301896,261652,584,261068,242176,43340,203461,16353,23666,1590,48,6738,33506,30780
"Lock Haven, PA Micro Area",14877,12219,78,12141,10741,1437,10014,1246,772,81,29,399,2259,30820
"Logan, UT-ID Metro Area",46390,42594,87,42507,39553,3974,34575,2495,5217,319,19,1642,2154,30860
"Logansport, IN Micro Area",14970,12160,17,12143,10763,2379,8477,1181,1635,95,10,537,2273,30900
"London, KY Micro Area",54839,44836,77,44759,39556,4721,37638,4518,3946,470,15,1401,8602,30940
"Longview, TX Metro Area",104762,86324,178,86146,81164,20315,59881,3810,11661,640,50,3068,15370,30980
"Longview, WA Metro Area",43167,38235,107,38128,33465,4373,30586,3628,4808,728,13,1085,3847,31020
"Los Alamos, NM Micro Area",8149,7617,0,7617,6746,567,6735,716,317,42,46,268,264,31060
"Los Angeles-Long Beach-Anaheim, CA Metro Area",4429379,4037668,5736,4031932,3782418,471161,3418165,213728,375334,14695,2105,89740,301971,31080
"Louisville/Jefferson County, KY-IN Metro Area",515310,455148,799,454349,424783,66567,369121,25743,32688,2194,216,9972,50190,31140
"Lubbock, TX Metro Area",125732,108046,69,107977,101243,15542,87083,5391,11240,949,57,5578,12108,31180
"Ludington, MI Micro Area",12296,10171,39,10132,8516,1652,7169,1246,1454,260,41,473,1652,31220
"Lufkin, TX Micro Area",31583,28034,106,27928,25206,4365,21103,2258,2537,194,111,500,3049,31260
"Lumberton, NC Micro Area",42509,29939,56,29883,23492,6157,21180,5461,3120,488,147,1201,11369,31300
"Lynchburg, VA Metro Area",102979,87408,300,87108,80189,18341,61269,5457,9029,975,56,2612,12959,31340
"Macomb, IL Micro Area",11600,9183,14,9169,8094,1325,7366,956,678,67,0,783,1634,31380
"Macon-Bibb County, GA Metro Area",87541,73473,121,73352,62746,11392,57913,9241,7753,703,69,2557,11511,31420
"Madera, CA Metro Area",43857,39076,67,39009,36215,7532,28759,2218,4381,372,24,937,3844,31460
"Madison, IN Micro Area",12890,10370,23,10347,9441,1627,7710,687,1282,109,54,414,2106,31500
"Madison, WI Metro Area",290256,264448,1049,263399,245562,22980,229936,15685,16978,1025,289,9800,16008,31540
"Madisonville, KY Micro Area",18345,15589,39,15550,14196,3112,11020,1188,2083,137,0,414,2342,31580
"Magnolia, AR Micro Area",7826,5922,3,5919,5341,2020,3135,481,831,62,0,258,1646,31620
"Malone, NY Micro Area",18933,15715,29,15686,13341,1719,12983,2017,1244,216,20,513,2705,31660
"Malvern, AR Micro Area",11900,9024,32,8992,8505,2416,5294,308,1658,124,21,215,2661,31680
"Manchester-Nashua, NH Metro Area",166344,153086,339,152747,138532,12249,138030,13322,3829,387,70,3088,10170,31700
"Manhattan, KS Metro Area",49331,44806,91,44715,41230,5465,37681,3239,2786,82,46,1682,2843,31740
"Manitowoc, WI Micro Area",34860,30334,124,30210,26935,4719,23028,2816,2940,359,18,639,3887,31820
"Mankato, MN Metro Area",40023,35486,102,35384,32186,4100,29420,2856,2864,163,17,1446,3091,31860
"Mansfield, OH Metro Area",49673,42517,101,42416,37798,5198,35468,3931,3109,345,17,719,6437,31900
"Marietta, OH Micro Area",24622,20480,48,20432,15830,3502,14883,3765,2243,639,85,1100,3042,31930
"Marinette, WI-MI Micro Area",28540,23708,143,23565,20643,4468,15936,2213,3494,546,33,571,4261,31940
"Marion, IN Micro Area",26550,22399,54,22345,19564,3938,16916,2318,2295,147,17,804,3347,31980
"Marion, NC Micro Area",18184,14534,36,14498,12961,2984,9943,1267,1796,207,0,863,2787,32000
"Marion, OH Micro Area",24306,21142,89,21053,18515,3829,15728,1904,1973,456,55,467,2697,32020
"Marquette, MI Micro Area",27345,22915,46,22869,19931,2819,18569,2635,1815,183,19,1791,2639,32100
"Marshall, MN Micro Area",9924,8795,21,8774,8145,1098,6720,483,1105,99,2,218,911,32140
"Marshall, MO Micro Area",7808,6547,10,6537,5473,821,4975,879,984,107,25,207,1054,32180
"Marshalltown, IA Micro Area",15288,12856,70,12786,11168,2281,9706,1441,1242,69,27,377,2055,32260
"Martin, TN Micro Area",13129,10336,44,10292,9050,1666,7580,996,1077,208,27,165,2628,32280
"Martinsville, VA Micro Area",26039,19108,50,19058,14502,2992,14696,3978,1716,448,40,912,6019,32300
"Maryville, MO Micro Area",8261,6970,8,6962,6347,1039,5592,560,475,23,0,174,1117,32340
"Mason City, IA Micro Area",22640,19530,40,19490,17279,3217,15578,1994,1181,134,0,540,2570,32380
"Mayagüez, PR Metro Area",38204,28283,104,28179,26077,10262,16919,1916,1194,142,0,1113,8808,32420
"Mayfield, KY Micro Area",14304,11627,0,11627,10243,3171,7756,1137,1078,156,29,622,2055,32460
"Maysville, KY Micro Area",6695,5514,11,5503,5232,1021,4087,229,504,14,9,119,1062,32500
"McAlester, OK Micro Area",17404,14599,28,14571,13725,4334,8649,584,1762,186,16,225,2580,32540
"McAllen-Edinburg-Mission, TX Metro Area",257499,207139,210,206929,181535,41656,154334,22480,17600,2158,61,8584,41776,32580
"McComb, MS Micro Area",14745,11440,96,11344,10113,2377,7695,920,2317,105,0,358,2947,32620
"McMinnville, TN Micro Area",15932,12688,26,12662,11393,2121,10246,1087,435,60,26,754,2490,32660
"McPherson, KS Micro Area",12140,10499,34,10465,9734,1766,8034,653,1072,49,0,482,1159,32700
"Meadville, PA Micro Area",33191,27735,153,27582,23643,4612,21539,3403,1787,324,47,516,4940,32740
"Medford, OR Metro Area",89876,79691,373,79318,71823,9052,64744,6080,7443,815,75,3705,6480,32780
"Memphis, TN-MS-AR Metro Area",510449,434168,556,433612,406891,78788,334553,22268,40031,2660,230,13729,62552,32820
"Menomonie, WI Micro Area",17257,15004,86,14918,13193,2372,10997,1411,1633,236,34,555,1698,32860
"Merced, CA Metro Area",82760,73854,59,73795,70666,12345,56974,2468,6658,423,45,2010,6896,32900
"Meridian, MS Micro Area",37609,29936,98,29838,27171,6948,20494,2079,4234,341,0,897,6776,32940
"Mexico, MO Micro Area",8968,7309,57,7252,6573,1228,5025,384,1108,154,79,253,1406,33020
"Miami, OK Micro Area",11718,9191,18,9173,7791,2425,5922,1100,1148,129,43,264,2263,33060
"Miami-Fort Lauderdale-Pompano Beach, FL Metro Area",2284247,2000176,2734,1997442,1843010,240703,1708759,137111,158244,6205,1180,74786,209285,33100
"Michigan City-La Porte, IN Metro Area",43235,37613,91,37522,31928,4459,30013,4945,3634,406,65,452,5170,33140
"Middlesborough, KY Micro Area",9456,7013,24,6989,6093,828,5569,751,680,115,8,234,2209,33180
"Midland, MI Metro Area",34336,29950,111,29839,27097,4209,23748,2289,2478,330,29,842,3544,33220
"Midland, TX Metro Area",67177,59119,60,59059,54917,8527,46019,3141,7842,831,0,1556,6502,33260
"Milledgeville, GA Micro Area",18638,14946,66,14880,12046,1598,12377,2568,1786,162,36,455,3237,33300
"Milwaukee-Waukesha, WI Metro Area",648737,572641,1232,571409,531256,62886,491379,35253,32413,2374,802,14183,61913,33340
"Minden, LA Micro Area",14801,8816,54,8762,7978,2668,5158,588,1305,166,0,441,5544,33380
"Mineral Wells, TX Micro Area",10640,9151,135,9016,8498,1399,6418,422,1639,84,0,332,1157,33420
"Minneapolis-St. Paul-Bloomington, MN-WI Metro Area",1439408,1325007,3479,1321528,1229869,135088,1144857,81772,77533,4074,825,33425,80976,33460
"Minot, ND Micro Area",31522,27778,98,27680,25796,2331,24798,1783,1631,41,20,1293,2451,33500
"Missoula, MT Metro Area",50446,46205,50,46155,41893,5708,37158,3518,4338,570,35,1131,3110,33540
"Mitchell, SD Micro Area",9554,8228,46,8182,6757,1447,6483,1323,471,57,0,170,1156,33580
"Moberly, MO Micro Area",9101,7469,21,7448,6479,1369,5429,707,900,110,86,160,1472,33620
"Mobile, AL Metro Area",165111,136958,3288,133670,124794,29048,96627,6557,15127,999,36,3177,24976,33660
"Modesto, CA Metro Area",175747,157854,241,157613,149704,22626,122496,5949,19653,1400,150,3331,14562,33700
"Monroe, LA Metro Area",77241,59515,293,59222,53131,12399,42645,5183,6843,509,91,3976,13750,33740
"Monroe, MI Metro Area",62240,53744,122,53622,47836,6654,44050,5296,3576,253,101,1588,6908,33780
"Montgomery, AL Metro Area",148214,128755,175,128580,115989,17115,105402,11217,8481,789,229,3547,15912,33860
"Montrose, CO Micro Area",19477,16436,16,16420,13698,3250,11424,2116,2123,332,68,456,2585,33940
"Morehead City, NC Micro Area",30414,27755,58,27697,25388,3070,23861,2095,1713,84,13,782,1877,33980
"Morgan City, LA Micro Area",18628,15735,14,15721,14776,2754,12193,613,1780,174,5,270,2623,34020
"Morgantown, WV Metro Area",56829,50410,301,50109,45591,5781,42330,3877,3065,362,12,1945,4474,34060
"Morristown, TN Metro Area",55406,45655,162,45493,37995,10258,32219,5909,3452,348,104,1645,8106,34100
"Moscow, ID Micro Area",15929,14159,24,14135,12870,1598,10860,887,1802,281,23,646,1124,34140
"Moses Lake, WA Micro Area",33666,29780,21,29759,27547,4368,23642,1931,2649,234,0,842,3044,34180
"Moultrie, GA Micro Area",16539,12712,23,12689,11590,2909,9207,939,854,75,14,245,3582,34220
"Mountain Home, AR Micro Area",19021,15669,120,15549,13241,2242,11977,1978,1811,165,43,534,2818,34260
"Mountain Home, ID Micro Area",10760,9687,20,9667,8569,1468,7521,874,888,184,0,99,974,34300
"Mount Airy, NC Micro Area",28990,22708,98,22610,19677,2921,19033,2637,1598,144,39,2189,4093,34340
"Mount Gay-Shamrock, WV Micro Area",12375,10911,15,10896,8615,369,10213,2173,450,57,30,106,1358,34350
"Mount Pleasant, MI Micro Area",24875,20355,42,20313,17910,3560,14840,1828,2565,335,8,2312,2208,34380
"Mount Pleasant, TX Micro Area",15245,12572,0,12572,11839,5677,5496,536,1772,148,19,307,2366,34420
"Mount Sterling, KY Micro Area",17811,14953,30,14923,13793,3383,10443,899,1465,158,0,271,2587,34460
"Mount Vernon, IL Micro Area",14778,12500,17,12483,11530,3218,7785,767,1618,136,5,303,1975,34500
"Mount Vernon, OH Micro Area",23117,20128,32,20096,18091,3700,14385,1688,2344,148,72,301,2688,34540
"Mount Vernon-Anacortes, WA Metro Area",50824,46801,105,46696,43272,6300,38178,2993,2738,257,19,854,3169,34580
"Muncie, IN Metro Area",46159,39760,110,39650,36257,5999,31537,3146,3128,108,33,1716,4683,34620
"Murray, KY Micro Area",14805,12224,30,12194,10114,2754,8960,1905,736,80,26,1098,1483,34660
"Muscatine, IA Micro Area",17075,15014,38,14976,13769,2597,11616,1078,887,63,0,367,1694,34700
"Muskegon, MI Metro Area",66595,56503,228,56275,51055,11248,42357,4406,3499,534,52,1608,8484,34740
"Muskogee, OK Micro Area",25598,19169,31,19138,15564,3523,13339,2495,2861,676,65,2163,4266,34780
"Myrtle Beach-Conway-North Myrtle Beach, SC-NC Metro Area",203298,184625,340,184285,166100,22590,156346,15900,9160,1129,126,5561,13112,34820
"Nacogdoches, TX Micro Area",24893,21002,52,20950,19266,4527,13824,1256,3436,278,0,725,3166,34860
"Napa, CA Metro Area",49218,45663,86,45577,42644,5026,38211,2476,4439,261,61,850,2705,34900
"Naples-Marco Island, FL Metro Area",156768,142208,228,141980,131826,12928,126237,9170,7454,270,107,5470,9090,34940
"Nashville-Davidson--Murfreesboro--Franklin, TN Metro Area",772128,702072,723,701349,661759,81366,596569,35337,49298,1961,403,13910,56146,34980
"Natchez, MS-LA Micro Area",17920,14023,7,14016,13072,3873,8471,645,2450,143,9,566,3331,35020
"Natchitoches, LA Micro Area",13866,10207,4,10203,9480,2534,6615,546,1333,105,58,317,3342,35060
"New Bern, NC Metro Area",49949,40998,149,40849,37713,3631,35575,2791,2923,140,35,493,8458,35100
"Newberry, SC Micro Area",15027,12168,48,12120,10841,3481,7273,885,1849,311,0,321,2538,35140
"New Castle, IN Micro Area",18549,15750,80,15670,14106,2695,11789,1309,1494,234,5,504,2295,35220
"New Castle, PA Micro Area",35933,30510,106,30404,26175,4089,25153,3787,1588,184,36,577,4846,35260
"New Haven-Milford, CT Metro Area",341885,303771,789,302982,270680,34473,262619,30247,10823,569,218,7685,30429,35300
"New Orleans-Metairie, LA Metro Area",498271,427031,496,426535,395554,61391,351388,27815,39761,1380,86,11855,59385,35380
"New Philadelphia-Dover, OH Micro Area",37774,31341,102,31239,27014,4648,24251,3457,2805,651,23,939,5494,35420
"Newport, OR Micro Area",22483,20172,97,20075,17303,2061,16779,2265,1802,257,123,446,1865,35440
"Newport, TN Micro Area",14547,10872,26,10846,9072,3563,6064,1235,1410,284,0,401,3274,35460
"New Ulm, MN Micro Area",10926,9343,48,9295,8482,1221,7416,705,1072,69,0,189,1394,35580
"New York-Newark-Jersey City, NY-NJ-PA Metro Area",7321054,6558855,9249,6549606,6076650,774564,5664506,435601,284624,9197,3543,140067,622132,35620
"Niles, MI Metro Area",63512,52735,255,52480,48003,9949,39090,3891,4516,402,11,3499,7278,35660
"Nogales, AZ Micro Area",16651,13771,54,13717,12070,2320,9703,1161,3031,236,12,381,2499,35700
"Norfolk, NE Micro Area",19115,16152,97,16055,14139,2757,11843,1491,2030,230,24,847,2116,35740
"North Platte, NE Micro Area",14985,13038,55,12983,11574,2043,10021,1186,1027,137,66,435,1512,35820
"North Port-Sarasota-Bradenton, FL Metro Area",361001,325893,512,325381,297406,32206,286597,25496,14150,1089,92,13305,21803,35840
"North Vernon, IN Micro Area",10461,8862,0,8862,7639,1804,6080,1073,892,73,48,251,1348,35860
"North Wilkesboro, NC Micro Area",27249,23033,84,22949,17692,2364,20039,5055,951,101,0,417,3799,35900
"Norwalk, OH Micro Area",23096,19885,126,19759,17616,3529,14768,1838,1857,156,28,534,2677,35940
"Norwich-New London, CT Metro Area",109573,99324,139,99185,91124,10247,87025,7352,4287,154,23,1927,8322,35980
"Oak Harbor, WA Micro Area",35498,33299,109,33190,30253,2877,28743,2706,2457,199,0,650,1549,36020
"Ocala, FL Metro Area",154996,137393,486,136907,122124,14756,111598,12247,13876,1405,51,2870,14733,36100
"Ocean City, NJ Metro Area",43277,38964,90,38874,34896,4761,33469,3737,1183,96,27,1080,3233,36140
"Odessa, TX Metro Area",60676,51137,0,51137,46343,7862,38427,3804,6212,349,129,1857,7682,36220
"Ogden-Clearfield, UT Metro Area",224208,209700,353,209347,199030,19278,178754,8357,21161,882,133,4994,9514,36260
"Ogdensburg-Massena, NY Micro Area",41399,34755,91,34664,29793,4113,28860,4235,2388,308,13,1266,5378,36300
"Oil City, PA Micro Area",21323,18240,161,18079,14841,3005,14038,2919,1364,202,14,379,2704,36340
"Okeechobee, FL Micro Area",14919,12102,85,12017,10916,1698,9429,858,1661,163,0,369,2448,36380
"Oklahoma City, OK Metro Area",554748,496458,689,495769,459674,76944,392413,30937,40462,2660,476,11666,46624,36420
"Olean, NY Micro Area",31491,25288,123,25165,20956,4405,17642,3280,3717,656,49,733,5470,36460
"Olympia-Lacey-Tumwater, WA Metro Area",115695,107121,196,106925,97415,8874,95050,8138,5657,683,14,2597,5977,36500
"Omaha-Council Bluffs, NE-IA Metro Area",378359,341841,694,341147,317376,37175,293056,21582,18951,846,220,9209,27309,36540
"Oneonta, NY Micro Area",22305,19036,109,18927,15571,2209,14243,2569,2730,652,10,697,2572,36580
"Ontario, OR-ID Micro Area",19304,16513,70,16443,15086,3502,11243,1079,2076,169,26,561,2230,36620
"Opelousas, LA Micro Area",30888,21331,98,21233,18141,5749,13662,2491,2229,257,29,1486,8071,36660
"Orangeburg, SC Micro Area",32687,25087,195,24892,22806,7488,15650,1538,3001,361,37,709,6891,36700
"Orlando-Kissimmee-Sanford, FL Metro Area",948499,870682,1020,869662,816379,90245,753210,48260,52428,1750,497,19203,58614,36740
"Oshkosh-Neenah, WI Metro Area",71943,64032,268,63764,56809,8711,52325,6175,4175,359,52,2071,5840,36780
"Oskaloosa, IA Micro Area",8873,7604,35,7569,6892,1481,5471,499,876,143,1,322,947,36820
"Othello, WA Micro Area",6304,5362,2,5360,5062,1550,3292,169,746,107,19,184,758,36830
"Ottawa, IL Micro Area",61431,52473,225,52248,47250,8048,39196,4079,6906,678,25,1646,7312,36837
"Ottawa, KS Micro Area",10185,8278,12,8266,7407,1391,5565,606,1583,224,18,341,1566,36840
"Ottumwa, IA Micro Area",14193,11427,49,11378,10254,2418,8198,970,904,83,17,530,2236,36900
"Owatonna, MN Micro Area",15011,12992,10,12982,12209,1723,10424,625,1042,69,22,427,1592,36940
"Owensboro, KY Metro Area",47797,41955,41,41914,38024,6972,32014,3441,3684,290,54,833,5009,36980
"Oxford, MS Micro Area",18702,16644,0,16644,15679,2403,13196,528,2030,75,0,633,1425,37060
"Oxnard-Thousand Oaks-Ventura, CA Metro Area",275653,253665,293,253372,237732,21634,224297,13898,17984,954,162,5222,16766,37100
"Ozark, AL Micro Area",19400,16064,17,16047,15006,4115,10791,755,2101,191,4,752,2584,37120
"Paducah, KY-IL Micro Area",38909,33463,58,33405,30257,8067,23516,2452,2820,468,22,1111,4335,37140
"Pahrump, NV Micro Area",21847,16963,0,16963,15243,2287,11466,1194,4318,401,0,1305,3579,37220
"Palatka, FL Micro Area",29782,24624,78,24546,21852,5236,16725,2126,2821,322,87,639,4519,37260
"Palestine, TX Micro Area",16899,13888,78,13810,11605,3173,8726,1666,3004,423,0,394,2617,37300
"Palm Bay-Melbourne-Titusville, FL Metro Area",246650,225334,397,224937,203003,19821,198758,19965,13323,808,93,5975,15341,37340
"Pampa, TX Micro Area",8341,6891,13,6878,6132,1346,4821,644,1119,61,0,225,1225,37420
"Panama City, FL Metro Area",74678,67649,105,67544,63254,10534,54564,3924,3797,146,12,1878,5151,37460
"Paragould, AR Micro Area",17741,14985,3,14982,13862,2797,11248,990,1072,85,0,709,2047,37500
"Paris, TN Micro Area",13133,10541,31,10510,9205,2139,7622,1005,926,202,11,237,2355,37540
"Paris, TX Micro Area",20122,15427,17,15410,14262,3470,9663,834,2490,174,45,997,3698,37580
"Parkersburg-Vienna, WV Metro Area",37693,31494,99,31395,25672,4465,25553,4802,1919,750,32,1103,5096,37620
"Parsons, KS Micro Area",7956,6556,47,6509,5786,976,4535,490,947,136,57,210,1190,37660
"Payson, AZ Micro Area",22714,17339,67,17272,14111,2624,12070,2272,3138,724,20,573,4802,37740
"Pearsall, TX Micro Area",4709,3183,0,3183,2285,527,2382,755,306,121,0,137,1389,37770
"Pecos, TX Micro Area",4157,2946,0,2946,2811,323,2153,119,831,6,0,65,1146,37780
"Pella, IA Micro Area",13310,11356,37,11319,10294,1817,8271,803,1494,162,15,543,1411,37800
"Pensacola-Ferry Pass-Brent, FL Metro Area",196061,175373,324,175049,160813,18512,149238,12239,12876,1078,95,3979,16709,37860
"Peoria, IL Metro Area",166063,144077,457,143620,124050,22691,113421,17630,10319,1243,99,4235,17751,37900
"Peru, IN Micro Area",13069,10870,27,10843,9834,2411,6786,707,1970,165,1,332,1867,37940
"Philadelphia-Camden-Wilmington, PA-NJ-DE-MD Metro Area",2419824,2183614,2952,2180662,2018198,230125,1912690,149758,94898,3999,1242,51646,184564,37980
"Phoenix-Mesa-Chandler, AZ Metro Area",1817050,1657345,2941,1654404,1515938,186000,1404109,116795,142462,10951,950,39791,119914,38060
"Picayune, MS Micro Area",21188,17050,32,17018,15610,2736,12891,1237,2276,109,3,956,3182,38100
"Pierre, SD Micro Area",8635,7672,19,7653,6695,756,6671,920,602,15,0,165,798,38180
"Pine Bluff, AR Metro Area",30398,22343,116,22227,21066,6917,12955,852,2983,191,45,1430,6625,38220
"Pinehurst-Southern Pines, NC Micro Area",41782,36891,104,36787,33192,3174,31569,3055,3854,395,0,829,4062,38240
"Pittsburg, KS Micro Area",15806,13507,24,13483,12479,2206,10777,919,722,39,11,363,1936,38260
"Pittsburgh, PA Metro Area",1020243,894827,2586,892241,798529,99800,772868,86612,33406,3017,562,18913,106503,38300
"Pittsfield, MA Metro Area",56078,49334,135,49199,43095,4792,42352,5628,2386,273,71,1552,5192,38340
"Plainview, TX Micro Area",10997,8720,30,8690,7435,2278,6030,1151,814,43,0,276,2001,38380
"Platteville, WI Micro Area",19863,16563,110,16453,12986,2025,12275,2850,2408,346,103,814,2486,38420
"Plattsburgh, NY Micro Area",32651,28077,119,27958,24200,2741,24069,3336,1809,197,8,1201,3373,38460
"Plymouth, IN Micro Area",16915,13389,217,13172,11150,1758,9469,1587,2180,250,50,481,3045,38500
"Pocatello, ID Metro Area",35375,30983,79,30904,27774,4253,24588,2849,3169,152,25,1326,3066,38540
"Point Pleasant, WV-OH Micro Area",21423,16503,20,16483,14448,3145,10636,1467,2795,489,0,663,4257,38580
"Ponca City, OK Micro Area",16632,13136,14,13122,10954,2831,9107,1876,1626,193,19,743,2753,38620
"Ponce, PR Metro Area",81920,63782,219,63563,60634,24369,35944,2575,8796,286,16,1056,17082,38660
"Pontiac, IL Micro Area",14665,12305,44,12261,11112,1889,8767,918,1868,161,35,269,2091,38700
"Poplar Bluff, MO Micro Area",20205,16275,68,16207,14298,3843,10590,1329,2130,448,21,456,3474,38740
"Portales, NM Micro Area",6961,5734,1,5733,5083,1004,4258,534,617,98,2,123,1104,38780
"Port Angeles, WA Micro Area",34128,30945,101,30844,26234,3654,25033,3917,2947,388,24,550,2633,38820
"Portland-South Portland, ME Metro Area",233648,212391,706,211685,190419,18379,188336,20009,8025,497,168,5863,15394,38860
"Portland-Vancouver-Hillsboro, OR-WA Metro Area",986857,915959,2123,913836,856519,87122,799211,50718,47246,2819,487,22714,48184,38900
"Port Lavaca, TX Micro Area",8045,6466,0,6466,5995,1220,4296,319,1197,40,99,289,1290,38920
"Port St. Lucie, FL Metro Area",193167,175578,272,175306,163633,18120,151883,10595,12789,520,9,4738,12851,38940
"Portsmouth, OH Micro Area",28030,23427,97,23330,19339,2436,18831,3202,2314,638,15,562,4041,39020
"Pottsville, PA Micro Area",56987,47280,242,47038,41890,6230,38318,4696,2987,236,32,917,8790,39060
"Poughkeepsie-Newburgh-Middletown, NY Metro Area",249112,222972,525,222447,201729,21601,197098,19231,9264,363,229,4924,21216,39100
"Prescott Valley-Prescott, AZ Metro Area",106542,95450,511,94939,84008,11927,74329,8591,13099,1572,84,2070,9022,39150
"Price, UT Micro Area",7998,6631,46,6585,6012,650,5271,513,717,37,9,412,955,39220
"Prineville, OR Micro Area",10291,9024,15,9009,8304,1013,6161,531,1950,149,6,241,1026,39260
"Providence-Warwick, RI-MA Metro Area",662080,586083,1042,585041,534548,68005,506385,47512,20612,1082,176,14666,61331,39300
"Provo-Orem, UT Metro Area",190765,174097,318,173779,165811,10893,154696,6726,15153,635,84,11475,5193,39340
"Pueblo, CO Metro Area",67090,56601,184,56417,50766,8268,45346,5051,4828,280,89,1391,9098,39380
"Pullman, WA Micro Area",17963,15248,42,15206,13578,1330,12897,1377,1413,162,14,1677,1038,39420
"Punta Gorda, FL Metro Area",84671,76106,121,75985,68389,10442,62681,6617,5075,164,55,1516,7049,39460
"Quincy, IL-MO Micro Area",30819,25562,111,25451,21106,3738,19916,3590,2248,378,106,910,4347,39500
"Racine, WI Metro Area",79100,70392,137,70255,64681,7550,59778,4927,5061,274,111,1908,6800,39540
"Raleigh-Cary, NC Metro Area",536357,494983,531,494452,467080,41955,437542,24004,34650,1463,356,10097,31277,39580
"Rapid City, SD Metro Area",56249,49857,224,49633,44763,5445,42168,4522,3013,230,12,1603,4789,39660
"Raymondville, TX Micro Area",5414,3863,56,3807,3229,1488,2113,476,450,102,0,389,1162,39700
"Reading, PA Metro Area",161174,139629,551,139078,125743,18415,116431,12312,6951,443,120,2686,18859,39740
"Red Bluff, CA Micro Area",24623,20611,115,20496,17806,4602,11322,1749,5045,732,49,777,3235,39780
"Redding, CA Metro Area",71107,63189,248,62941,54694,7442,48163,6385,9848,1124,155,1691,6227,39820
"Red Wing, MN Micro Area",19633,17565,86,17479,15977,2904,13078,1264,1824,158,35,401,1667,39860
"Reno, NV Metro Area",194112,173894,347,173547,158753,18147,149085,13323,16218,774,110,5762,14456,39900
"Rexburg, ID Micro Area",16299,13530,43,13487,12710,1959,9690,572,2325,167,0,2213,556,39940
"Richmond, IN Micro Area",27159,23091,71,23020,21028,4051,17235,1641,2211,139,57,886,3182,39980
"Richmond, VA Metro Area",516845,456565,698,455867,424196,58242,379183,27891,28921,2313,359,13066,47214,40060
"Richmond-Berea, KY Micro Area",41888,36152,172,35980,32822,5344,28483,2488,3222,303,9,1412,4324,40080
"Rio Grande City-Roma, TX Micro Area",18634,12509,18,12491,7678,1451,10279,4656,1031,138,0,191,5934,40100
"Riverside-San Bernardino-Ontario, CA Metro Area",1409904,1287277,1527,1285750,1179768,151252,1075995,91651,132130,8028,718,34393,88234,40140
"Riverton, WY Micro Area",14617,12462,62,12400,7844,1465,9160,3830,1611,608,58,322,1833,40180
"Roanoke, VA Metro Area",128755,108846,331,108515,98878,14233,89166,8266,7134,732,145,2702,17207,40220
"Roanoke Rapids, NC Micro Area",27602,18202,50,18152,15723,2648,14171,1924,1892,228,71,1696,7704,40260
"Rochelle, IL Micro Area",20807,17862,148,17714,15993,2439,13513,1393,2577,243,10,398,2547,40300
"Rochester, MN Metro Area",91486,81595,249,81346,75094,8687,68199,5444,6288,547,55,3307,6584,40340
"Rochester, NY Metro Area",448717,395813,1082,394731,355693,43272,341754,35475,18334,1486,379,12510,40394,40380
"Rockford, IL Metro Area",134238,116736,174,116562,107115,16785,94101,8037,8919,665,202,3847,13655,40420
"Rockingham, NC Micro Area",16605,13286,61,13225,11691,2221,10295,1426,1217,56,11,214,3105,40460
"Rockport, TX Micro Area",11412,10205,1,10204,9437,2253,6778,408,1329,144,42,223,984,40530
"Rock Springs, WY Micro Area",16335,14607,102,14505,13205,1878,11470,1067,2265,160,20,483,1245,40540
"Rocky Mount, NC Metro Area",57143,45656,126,45530,41801,7527,35903,3296,3594,260,6,785,10702,40580
"Rolla, MO Micro Area",17730,15649,34,15615,13908,2640,11896,1282,1435,156,38,396,1685,40620
"Rome, GA Metro Area",35996,30716,28,30688,28119,4895,24223,2247,3169,84,21,979,4301,40660
"Roseburg, OR Micro Area",46242,39705,159,39546,34588,5435,31428,4036,3925,602,31,1042,5495,40700
"Roswell, NM Micro Area",23280,17526,63,17463,15069,3490,12142,1873,2496,328,25,1298,4456,40740
"Ruidoso, NM Micro Area",9031,7269,55,7214,6278,1329,4842,587,1097,142,9,700,1062,40760
"Russellville, AR Micro Area",31435,25831,36,25795,22552,4294,20003,2963,1971,140,24,936,4668,40780
"Ruston, LA Micro Area",18043,14827,15,14812,13572,3733,9715,1101,1824,67,3,361,2855,40820
"Rutland, VT Micro Area",25334,21142,123,21019,14778,1755,18456,5874,1060,168,45,983,3209,40860
"Sacramento-Roseville-Folsom, CA Metro Area",867690,803332,1427,801905,751792,84284,683043,43018,77770,3419,621,16355,48003,40900
"Safford, AZ Micro Area",12018,9914,18,9896,8916,1785,6661,685,1865,257,15,210,1894,40940
"Saginaw, MI Metro Area",78000,67401,225,67176,58009,10039,53844,8263,4872,433,17,1876,8723,40980
"St. Cloud, MN Metro Area",76821,68106,313,67793,62482,8908,54905,4756,4535,259,64,2553,6162,41060
"St. George, UT Metro Area",64151,58605,138,58467,49998,6354,47327,6668,7795,1284,205,1453,4093,41100
"St. Joseph, MO-KS Metro Area",46678,38466,96,38370,35068,7714,28108,2811,3301,267,39,1164,7048,41140
"St. Louis, MO-IL Metro Area",1146082,1026302,1976,1024326,943765,122564,851275,68001,92781,6495,1198,22397,97383,41180
"St. Marys, GA Micro Area",20345,18264,0,18264,16499,1446,16163,1523,1399,143,18,798,1283,41220
"St. Marys, PA Micro Area",13485,11360,92,11268,9528,1223,9470,1497,1101,135,6,349,1776,41260
"Salem, OH Micro Area",41251,34763,99,34664,30794,6201,24109,2614,4607,946,117,1408,5080,41400
"Salem, OR Metro Area",155682,140584,426,140158,129392,17416,115348,9274,10852,805,107,3993,11105,41420
"Salina, KS Micro Area",24732,21454,87,21367,19646,3321,16672,1457,1927,185,34,488,2790,41460
"Salinas, CA Metro Area",130973,120338,101,120237,113233,23472,90255,5895,12161,600,72,2430,8205,41500
"Salisbury, MD-DE Metro Area",171609,150549,353,150196,138481,23845,119422,10206,9640,740,74,3545,17515,41540
"Salt Lake City, UT Metro Area",429797,400013,754,399259,375941,40107,345050,20203,30137,1232,136,12724,17060,41620
"San Angelo, TX Metro Area",46488,39534,136,39398,35764,5626,31180,3000,3869,339,122,1678,5276,41660
"San Antonio-New Braunfels, TX Metro Area",930395,827849,550,827299,762722,111170,679661,56534,76488,4961,538,26743,75803,41700
"San Diego-Chula Vista-Carlsbad, CA Metro Area",1149157,1077653,1293,1076360,1013630,103523,940958,55724,79092,3255,450,17759,53745,41740
"Sandpoint, ID Micro Area",19228,16432,49,16383,14218,3297,9094,1295,4003,727,31,408,2388,41760
"Sandusky, OH Micro Area",32103,27146,134,27012,23328,2851,22764,3386,2338,117,21,1931,3026,41780
"Sanford, NC Micro Area",24050,18050,25,18025,16691,1352,16261,1037,1367,47,19,3353,2647,41820
"San Francisco-Oakland-Berkeley, CA Metro Area",1723229,1611125,2014,1609111,1529168,134428,1437998,70546,93424,3783,1154,27774,84330,41860
"San Germán, PR Metro Area",44440,25519,2292,23227,18161,5569,15670,4731,1361,184,16,884,18037,41900
"San Jose-Sunnyvale-Santa Clara, CA Metro Area",670204,634787,774,634013,606524,47879,569346,24500,39163,1510,161,10002,25415,41940
"San Juan-Bayamón-Caguas, PR Metro Area",780900,583815,2821,580994,537568,201912,333576,38235,62385,3500,212,10796,186289,41980
"San Luis Obispo-Paso Robles, CA Metro Area",108099,98957,178,98779,91764,9820,81425,5810,11411,802,88,2280,6862,42020
"Santa Cruz-Watsonville, CA Metro Area",96487,89422,132,89290,82699,9089,75816,5239,7730,713,58,2285,4780,42100
"Santa Fe, NM Metro Area",67866,58281,111,58170,51241,6654,45599,4524,7708,1410,155,1553,8032,42140
"Santa Isabel, PR Micro Area",7230,5693,56,5637,2387,1354,3954,3039,335,205,6,40,1497,42180
"Santa Maria-Santa Barbara, CA Metro Area",148032,135943,304,135639,127364,14882,115045,7119,9858,680,119,3507,8582,42200
"Santa Rosa-Petaluma, CA Metro Area",189653,177779,586,177193,164778,16286,152514,10404,15471,819,147,2991,8883,42220
"Sault Ste. Marie, MI Micro Area",13747,11836,32,11804,9579,1564,8960,1889,1344,272,21,255,1656,42300
"Savannah, GA Metro Area",155458,138608,282,138326,128103,17849,115808,8972,8844,478,159,3528,13322,42340
"Sayre, PA Micro Area",24361,20564,205,20359,16550,2406,16305,3280,2141,297,18,675,3122,42380
"Scottsbluff, NE Micro Area",15818,12982,33,12949,10411,1568,10326,2310,1415,135,7,658,2178,42420
"Scottsboro, AL Micro Area",20670,17247,49,17198,15195,2972,13515,1803,1182,124,0,623,2800,42460
"Scottsburg, IN Micro Area",9693,7894,42,7852,6796,1802,5319,793,846,144,0,271,1528,42500
"Scranton--Wilkes-Barre, PA Metro Area",231292,197970,1127,196843,178116,28322,161266,16857,12085,783,127,4790,28532,42540
"Searcy, AR Micro Area",28788,23993,32,23961,22426,7326,14808,1248,2406,225,28,668,4127,42620
"Seattle-Tacoma-Bellevue, WA Metro Area",1565696,1467973,2110,1465863,1379653,123701,1310107,77922,64069,3030,926,29785,67938,42660
"Sebastian-Vero Beach, FL Metro Area",65735,57268,136,57132,50457,5554,49473,6075,4216,214,4,1998,6469,42680
"Sebring-Avon Park, FL Metro Area",44685,37017,131,36886,31545,6045,28039,4250,4178,597,57,1255,6413,42700
"Sedalia, MO Micro Area",16696,14408,47,14361,12923,2361,10023,995,2557,261,30,276,2012,42740
"Selinsgrove, PA Micro Area",14430,11662,81,11581,10219,2000,8890,1187,639,74,48,140,2628,42780
"Selma, AL Micro Area",14753,11223,22,11201,10150,3328,6459,706,1563,240,46,319,3211,42820
"Seneca, SC Micro Area",33240,26656,75,26581,24564,5864,18157,1399,3435,476,9,1311,5273,42860
"Seneca Falls, NY Micro Area",13622,11430,48,11382,10051,1593,9292,1238,644,26,26,428,1764,42900
"Sevierville, TN Micro Area",38193,31436,62,31374,25915,5280,24059,4817,2498,447,47,1587,5170,42940
"Seymour, IN Micro Area",17574,14170,51,14119,12346,2332,10734,1401,1346,275,0,511,2893,42980
"Shawano, WI Micro Area",17960,15067,130,14937,13341,3086,10448,1186,1621,208,23,288,2605,43020
"Shawnee, OK Micro Area",26422,22407,57,22350,21112,5454,15155,958,2472,168,65,533,3482,43060
"Sheboygan, WI Metro Area",49035,43914,153,43761,39561,5688,35507,3423,3513,468,51,1191,3930,43100
"Shelby, NC Micro Area",36567,28001,45,27956,25005,3965,22324,2507,2433,209,45,1748,6818,43140
"Shelbyville, TN Micro Area",18469,15421,24,15397,14324,3326,10439,771,2205,189,17,572,2476,43180
"Shelton, WA Micro Area",25488,23062,64,22998,19837,2588,18450,2692,2054,331,7,440,1986,43220
"Sheridan, WY Micro Area",13066,11190,7,11183,9652,1020,9061,1206,1415,205,22,333,1543,43260
"Sherman-Denison, TX Metro Area",52084,43838,46,43792,40894,8092,31391,2182,5344,383,73,2505,5741,43300
"Show Low, AZ Micro Area",37565,26189,380,25809,20635,4256,19032,4330,3221,614,76,943,10433,43320
"Shreveport-Bossier City, LA Metro Area",153361,120573,261,120312,104685,21512,91363,13540,13211,1127,122,7101,25687,43340
"Sidney, OH Micro Area",18599,16697,33,16664,15088,1964,13156,1325,1552,174,31,265,1637,43380
"Sierra Vista-Douglas, AZ Metro Area",49680,42355,115,42240,38666,4452,33613,2585,5594,709,28,1126,6199,43420
"Sikeston, MO Micro Area",15160,12860,1,12859,11516,1976,10125,1089,1144,166,0,407,1893,43460
"Silver City, NM Micro Area",11292,9429,9,9420,8158,1520,6862,999,1279,177,25,309,1554,43500
"Sioux City, IA-NE-SD Metro Area",56662,47608,205,47403,42152,7515,37762,4607,5579,318,5,2079,6975,43580
"Sioux Falls, SD Metro Area",111244,101816,108,101708,93722,10073,88384,7385,6104,190,37,2870,6558,43620
"Snyder, TX Micro Area",5693,4803,0,4803,4435,778,3381,171,847,194,0,132,758,43660
"Somerset, KY Micro Area",25711,20914,86,20828,18441,2537,17044,2088,2003,153,12,933,3864,43700
"Somerset, PA Micro Area",28956,22899,126,22773,19407,3942,17076,2934,1758,288,43,607,5450,43740
"Sonora, CA Micro Area",22831,19814,70,19744,17333,2271,13898,1853,3967,427,4,472,2545,43760
"South Bend-Mishawaka, IN-MI Metro Area",128245,110250,352,109898,100237,15954,88738,8083,9366,765,107,4109,13886,43780
"Spartanburg, SC Metro Area",125394,107367,219,107148,97069,14320,87676,8882,9466,594,59,2028,15999,43900
"Spearfish, SD Micro Area",11392,10034,29,10005,8746,927,8336,1110,1135,123,0,313,1045,43940
"Spencer, IA Micro Area",7225,6248,24,6224,5468,931,5054,680,343,50,0,315,662,43980
"Spirit Lake, IA Micro Area",8279,7249,12,7237,6698,947,5818,493,822,28,2,282,748,44020
"Spokane-Spokane Valley, WA Metro Area",231995,209536,604,208932,190052,23421,171132,15065,18235,2442,379,4863,17596,44060
"Springfield, IL Metro Area",89102,76093,152,75941,67919,14034,58107,6990,6253,510,112,4384,8625,44100
"Springfield, MA Metro Area",276028,240409,800,239609,213795,35317,199175,23776,7734,751,157,8905,26714,44140
"Springfield, MO Metro Area",196644,163561,414,163147,152251,32020,117872,8693,19083,1350,276,10478,22605,44180
"Springfield, OH Metro Area",55429,49186,155,49031,44664,7075,39994,3827,2997,246,53,1094,5149,44220
"Starkville, MS Micro Area",25230,20239,59,20180,19200,4065,14604,914,2359,31,0,2051,2940,44260
"State College, PA Metro Area",58285,49472,137,49335,45248,4937,42623,3668,2511,234,123,3969,4844,44300
"Statesboro, GA Micro Area",29634,24910,17,24893,22902,3011,20662,1787,1953,59,0,1606,3118,44340
"Staunton, VA Metro Area",50551,42657,230,42427,38275,8263,30964,3479,3322,424,82,1219,6675,44420
"Steamboat Springs, CO Micro Area",10279,9460,13,9447,8542,1078,7609,721,979,124,9,208,611,44460
"Stephenville, TX Micro Area",16007,14038,15,14023,12864,2345,9697,830,2902,236,22,483,1486,44500
"Sterling, CO Micro Area",7985,6912,79,6833,6030,1078,5114,672,834,30,77,176,897,44540
"Sterling, IL Micro Area",23164,19371,32,19339,17474,2967,14680,1583,2483,145,31,702,3091,44580
"Stevens Point, WI Micro Area",29311,26599,41,26558,23994,3221,22382,2369,1354,112,7,544,2168,44620
"Stillwater, OK Micro Area",31843,26744,62,26682,24517,5265,18999,1480,3319,485,46,2120,2979,44660
"Stockton, CA Metro Area",237423,213338,491,212847,200628,28901,173524,10388,19479,1045,170,5393,18692,44700
"Storm Lake, IA Micro Area",7538,6711,25,6686,6273,1545,4540,297,775,75,14,130,697,44740
"Sturgis, MI Micro Area",23478,20020,41,19979,18141,4172,14661,1627,1341,106,24,456,3002,44780
"Sulphur Springs, TX Micro Area",13781,11876,19,11857,10825,3990,6706,896,1546,89,0,372,1533,44860
"Summerville, GA Micro Area",9292,7225,6,7219,5873,1997,4754,1161,537,174,0,308,1759,44900
"Sumter, SC Metro Area",52601,43193,77,43116,39561,6369,35462,3020,2688,214,15,1209,8199,44940
"Sunbury, PA Micro Area",37775,30649,208,30441,27364,5019,23746,2729,1715,153,47,501,6625,44980
"Susanville, CA Micro Area",8925,7706,42,7664,6189,2015,4855,1309,931,134,11,152,1067,45000
"Sweetwater, TX Micro Area",5670,4374,9,4365,3785,919,2779,429,890,144,2,169,1127,45020
"Syracuse, NY Metro Area",265206,232472,596,231876,206343,25074,200663,23422,9050,1022,217,9102,23632,45060
"Tahlequah, OK Micro Area",17993,14258,68,14190,13041,4119,8928,717,1658,227,13,457,3278,45140
"Talladega-Sylacauga, AL Micro Area",32359,27184,21,27163,24577,5670,18676,2016,3500,392,16,488,4687,45180
"Tallahassee, FL Metro Area",152091,133588,245,133343,119437,15665,113293,12533,7717,651,72,4115,14388,45220
"Tampa-St. Petersburg-Clearwater, FL Metro Area",1281240,1152267,1464,1150803,1058993,132119,990686,84556,48115,2944,853,34942,94031,45300
"Taos, NM Micro Area",13736,11431,164,11267,8761,1003,8600,2024,1875,337,10,367,1938,45340
"Taylorville, IL Micro Area",13473,11227,71,11156,9579,2664,7773,1448,1119,68,2,438,1808,45380
"Terre Haute, IN Metro Area",73118,61972,88,61884,55802,9606,47646,5092,6250,508,199,1780,9366,45460
"Texarkana, TX-AR Metro Area",55083,42632,82,42550,36806,9360,31286,4575,7026,345,13,2553,9898,45500
"The Dalles, OR Micro Area",10488,8892,19,8873,7793,1192,6825,876,1213,96,0,459,1137,45520
"The Villages, FL Metro Area",64305,57593,225,57368,51672,6555,48152,4789,5324,347,58,1448,5264,45540
"Thomaston, GA Micro Area",10412,8376,0,8376,7662,1070,6991,591,741,73,0,345,1691,45580
"Thomasville, GA Micro Area",18168,15217,16,15201,13843,2523,11935,1253,1002,44,11,581,2370,45620
"Tiffin, OH Micro Area",21910,18750,61,18689,16463,2505,14542,2020,1986,128,16,344,2816,45660
"Tifton, GA Micro Area",15328,10806,23,10783,9219,3627,6604,1276,812,168,0,256,4266,45700
"Toccoa, GA Micro Area",10213,8203,14,8189,7676,1702,6054,451,895,9,0,300,1710,45740
"Toledo, OH Metro Area",270018,237764,428,237336,217372,30366,197022,17926,17479,1138,144,7148,25106,45780
"Topeka, KS Metro Area",95742,80103,247,79856,67974,12636,60705,10126,8436,1318,136,3444,12195,45820
"Torrington, CT Micro Area",75578,68812,288,68524,60003,5687,61233,8132,2989,93,32,1280,5486,45860
"Traverse City, MI Micro Area",62368,55733,151,55582,50528,7608,44140,4230,4249,492,32,1419,5216,45900
"Trenton-Princeton, NJ Metro Area",139549,123590,123,123467,114930,12769,108609,7785,4676,387,53,3281,12678,45940
"Troy, AL Micro Area",11996,9132,14,9118,8491,2299,6368,547,1233,39,10,480,2384,45980
"Truckee-Grass Valley, CA Micro Area",41415,37499,103,37396,33855,4167,29257,2709,5948,450,69,753,3163,46020
"Tucson, AZ Metro Area",423075,380533,867,379666,350412,50481,311454,25553,29348,1930,328,10049,32493,46060
"Tullahoma-Manchester, TN Micro Area",42036,32138,68,32070,29110,6716,23350,2615,2879,238,25,2354,7544,46100
"Tulsa, OK Metro Area",393650,347437,676,346761,325274,55655,272313,17504,30852,2311,279,8196,38017,46140
"Tupelo, MS Micro Area",61903,48768,56,48712,44777,13103,32017,3283,6739,380,19,3447,9688,46180
"Tuscaloosa, AL Metro Area",100101,83884,186,83698,79434,13850,64827,3289,9211,739,126,3045,13172,46220
"Twin Falls, ID Metro Area",41452,36704,85,36619,33302,5930,27402,2677,4456,438,66,1072,3676,46300
"Tyler, TX Metro Area",81286,70920,96,70824,62704,24767,40734,5610,7894,1749,145,1258,9108,46340
"Ukiah, CA Micro Area",34557,29705,123,29582,26087,3775,21297,2473,5129,873,24,883,3969,46380
"Union, SC Micro Area",11580,9370,17,9353,8186,2722,5837,1008,990,132,13,161,2049,46420
"Union City, TN Micro Area",12542,10284,57,10227,9283,1893,7585,783,1095,103,0,156,2102,46460
"Urbana, OH Micro Area",15612,13701,62,13639,12195,1325,11148,1240,1345,125,23,360,1551,46500
"Urban Honolulu, HI Metro Area",333700,303050,453,302597,283444,32721,264970,17645,13493,382,164,7965,22685,46520
"Utica-Rome, NY Metro Area",117608,101929,308,101621,89217,13532,84822,11398,4588,397,77,3160,12519,46540
"Uvalde, TX Micro Area",8420,6679,5,6674,5764,1185,4847,817,873,57,0,270,1471,46620
"Valdosta, GA Metro Area",54448,40725,88,40637,34635,6878,31417,4993,4457,275,4,3659,10064,46660
"Vallejo, CA Metro Area",154987,144242,309,143933,134803,15749,122217,7765,13366,781,26,3045,7700,46700
"Van Wert, OH Micro Area",11666,9975,45,9930,9093,1047,7613,675,1445,133,0,168,1523,46780
"Vermillion, SD Micro Area",5416,4866,0,4866,4354,513,4042,475,367,14,0,202,348,46820
"Vernal, UT Micro Area",11547,10254,63,10191,9566,1592,7878,469,921,156,0,211,1082,46860
"Vernon, TX Micro Area",4626,3404,0,3404,3234,810,2325,137,421,5,0,229,993,46900
"Vicksburg, MS Micro Area",16823,13222,22,13200,12350,2155,9717,665,2715,47,22,768,2833,46980
"Victoria, TX Metro Area",36985,28116,19,28097,24724,4213,21212,2604,3339,472,117,3099,5770,47020
"Vidalia, GA Micro Area",12720,9951,24,9927,9050,2504,6478,564,1559,76,36,383,2386,47080
"Vincennes, IN Micro Area",14943,12712,19,12693,11741,2247,9633,834,953,66,10,293,1938,47180
"Vineland-Bridgeton, NJ Metro Area",52584,45159,180,44979,38698,5992,37792,5825,2268,149,1,1219,6206,47220
"Vineyard Haven, MA Micro Area",6899,6159,4,6155,5681,394,5542,314,429,147,0,407,333,47240
"Virginia Beach-Norfolk-Newport News, VA-NC Metro Area",701510,628035,983,627052,588193,80044,530393,35362,35154,1451,331,19156,54319,47260
"Visalia, CA Metro Area",140670,120580,157,120423,108040,20073,90123,10413,17192,1388,91,3484,16606,47300
"Wabash, IN Micro Area",12471,10617,42,10575,9446,2105,7257,881,1492,175,10,292,1562,47340
"Waco, TX Metro Area",100484,85260,109,85151,76031,15434,63856,7654,7659,929,29,3256,11968,47380
"Wahpeton, ND-MN Micro Area",9448,8024,11,8013,7309,912,6661,650,762,38,8,269,1155,47420
"Walla Walla, WA Metro Area",22978,20372,19,20353,18586,2399,16217,1468,2100,194,38,769,1837,47460
"Wapakoneta, OH Micro Area",18858,16517,51,16466,15081,1650,13885,1268,972,87,0,317,2024,47540
"Warner Robins, GA Metro Area",70771,63346,66,63280,58707,6856,53453,3804,6356,500,17,810,6615,47580
"Warren, PA Micro Area",16209,13396,84,13312,11108,2350,9892,1870,1206,226,20,554,2259,47620
"Warrensburg, MO Micro Area",20613,18469,57,18412,17412,3348,12944,722,2258,213,16,464,1680,47660
"Warsaw, IN Micro Area",31325,26743,44,26699,23769,4067,20459,2369,2484,344,51,774,3808,47700
"Washington, IN Micro Area",11606,9266,63,9203,8601,1893,6614,496,840,44,0,253,2087,47780
"Washington, NC Micro Area",18972,15377,0,15377,12866,1734,12598,2209,1119,169,34,185,3410,47820
"Washington-Arlington-Alexandria, DC-VA-MD-WV Metro Area",2361858,2209650,2604,2207046,2071065,181946,1974790,124118,110775,5116,1067,40499,111709,47900
"Washington Court House, OH Micro Area",11620,9879,33,9846,9059,1858,6960,535,1535,115,0,442,1299,47920
"Waterloo-Cedar Falls, IA Metro Area",68437,59828,158,59670,55009,9546,47940,4243,3314,189,17,2052,6557,47940
"Watertown, SD Micro Area",14316,12148,38,12110,9915,1978,9621,2032,714,91,40,325,1843,47980
"Watertown-Fort Atkinson, WI Micro Area",34102,30156,92,30064,27122,3962,23442,2467,2990,252,41,1047,2899,48020
"Watertown-Fort Drum, NY Metro Area",46099,41014,93,40921,37542,4957,34149,2984,2742,177,80,1179,3906,48060
"Wauchula, FL Micro Area",8127,6035,14,6021,5626,1211,4243,220,656,151,0,307,1785,48100
"Wausau-Weston, WI Metro Area",68710,60155,467,59688,53123,8782,45105,5117,6371,1000,95,1400,7155,48140
"Waycross, GA Micro Area",20216,14470,25,14445,10528,2189,10903,3362,1744,454,22,1904,3842,48180
"Weatherford, OK Micro Area",10700,9551,2,9549,9118,1715,6855,326,1425,30,18,212,937,48220
"Weirton-Steubenville, WV-OH Metro Area",49551,41793,143,41650,34759,5846,33068,6026,3193,609,62,844,6914,48260
"Wenatchee, WA Metro Area",45888,40137,37,40100,36737,4004,33683,2782,3805,432,30,1207,4544,48300
"West Plains, MO Micro Area",15433,12475,99,12376,10660,3345,7277,1306,1968,302,11,470,2488,48460
"West Point, MS Micro Area",7582,6030,13,6017,5826,2214,3429,150,543,35,0,82,1470,48500
"Wheeling, WV-OH Metro Area",55516,45756,105,45651,37861,6472,36483,6803,3405,723,48,1141,8619,48540
"Whitewater, WI Micro Area",42179,36699,116,36583,32929,4073,30096,3054,2999,233,136,2027,3453,48580
"Wichita, KS Metro Area",249468,221606,472,221134,204677,30137,179453,13989,18056,1236,262,5641,22221,48620
"Wichita Falls, TX Metro Area",56175,47929,81,47848,44022,6683,37486,3084,5887,574,4,1486,6760,48660
"Williamsport, PA Metro Area",45705,39158,247,38911,33511,5239,31303,4659,3000,437,23,1333,5214,48700
"Williston, ND Micro Area",15599,13036,47,12989,12196,1863,10842,641,988,32,0,1307,1256,48780
"Willmar, MN Micro Area",17128,14876,40,14836,13578,2397,10946,1065,1881,128,16,552,1700,48820
"Wilmington, NC Metro Area",123233,111116,160,110956,103200,12097,95694,6841,6142,445,45,3427,8690,48900
"Wilmington, OH Micro Area",16390,14314,155,14159,13082,2830,10217,855,1490,165,19,313,1763,48940
"Wilson, NC Micro Area",32287,25830,15,25815,22750,3539,21643,2832,1378,115,6,1054,5403,48980
"Winchester, VA-WV Metro Area",52817,45005,214,44791,40069,7008,33838,4077,4670,448,60,1168,6644,49020
"Winfield, KS Micro Area",13091,10810,38,10772,9634,1746,8163,991,1172,92,3,290,1991,49060
"Winnemucca, NV Micro Area",6986,6062,0,6062,5851,1747,3380,141,860,42,0,143,781,49080
"Winona, MN Micro Area",20215,18362,44,18318,15952,1591,15950,2076,1170,109,8,498,1355,49100
"Winston-Salem, NC Metro Area",271091,233452,574,232878,204306,29899,195819,25275,14482,966,757,6602,31037,49180
"Wisconsin Rapids-Marshfield, WI Micro Area",31887,27855,142,27713,24157,3802,22583,3226,1544,151,19,634,3398,49220
"Woodward, OK Micro Area",9419,7874,16,7858,7295,1648,5447,416,1352,100,8,141,1404,49260
"Wooster, OH Micro Area",44206,36704,159,36545,33307,5247,30082,2961,1830,94,28,778,6724,49300
"Worcester, MA-CT Metro Area",376746,341133,685,340448,312888,33291,300363,25628,12197,632,130,7418,28195,49340
"Worthington, MN Micro Area",7689,6487,52,6435,5388,794,5013,916,979,100,2,419,783,49380
"Yakima, WA Metro Area",85558,74880,276,74604,68914,12432,56533,4562,7974,555,112,2148,8530,49420
"Yankton, SD Micro Area",9789,8383,14,8369,7342,993,6853,887,612,52,11,312,1094,49460
"Yauco, PR Metro Area",31129,22317,2685,19632,16845,5903,11800,2567,740,122,7,473,8339,49500
"York-Hanover, PA Metro Area",178543,157583,633,156950,142807,21665,129323,12366,9453,638,68,3708,17252,49620
"Youngstown-Warren-Boardman, OH-PA Metro Area",228587,191647,712,190935,166541,27160,156460,21986,12259,1183,242,6353,30587,49660
"Yuba City, CA Metro Area",60608,53433,78,53355,49391,10511,38901,2842,6065,798,20,1291,5884,49700
"Yuma, AZ Metro Area",74678,62978,207,62771,56671,9086,50011,4890,7130,623,57,2137,9563,49740
"Zanesville, OH Micro Area",34599,30019,72,29947,24457,4687,23718,5048,1810,291,70,627,3953,49780
"Zapata, TX Micro Area",4580,2998,0,2998,1958,284,2517,962,409,78,0,9,1573,49820
