metro_area,total_workers,car_truck_or_van,drove_alone,carpooled,public_transportation,bus,subway_or_rail,taxi,motorcycle,bicycle,walked,other_means,worked_from_home,other,worked_from_home_extended,metro_area_id
"Aberdeen, SD Micro Area",22377,19725,18036,1689,1289,276,124,42,42,0,0,0,0,63,911,10100
"Aberdeen, WA Micro Area",28624,24319,22051,2268,1908,234,126,309,309,0,0,0,0,243,1119,10140
"Abilene, TX Metro Area",82753,74070,64907,9163,6639,1392,1132,289,262,0,0,0,27,394,1416,10180
"Ada, OK Micro Area",17006,15441,14104,1337,951,282,104,30,30,0,0,0,0,35,741,10220
"Adrian, MI Micro Area",42860,38180,35237,2943,2203,394,346,64,53,0,0,0,11,47,1104,10300
"Aguadilla-Isabela, PR Metro Area",86871,78843,72403,6440,4160,1600,680,327,114,32,27,59,95,275,2703,10380
"Akron, OH Metro Area",345726,295938,270801,25137,19989,2983,2165,3132,2994,16,0,86,36,374,5236,10420
"Alamogordo, NM Micro Area",26803,24456,21706,2750,2100,454,196,104,96,0,0,8,0,21,772,10460
"Albany, GA Metro Area",60460,55121,48758,6363,4857,992,514,492,492,0,0,0,0,84,838,10500
"Albany-Lebanon, OR Metro Area",56684,49178,43738,5440,4287,752,401,146,132,2,12,0,0,209,1149,10540
"Albany-Schenectady-Troy, NY Metro Area",448347,363821,329401,34420,28015,4132,2273,13066,12244,246,356,99,121,932,14191,10580
"Albemarle, NC Micro Area",28124,25872,22944,2928,2084,447,397,15,15,0,0,0,0,0,329,10620
"Albert Lea, MN Micro Area",14440,12790,11714,1076,844,181,51,24,24,0,0,0,0,82,416,10660
"Albertville, AL Micro Area",40866,38133,34202,3931,2729,727,475,91,91,0,0,0,0,10,140,10700
"Albuquerque, NM Metro Area",421395,355807,316551,39256,29495,5951,3810,4424,3804,0,483,45,92,2466,6970,10740
"Alexander City, AL Micro Area",19239,18045,15932,2113,1638,260,215,30,30,0,0,0,0,17,184,10760
"Alexandria, LA Metro Area",62299,54976,50730,4246,3211,630,405,1243,1243,0,0,0,0,61,1498,10780
"Alexandria, MN Micro Area",19442,16849,15570,1279,975,225,79,29,29,0,0,0,0,123,404,10820
"Alice, TX Micro Area",18380,16456,14533,1923,1421,313,189,2,2,0,0,0,0,0,298,10860
"Allentown-Bethlehem-Easton, PA-NJ Metro Area",418499,353368,321438,31930,25109,4517,2304,5677,5067,204,319,26,61,670,9556,10900
"Alma, MI Micro Area",16782,14747,13522,1225,826,187,212,91,91,0,0,0,0,117,571,10940
"Alpena, MI Micro Area",11893,10322,9601,721,604,117,0,104,104,0,0,0,0,119,211,10980
"Altoona, PA Metro Area",56376,50709,46228,4481,3480,609,392,415,406,0,9,0,0,90,1691,11020
"Altus, OK Micro Area",11658,10872,9744,1128,873,161,94,5,5,0,0,0,0,38,152,11060
"Amarillo, TX Metro Area",126334,115273,102389,12884,9627,1718,1539,327,327,0,0,0,0,254,1822,11100
"Americus, GA Micro Area",13700,12278,10869,1409,913,374,122,0,0,0,0,0,0,2,221,11140
"Ames, IA Metro Area",65430,52068,47226,4842,4006,581,255,2554,2554,0,0,0,0,639,3512,11180
"Amsterdam, NY Micro Area",21665,18528,16322,2206,1815,246,145,55,45,10,0,0,0,108,748,11220
"Anchorage, AK Metro Area",194537,163267,140084,23183,17756,2982,2445,2335,2187,0,0,0,148,1352,4483,11260
"Andrews, TX Micro Area",9009,8552,7205,1347,756,136,455,9,9,0,0,0,0,0,29,11380
"Angola, IN Micro Area",16098,14802,13456,1346,952,274,120,46,46,0,0,0,0,61,485,11420
"Ann Arbor, MI Metro Area",184417,129000,116854,12146,10168,1336,642,7199,7109,72,11,0,7,2048,12011,11460
"Anniston-Oxford, AL Metro Area",48898,46250,41672,4578,3548,623,407,286,225,0,0,61,0,0,592,11500
"Appleton, WI Metro Area",129630,112819,104445,8374,6176,1590,608,507,487,0,0,0,20,489,2565,11540
"Arcadia, FL Micro Area",12092,10575,8465,2110,1248,537,325,162,162,0,0,0,0,121,307,11580
"Ardmore, OK Micro Area",25250,23526,20344,3182,2649,448,85,81,81,0,0,0,0,27,369,11620
"Arecibo, PR Metro Area",55664,51868,50392,1476,1135,171,170,166,125,0,0,29,12,17,445,11640
"Arkadelphia, AR Micro Area",9777,8408,7201,1207,727,344,136,50,50,0,0,0,0,0,685,11660
"Asheville, NC Metro Area",220222,186017,168646,17371,13305,2422,1644,1178,1087,20,0,0,71,289,3923,11700
"Ashland, OH Micro Area",24322,21540,19710,1830,1398,273,159,65,48,17,0,0,0,131,736,11740
"Ashtabula, OH Micro Area",40922,37600,33463,4137,2981,644,512,105,105,0,0,0,0,45,687,11780
"Astoria, OR Micro Area",18276,14480,12731,1749,1455,179,115,156,156,0,0,0,0,86,1452,11820
"Atchison, KS Micro Area",7614,6713,5952,761,521,183,57,0,0,0,0,0,0,0,368,11860
"Athens, OH Micro Area",27395,20649,18795,1854,1593,187,74,290,265,0,0,0,25,345,3377,11900
"Athens, TN Micro Area",22261,20903,19123,1780,1290,424,66,0,0,0,0,0,0,0,204,11940
"Athens, TX Micro Area",33007,29553,26043,3510,2779,367,364,139,48,0,0,91,0,0,424,11980
"Athens-Clarke County, GA Metro Area",102619,85063,76668,8395,6444,1287,664,1578,1578,0,0,0,0,693,3364,12020
"Atlanta-Sandy Springs-Alpharetta, GA Metro Area",3004626,2369846,2112236,257610,186428,43942,27240,62737,40290,18103,2513,1364,467,4013,34454,12060
"Atlantic City-Hammonton, NJ Metro Area",126468,105653,93741,11912,9076,1669,1167,5102,4561,92,145,286,18,609,4073,12100
"Atmore, AL Micro Area",12733,12469,11650,819,565,149,105,38,38,0,0,0,0,3,80,12120
"Auburn, IN Micro Area",21137,19752,17870,1882,1524,191,167,20,20,0,0,0,0,52,238,12140
"Auburn, NY Micro Area",34081,29868,27355,2513,2240,120,153,214,211,3,0,0,0,28,1258,12180
"Auburn-Opelika, AL Metro Area",80729,71426,65033,6393,5083,977,333,510,494,0,0,0,16,89,2280,12220
"Augusta-Richmond County, GA-SC Metro Area",273841,242650,220944,21706,16388,3219,2099,2101,1985,0,22,24,70,335,3412,12260
"Augusta-Waterville, ME Micro Area",59235,49742,44922,4820,3817,361,642,60,40,0,0,0,20,39,1708,12300
"Austin, MN Micro Area",19181,17027,14789,2238,1145,600,493,210,210,0,0,0,0,33,637,12380
"Austin-Round Rock-Georgetown, TX Metro Area",1235739,919872,820507,99365,75689,14406,9270,16182,14643,481,687,192,179,6168,22067,12420
"Bainbridge, GA Micro Area",10902,10190,8963,1227,1050,104,73,30,30,0,0,0,0,58,138,12460
"Bakersfield, CA Metro Area",351806,320120,278306,41814,28739,7223,5852,2179,2081,2,51,21,24,647,3116,12540
"Baltimore-Columbia-Towson, MD Metro Area",1423931,1112096,1011232,100864,79942,11906,9016,61628,42506,8610,8647,1546,319,2973,30994,12580
"Bangor, ME Metro Area",72207,61109,55613,5496,4395,713,388,290,247,15,28,0,0,343,2477,12620
"Baraboo, WI Micro Area",33750,29454,26535,2919,2025,587,307,63,60,0,0,0,3,111,1047,12660
"Bardstown, KY Micro Area",22182,20585,18844,1741,1264,162,315,10,10,0,0,0,0,0,224,12680
"Barnstable Town, MA Metro Area",111344,91060,83123,7937,5761,1474,702,1373,640,250,90,41,352,763,2319,12700
"Barre, VT Micro Area",30906,24212,22067,2145,1747,235,163,249,242,7,0,0,0,75,1267,12740
"Bartlesville, OK Micro Area",22900,20869,18117,2752,2211,430,111,63,63,0,0,0,0,67,407,12780
"Batavia, NY Micro Area",28247,25132,23098,2034,1710,225,99,34,20,1,7,0,6,158,1007,12860
"Batesville, AR Micro Area",22110,20388,17994,2394,1813,397,184,14,14,0,0,0,0,85,399,12900
"Baton Rouge, LA Metro Area",396232,360172,326627,33545,24479,4785,4281,2859,2701,50,0,0,108,1124,6235,12940
"Battle Creek, MI Metro Area",58169,51696,47020,4676,3883,522,271,466,458,0,0,0,8,212,1316,12980
"Bay City, MI Metro Area",47237,42408,39493,2915,2292,291,332,164,164,0,0,0,0,435,746,13020
"Bay City, TX Micro Area",14742,13932,12414,1518,1157,293,68,57,57,0,0,0,0,86,101,13060
"Beatrice, NE Micro Area",10513,9497,8754,743,505,158,80,0,0,0,0,0,0,0,228,13100
"Beaumont-Port Arthur, TX Metro Area",164240,155929,143135,12794,9779,1409,1606,453,453,0,0,0,0,284,1282,13140
"Beaver Dam, WI Micro Area",46378,41294,37541,3753,3042,441,270,25,20,0,0,0,5,75,1574,13180
"Beckley, WV Metro Area",40156,36809,32917,3892,3094,345,453,21,14,7,0,0,0,5,792,13220
"Bedford, IN Micro Area",21016,19496,17436,2060,1696,146,218,11,11,0,0,0,0,5,456,13260
"Beeville, TX Micro Area",9981,9180,8326,854,672,143,39,1,1,0,0,0,0,0,150,13300
"Bellefontaine, OH Micro Area",20974,18808,16958,1850,1608,171,71,53,53,0,0,0,0,11,472,13340
"Bellingham, WA Metro Area",109391,87675,78718,8957,7359,903,695,2135,2089,6,4,0,36,2180,3854,13380
"Bemidji, MN Micro Area",21007,18115,15858,2257,1689,370,198,292,277,0,0,0,15,43,738,13420
"Bend, OR Metro Area",96606,73830,65936,7894,6186,1111,597,299,282,0,17,0,0,1868,2162,13460
"Bennettsville, SC Micro Area",8693,8185,7594,591,519,41,31,30,30,0,0,0,0,40,69,13500
"Bennington, VT Micro Area",17461,13931,12683,1248,865,160,223,38,36,0,2,0,0,54,699,13540
"Berlin, NH Micro Area",14066,12171,10714,1457,1225,69,163,41,29,12,0,0,0,18,234,13620
"Big Rapids, MI Micro Area",16342,14285,12924,1361,1087,123,151,76,76,0,0,0,0,20,866,13660
"Big Spring, TX Micro Area",14167,13570,11995,1575,1130,383,62,0,0,0,0,0,0,13,143,13700
"Big Stone Gap, VA Micro Area",13677,12093,10883,1210,867,257,86,123,123,0,0,0,0,0,485,13720
"Billings, MT Metro Area",92249,80993,71372,9621,7080,1563,978,984,980,0,4,0,0,533,2063,13740
"Binghamton, NY Metro Area",107194,91375,82459,8916,7281,766,869,2668,2539,129,0,0,0,442,3881,13780
"Birmingham-Hoover, AL Metro Area",511286,452076,411419,40657,32057,4905,3695,2094,1995,83,9,7,0,475,5881,13820
"Bismarck, ND Metro Area",69445,62649,56349,6300,4389,1158,753,102,96,0,0,0,6,125,1227,13900
"Blackfoot, ID Micro Area",21253,19237,16845,2392,1696,419,277,402,402,0,0,0,0,0,237,13940
"Blacksburg-Christiansburg, VA Metro Area",75245,63228,57920,5308,4085,811,412,1691,1638,4,0,0,49,560,2960,13980
"Bloomington, IL Metro Area",84210,68011,61389,6622,4850,1015,757,625,581,16,16,0,12,351,3499,14010
"Bloomington, IN Metro Area",78109,60999,53521,7478,5527,1258,693,1669,1651,18,0,0,0,851,4330,14020
"Bloomsburg-Berwick, PA Metro Area",38595,33036,30334,2702,2241,260,201,106,106,0,0,0,0,27,1689,14100
"Bluefield, WV-VA Micro Area",39097,36007,33209,2798,2251,271,276,77,77,0,0,0,0,2,897,14140
"Bluffton, IN Micro Area",14158,13092,12075,1017,844,112,61,70,38,10,0,0,22,38,143,14160
"Blytheville, AR Micro Area",16253,15614,13519,2095,1429,466,200,23,18,5,0,0,0,0,88,14180
"Bogalusa, LA Micro Area",16324,14615,12716,1899,1561,121,217,108,108,0,0,0,0,4,243,14220
"Boise City, ID Metro Area",375987,308107,278423,29684,22205,5027,2452,1287,990,81,87,21,108,3991,7603,14260
"Bonham, TX Micro Area",14759,12662,11342,1320,927,293,100,3,3,0,0,0,0,0,239,14300
"Boone, NC Micro Area",25360,21301,19121,2180,1935,222,23,408,408,0,0,0,0,86,1179,14380
"Borger, TX Micro Area",8999,8497,7494,1003,627,202,174,83,67,0,16,0,0,31,129,14420
"Boston-Cambridge-Newton, MA-NH Metro Area",2607487,1739133,1570932,168201,128826,23351,16024,253803,75701,130840,40492,4002,2768,24421,125593,14460
"Boulder, CO Metro Area",175188,111308,100826,10482,7692,1786,1004,6292,6160,0,0,118,14,5923,7283,14500
"Bowling Green, KY Metro Area",83733,75727,66140,9587,7054,1715,818,66,66,0,0,0,0,103,2340,14540
"Bozeman, MT Micro Area",67336,51424,45929,5495,4159,540,796,326,320,0,0,0,6,1460,3704,14580
"Bradford, PA Micro Area",17283,15457,13831,1626,1311,172,143,81,65,0,0,0,16,26,798,14620
"Brainerd, MN Micro Area",43248,37112,32926,4186,3226,529,431,193,166,0,3,2,22,129,1040,14660
"Branson, MO Micro Area",24653,21825,18578,3247,2560,586,101,42,42,0,0,0,0,40,446,14700
"Breckenridge, CO Micro Area",18644,13155,11876,1279,957,322,0,870,870,0,0,0,0,275,702,14720
"Bremerton-Silverdale-Port Orchard, WA Metro Area",131017,97632,86609,11023,8332,1360,1331,8385,2354,33,19,25,5954,682,6983,14740
"Brenham, TX Micro Area",16369,14062,12506,1556,1165,264,127,0,0,0,0,0,0,38,626,14780
"Brevard, NC Micro Area",13645,11801,10596,1205,1063,60,82,33,33,0,0,0,0,94,285,14820
"Bridgeport-Stamford-Norwalk, CT Metro Area",477787,350810,311768,39042,28552,6219,4271,34455,7425,2223,24213,389,205,604,12757,14860
"Brookhaven, MS Micro Area",13497,12670,11878,792,646,132,14,30,6,0,0,0,24,0,196,15020
"Brookings, OR Micro Area",8625,6863,6271,592,474,97,21,36,4,12,0,0,20,17,215,15060
"Brookings, SD Micro Area",18827,16068,14473,1595,1091,385,119,72,72,0,0,0,0,121,600,15100
"Brownsville, TN Micro Area",7153,6508,5863,645,612,14,19,0,0,0,0,0,0,0,112,15140
"Brownsville-Harlingen, TX Metro Area",166691,149155,133031,16124,11488,3298,1338,870,857,0,13,0,0,211,2577,15180
"Brownwood, TX Micro Area",16839,15727,13924,1803,1502,197,104,26,26,0,0,0,0,66,191,15220
"Brunswick, GA Metro Area",48313,43510,38896,4614,3443,830,341,107,93,0,0,0,14,144,453,15260
"Bucyrus-Galion, OH Micro Area",18790,17274,15992,1282,1054,155,73,35,35,0,0,0,0,6,211,15340
"Buffalo-Cheektowaga, NY Metro Area",553820,465030,424775,40255,31538,5041,3676,14649,13292,1020,25,190,122,1549,14249,15380
"Burley, ID Micro Area",21103,19234,17258,1976,1697,201,78,35,35,0,0,0,0,26,314,15420
"Burlington, IA-IL Micro Area",21111,19292,17589,1703,1365,158,180,65,49,0,13,0,3,14,572,15460
"Burlington, NC Metro Area",80839,72463,66055,6408,4986,670,752,122,122,0,0,0,0,11,890,15500
"Burlington-South Burlington, VT Metro Area",122424,94053,83533,10520,8653,1133,734,1835,1679,156,0,0,0,1993,6546,15540
"Butte-Silver Bow, MT Micro Area",16296,14422,12794,1628,1129,259,240,129,129,0,0,0,0,1,416,15580
"Cadillac, MI Micro Area",20273,18302,15880,2422,1732,492,198,98,76,0,0,0,22,161,551,15620
"Calhoun, GA Micro Area",26088,23871,21187,2684,1331,975,378,15,15,0,0,0,0,87,254,15660
"California-Lexington Park, MD Metro Area",58080,47694,44685,3009,2202,648,159,657,624,8,25,0,0,130,1077,15680
"Cambridge, MD Micro Area",14681,13336,11806,1530,1248,214,68,52,28,8,16,0,0,44,159,15700
"Cambridge, OH Micro Area",16560,15530,13901,1629,966,428,235,8,8,0,0,0,0,7,233,15740
"Camden, AR Micro Area",9988,9518,8839,679,495,137,47,0,0,0,0,0,0,11,147,15780
"Campbellsville, KY Micro Area",15756,13662,12287,1375,1191,77,107,79,79,0,0,0,0,0,343,15820
"Cañon City, CO Micro Area",16657,14030,12442,1588,1205,211,172,8,8,0,0,0,0,137,476,15860
"Canton-Massillon, OH Metro Area",188579,164145,151384,12761,9470,1748,1543,1682,1613,0,20,0,49,188,2904,15940
"Cape Coral-Fort Myers, FL Metro Area",326302,275586,244149,31437,22667,4652,4118,1635,1447,15,51,0,122,2120,3521,15980
"Cape Girardeau, MO-IL Metro Area",46897,42393,38126,4267,3220,696,351,172,172,0,0,0,0,26,699,16020
"Carbondale-Marion, IL Metro Area",56581,49760,44656,5104,3816,904,384,479,458,0,3,8,10,294,1566,16060
"Carlsbad-Artesia, NM Micro Area",27002,24814,22195,2619,1710,406,503,141,141,0,0,0,0,43,246,16100
"Carroll, IA Micro Area",10600,9553,8750,803,600,151,52,36,36,0,0,0,0,3,296,16140
"Carson City, NV Metro Area",26695,23580,20274,3306,2674,439,193,459,459,0,0,0,0,51,395,16180
"Casper, WY Metro Area",40190,35815,32517,3298,2087,704,507,243,243,0,0,0,0,112,573,16220
"Cedar City, UT Micro Area",26664,23039,20218,2821,2263,282,276,25,25,0,0,0,0,71,600,16260
"Cedar Rapids, IA Metro Area",141912,121054,110879,10175,7198,1894,1083,536,526,0,0,10,0,378,2753,16300
"Cedartown, GA Micro Area",17896,16441,14743,1698,1255,141,302,76,76,0,0,0,0,16,209,16340
"Celina, OH Micro Area",21473,20284,18698,1586,1165,253,168,46,46,0,0,0,0,23,334,16380
"Central City, KY Micro Area",12094,11458,10461,997,789,160,48,2,2,0,0,0,0,0,117,16420
"Centralia, IL Micro Area",16031,14915,13270,1645,1371,162,112,30,30,0,0,0,0,45,184,16460
"Centralia, WA Micro Area",33406,29030,25182,3848,2785,450,613,196,172,0,11,0,13,41,1250,16500
"Chambersburg-Waynesboro, PA Metro Area",74492,65047,58457,6590,4996,571,1023,165,164,0,0,0,1,109,2032,16540
"Champaign-Urbana, IL Metro Area",107224,81176,72446,8730,7058,1098,574,4065,4040,6,4,15,0,1648,7495,16580
"Charleston, WV Metro Area",102388,89842,81942,7900,6414,965,521,1593,1567,0,0,0,26,103,3007,16620
"Charleston-Mattoon, IL Micro Area",28127,24594,21966,2628,2218,349,61,30,1,0,29,0,0,291,1354,16660
"Charleston-North Charleston, SC Metro Area",401565,341186,311040,30146,22496,4780,2870,2900,2502,30,187,16,165,2257,7543,16700
"Charlotte-Concord-Gastonia, NC-SC Metro Area",1330894,1066573,955847,110726,83205,15995,11526,15304,10261,1421,360,3136,126,1363,16844,16740
"Charlottesville, VA Metro Area",107724,80062,70956,9106,7826,957,323,2525,2353,68,46,0,58,926,4765,16820
"Chattanooga, TN-GA Metro Area",266330,230972,207493,23479,18271,3206,2002,1403,1324,2,19,17,41,360,3948,16860
"Cheyenne, WY Metro Area",50613,45635,41063,4572,3762,492,318,65,62,0,0,3,0,181,532,16940
"Chicago-Naperville-Elgin, IL-IN-WI Metro Area",4721217,3443445,3082065,361380,268738,54629,38013,423426,164244,149964,104416,4340,462,27588,127001,16980
"Chico, CA Metro Area",91975,76390,67647,8743,6751,1104,888,622,569,0,37,6,10,1205,2841,17020
"Chillicothe, OH Micro Area",30977,29092,25245,3847,2688,873,286,141,141,0,0,0,0,0,389,17060
"Cincinnati, OH-KY-IN Metro Area",1104490,933865,848474,85391,67400,11695,6296,14973,14695,144,14,55,65,1402,20497,17140
"Clarksburg, WV Micro Area",37729,33869,31438,2431,1987,367,77,77,74,0,3,0,0,129,996,17220
"Clarksdale, MS Micro Area",7411,6616,5768,848,555,256,37,49,49,0,0,0,0,0,196,17260
"Clarksville, TN-KY Metro Area",145460,130747,117881,12866,9782,1655,1429,730,710,20,0,0,0,326,3786,17300
"Clearlake, CA Micro Area",24313,19560,16783,2777,2211,328,238,226,223,3,0,0,0,40,707,17340
"Cleveland, MS Micro Area",10635,10077,8947,1130,792,146,192,0,0,0,0,0,0,0,162,17380
"Cleveland, TN Metro Area",56774,52471,46265,6206,4743,1108,355,9,9,0,0,0,0,108,663,17420
"Cleveland-Elyria, OH Metro Area",997902,830652,758038,72614,55792,9291,7531,22125,19871,1273,269,661,51,2504,21611,17460
"Clewiston, FL Micro Area",17935,15276,12400,2876,1303,1159,414,436,436,0,0,0,0,79,643,17500
"Clinton, IA Micro Area",21251,19090,17620,1470,1329,92,49,88,88,0,0,0,0,41,421,17540
"Clovis, NM Micro Area",21564,20206,17839,2367,1771,444,152,40,40,0,0,0,0,194,415,17580
"Coamo, PR Micro Area",10383,9610,9368,242,195,47,0,10,0,0,0,10,0,0,343,17620
"Coco, PR Micro Area",7368,6775,6559,216,159,16,41,0,0,0,0,0,0,77,64,17640
"Coeur d'Alene, ID Metro Area",80056,68109,61697,6412,5168,597,647,439,439,0,0,0,0,368,1158,17660
"Coffeyville, KS Micro Area",13540,12513,11075,1438,1150,139,149,41,41,0,0,0,0,0,401,17700
"Coldwater, MI Micro Area",18889,17266,15054,2212,1581,399,232,40,32,0,8,0,0,60,344,17740
"College Station-Bryan, TX Metro Area",126690,108752,96191,12561,8711,2219,1631,1472,1464,0,8,0,0,1370,2744,17780
"Colorado Springs, CO Metro Area",380229,309441,274641,34800,25854,5821,3125,1550,1380,86,0,84,0,1500,12803,17820
"Columbia, MO Metro Area",106776,92253,82403,9850,8083,1134,633,805,762,0,33,10,0,743,4215,17860
"Columbia, SC Metro Area",397823,340950,308460,32490,25067,4701,2722,2516,2230,62,48,156,20,360,14664,17900
"Columbus, GA-AL Metro Area",139638,122320,110052,12268,8836,1806,1626,1162,1122,0,28,0,12,321,3499,17980
"Columbus, IN Metro Area",40397,34972,31025,3947,2842,821,284,171,171,0,0,0,0,113,476,18020
"Columbus, MS Micro Area",24604,22759,21290,1469,1040,255,174,0,0,0,0,0,0,38,304,18060
"Columbus, NE Micro Area",17594,15665,14133,1532,1146,89,297,10,6,0,0,0,4,37,620,18100
"Columbus, OH Metro Area",1078399,875954,801585,74369,57930,10463,5976,13675,13390,185,0,76,24,2493,21262,18140
"Concord, NH Micro Area",78773,66065,59958,6107,4571,1017,519,274,251,23,0,0,0,225,2150,18180
"Connersville, IN Micro Area",10093,9494,8476,1018,636,312,70,11,11,0,0,0,0,0,151,18220
"Cookeville, TN Micro Area",52346,48095,42870,5225,3944,937,344,16,13,0,0,3,0,0,630,18260
"Coos Bay, OR Micro Area",25253,21719,18989,2730,2228,261,241,5,5,0,0,0,0,127,683,18300
"Cordele, GA Micro Area",8315,7546,6681,865,766,24,75,0,0,0,0,0,0,69,20,18380
"Corinth, MS Micro Area",14245,13651,12530,1121,851,119,151,10,10,0,0,0,0,0,187,18420
"Cornelia, GA Micro Area",20660,18584,16059,2525,1662,423,440,0,0,0,0,0,0,0,160,18460
"Corning, NY Micro Area",41256,36207,32768,3439,2394,508,537,166,140,23,0,0,3,200,1461,18500
"Corpus Christi, TX Metro Area",188768,173303,155984,17319,12905,2548,1866,1967,1837,4,8,70,48,192,2499,18580
"Corsicana, TX Micro Area",22195,20465,18030,2435,1950,339,146,6,0,0,0,6,0,0,280,18620
"Cortland, NY Micro Area",22643,19486,16920,2566,1914,369,283,221,205,16,0,0,0,176,1051,18660
"Corvallis, OR Metro Area",45707,31636,28322,3314,2627,403,284,893,865,0,28,0,0,2416,3417,18700
"Coshocton, OH Micro Area",15264,13085,11059,2026,1325,308,393,16,16,0,0,0,0,283,283,18740
"Craig, CO Micro Area",6062,5597,4469,1128,926,126,76,35,35,0,0,0,0,15,120,18780
"Crawfordsville, IN Micro Area",17939,16132,14085,2047,1701,207,139,88,51,0,0,0,37,21,557,18820
"Crescent City, CA Micro Area",9607,8263,6926,1337,815,342,180,62,62,0,0,0,0,0,504,18860
"Crestview-Fort Walton Beach-Destin, FL Metro Area",138347,119731,105028,14703,11099,2196,1408,550,468,15,11,0,56,867,2204,18880
"Crossville, TN Micro Area",22039,19670,17585,2085,1613,264,208,53,14,39,0,0,0,26,410,18900
"Cullman, AL Micro Area",38671,37180,32947,4233,3028,737,468,20,20,0,0,0,0,0,413,18980
"Cullowhee, NC Micro Area",23778,21254,19413,1841,1353,300,188,45,45,0,0,0,0,0,718,19000
"Cumberland, MD-WV Metro Area",37668,33453,30378,3075,2360,299,416,264,260,4,0,0,0,51,1062,19060
"Dallas-Fort Worth-Arlington, TX Metro Area",3857340,3192985,2831685,361300,265824,57659,37817,35775,23508,3730,4034,4163,340,5347,47842,19100
"Dalton, GA Metro Area",64786,61283,54865,6418,5000,686,732,22,5,0,0,17,0,12,405,19140
"Danville, IL Metro Area",29995,26595,24585,2010,1746,149,115,220,220,0,0,0,0,28,544,19180
"Danville, KY Micro Area",21724,19326,17445,1881,1501,297,83,92,92,0,0,0,0,0,519,19220
"Danville, VA Micro Area",41333,37631,34265,3366,2351,442,573,493,491,2,0,0,0,24,585,19260
"Daphne-Fairhope-Foley, AL Metro Area",105865,93438,86118,7320,5831,1164,325,98,70,0,0,0,28,170,1279,19300
"Davenport-Moline-Rock Island, IA-IL Metro Area",181349,161401,148851,12550,9246,1977,1327,1504,1440,10,48,0,6,316,4145,19340
"Dayton, TN Micro Area",12560,11673,10373,1300,987,204,109,20,20,0,0,0,0,0,194,19420
"Dayton-Kettering, OH Metro Area",382331,331246,301566,29680,23427,3675,2578,5245,5169,66,10,0,0,851,8345,19430
"Decatur, AL Metro Area",67988,63669,58603,5066,4156,601,309,71,60,0,11,0,0,29,574,19460
"Decatur, IL Metro Area",44302,39911,36640,3271,2690,462,119,451,433,15,0,3,0,62,824,19500
"Decatur, IN Micro Area",15265,13863,11531,2332,815,256,1261,123,123,0,0,0,0,45,303,19540
"Defiance, OH Micro Area",18548,17228,15770,1458,1123,89,246,7,7,0,0,0,0,9,388,19580
"Del Rio, TX Micro Area",21131,19521,17057,2464,1603,531,330,88,27,0,61,0,0,109,385,19620
"Deltona-Daytona Beach-Ormond Beach, FL Metro Area",288804,243142,218108,25034,19412,4184,1438,1663,1383,32,202,0,46,1372,3072,19660
"Deming, NM Micro Area",8172,7396,6000,1396,730,120,546,15,15,0,0,0,0,8,156,19700
"Denver-Aurora-Lakewood, CO Metro Area",1615508,1208040,1087452,120588,91384,17180,12024,46320,28680,3842,2522,11021,255,12093,33688,19740
"DeRidder, LA Micro Area",14499,13673,12242,1431,1046,289,96,15,15,0,0,0,0,21,118,19760
"Des Moines-West Des Moines, IA Metro Area",371155,311191,282717,28474,21104,4573,2797,2261,2133,76,0,26,26,762,5874,19780
"Detroit-Warren-Dearborn, MI Metro Area",2020434,1705750,1548405,157345,118987,21491,16867,23353,22393,309,121,168,362,4012,26504,19820
"Dickinson, ND Micro Area",16946,15237,13681,1556,1054,118,384,128,128,0,0,0,0,7,284,19860
"Dixon, IL Micro Area",15132,13963,12747,1216,821,329,66,103,101,0,0,0,2,25,164,19940
"Dodge City, KS Micro Area",16893,16202,13737,2465,1325,972,168,0,0,0,0,0,0,26,141,19980
"Dothan, AL Metro Area",63145,59523,54528,4995,3809,839,347,45,42,3,0,0,0,60,406,20020
"Douglas, GA Micro Area",21112,19358,17904,1454,1120,238,96,18,18,0,0,0,0,0,326,20060
"Dover, DE Metro Area",82419,73276,65885,7391,4944,1178,1269,644,594,0,38,12,0,235,2035,20100
"Dublin, GA Micro Area",24375,23183,20864,2319,1687,196,436,16,16,0,0,0,0,20,139,20140
"DuBois, PA Micro Area",34235,30615,27267,3348,2686,393,269,62,62,0,0,0,0,55,843,20180
"Dubuque, IA Metro Area",50680,43755,40535,3220,2443,496,281,399,378,21,0,0,0,100,1197,20220
"Duluth, MN-WI Metro Area",138253,118279,106950,11329,8298,1639,1392,1795,1753,29,0,7,6,759,5120,20260
"Dumas, TX Micro Area",9653,8974,8141,833,625,111,97,23,1,0,0,0,22,27,358,20300
"Duncan, OK Micro Area",17283,16108,14183,1925,1460,278,187,0,0,0,0,0,0,56,217,20340
"Durango, CO Micro Area",28762,21912,19473,2439,1755,375,309,187,173,0,14,0,0,692,1176,20420
"Durant, OK Micro Area",19983,18257,16287,1970,1350,419,201,0,0,0,0,0,0,66,381,20460
"Durham-Chapel Hill, NC Metro Area",317815,241160,217432,23728,17235,3881,2612,7438,7314,29,10,57,28,1905,7528,20500
"Dyersburg, TN Micro Area",15817,14917,13757,1160,959,79,122,0,0,0,0,0,0,10,74,20540
"Eagle Pass, TX Micro Area",22296,20465,17708,2757,2047,507,203,36,36,0,0,0,0,81,322,20580
"Easton, MD Micro Area",16883,13542,12228,1314,979,179,156,117,84,0,0,19,14,177,479,20660
"East Stroudsburg, PA Metro Area",77614,65747,57215,8532,6950,1004,578,2707,2494,195,9,9,0,0,1134,20700
"Eau Claire, WI Metro Area",89292,76354,69866,6488,5201,745,542,565,537,2,2,7,17,568,2251,20740
"Edwards, CO Micro Area",31408,24483,21600,2883,2179,196,508,1175,1175,0,0,0,0,243,1212,20780
"Effingham, IL Micro Area",17381,14895,13877,1018,677,205,136,70,70,0,0,0,0,14,432,20820
"El Campo, TX Micro Area",17908,16570,14894,1676,1241,172,263,20,20,0,0,0,0,36,386,20900
"El Centro, CA Metro Area",59335,52392,47220,5172,3381,860,931,417,417,0,0,0,0,149,1755,20940
"El Dorado, AR Micro Area",15967,14748,13672,1076,767,141,168,29,29,0,0,0,0,0,282,20980
"Elizabeth City, NC Micro Area",23406,20833,18324,2509,1750,433,326,19,19,0,0,0,0,4,571,21020
"Elizabethtown-Fort Knox, KY Metro Area",70030,62911,56320,6591,5448,657,486,212,194,0,10,0,8,149,1471,21060
"Elk City, OK Micro Area",8281,7237,6283,954,853,18,83,277,277,0,0,0,0,0,333,21120
"Elkhart-Goshen, IN Metro Area",97136,88104,72667,15437,11814,2096,1527,206,167,0,0,0,39,1295,1952,21140
"Elkins, WV Micro Area",10436,9151,8483,668,629,21,18,26,26,0,0,0,0,18,310,21180
"Elko, NV Micro Area",26485,21482,17375,4107,1676,884,1547,2515,2431,0,84,0,0,34,845,21220
"Ellensburg, WA Micro Area",21580,17145,15789,1356,837,319,200,173,144,0,0,0,29,178,1257,21260
"Elmira, NY Metro Area",35625,31504,28788,2716,2092,513,111,444,399,45,0,0,0,97,874,21300
"El Paso, TX Metro Area",378612,336408,295078,41330,28939,7702,4689,3532,3356,29,131,16,0,465,5343,21340
"Emporia, KS Micro Area",17383,15590,13549,2041,1808,135,98,35,35,0,0,0,0,76,704,21380
"Enid, OK Metro Area",28409,26319,22210,4109,3206,393,510,72,71,0,0,0,1,119,366,21420
"Enterprise, AL Micro Area",22669,21455,19406,2049,1471,263,315,10,4,0,0,0,6,77,123,21460
"Erie, PA Metro Area",122518,106091,94171,11920,9084,2013,823,1720,1720,0,0,0,0,431,3849,21500
"Escanaba, MI Micro Area",14790,13306,11899,1407,968,236,203,94,94,0,0,0,0,89,384,21540
"Española, NM Micro Area",15331,13413,12116,1297,959,137,201,105,105,0,0,0,0,0,380,21580
"Eufaula, AL-GA Micro Area",8866,8226,7311,915,695,125,95,11,11,0,0,0,0,11,204,21640
"Eugene-Springfield, OR Metro Area",178879,137994,121422,16572,13049,2417,1106,3710,3645,0,16,30,19,5386,7545,21660
"Eureka-Arcata, CA Micro Area",58327,46838,40486,6352,5115,691,546,714,691,23,0,0,0,476,3106,21700
"Evanston, WY Micro Area",9468,8588,7545,1043,746,168,129,124,124,0,0,0,0,10,248,21740
"Evansville, IN-KY Metro Area",150365,135964,124080,11884,8872,1852,1160,920,895,0,0,24,1,404,3352,21780
"Fairbanks, AK Metro Area",48184,41277,34862,6415,5064,826,525,467,452,0,15,0,0,370,2404,21820
"Fairfield, IA Micro Area",7486,5704,5087,617,531,67,19,40,40,0,0,0,0,52,454,21840
"Fairmont, MN Micro Area",9657,8454,7876,578,408,91,79,20,20,0,0,0,0,15,319,21860
"Fairmont, WV Micro Area",24828,21892,19448,2444,2103,180,161,102,96,6,0,0,0,2,740,21900
"Fallon, NV Micro Area",11611,10256,9437,819,620,177,22,108,93,0,0,0,15,120,448,21980
"Fargo, ND-MN Metro Area",141468,122923,112498,10425,7210,2105,1110,1140,1027,36,37,0,40,512,3825,22020
"Faribault-Northfield, MN Micro Area",32398,25532,22764,2768,1851,664,253,129,129,0,0,0,0,146,1755,22060
"Farmington, MO Micro Area",26358,24183,21096,3087,2359,540,188,52,52,0,0,0,0,0,307,22100
"Farmington, NM Metro Area",44516,40888,37136,3752,2674,694,384,93,93,0,0,0,0,61,1130,22140
"Fayetteville, NC Metro Area",233135,208114,185195,22919,17694,3275,1950,904,854,31,0,9,10,174,7906,22180
"Fayetteville-Springdale-Rogers, AR Metro Area",268013,230732,205246,25486,18284,4234,2968,894,739,53,0,0,102,931,3823,22220
"Fergus Falls, MN Micro Area",27776,23278,20858,2420,1759,415,246,261,254,0,0,4,3,124,949,22260
"Fernley, NV Micro Area",25834,23151,20132,3019,2336,416,267,266,252,0,0,12,2,29,386,22280
"Findlay, OH Micro Area",36806,33105,30393,2712,2030,337,345,107,107,0,0,0,0,102,665,22300
"Fitzgerald, GA Micro Area",7099,6776,5980,796,666,86,44,56,56,0,0,0,0,0,16,22340
"Flagstaff, AZ Metro Area",66342,52052,44749,7303,5579,981,743,1241,1119,0,56,0,66,1058,4967,22380
"Flint, MI Metro Area",170085,152262,136782,15480,12802,1517,1161,2110,2097,0,0,0,13,142,1697,22420
"Florence, SC Metro Area",85563,77568,70190,7378,5572,1152,654,118,115,0,3,0,0,113,843,22500
"Florence-Muscle Shoals, AL Metro Area",68153,63331,57227,6104,5141,598,365,31,30,0,0,0,1,30,717,22520
"Fond du Lac, WI Metro Area",52489,46306,42129,4177,2891,1000,286,115,104,5,2,0,4,250,1450,22540
"Forest City, NC Micro Area",26021,23762,20656,3106,2381,373,352,17,17,0,0,0,0,26,316,22580
"Forrest City, AR Micro Area",7810,7335,6648,687,549,115,23,12,12,0,0,0,0,0,172,22620
"Fort Collins, CO Metro Area",189742,142573,131006,11567,8748,2016,803,1916,1882,0,0,0,34,4743,5684,22660
"Fort Dodge, IA Micro Area",17470,15770,14486,1284,856,283,145,42,13,0,0,0,29,38,604,22700
"Fort Leonard Wood, MO Micro Area",26813,19057,17196,1861,1621,158,82,63,63,0,0,0,0,61,6204,22780
"Fort Madison-Keokuk, IA-IL-MO Micro Area",25811,23138,21373,1765,1350,276,139,130,130,0,0,0,0,127,599,22800
"Fort Morgan, CO Micro Area",13360,11897,10198,1699,1360,261,78,0,0,0,0,0,0,13,389,22820
"Fort Payne, AL Micro Area",30290,28581,24878,3703,2766,465,472,31,31,0,0,0,0,8,379,22840
"Fort Polk South, LA Micro Area",20966,18742,16980,1762,1298,202,262,38,16,0,0,0,22,23,763,22860
"Fort Smith, AR-OK Metro Area",103049,95104,85861,9243,6879,1518,846,216,149,0,0,0,67,89,1202,22900
"Fort Wayne, IN Metro Area",203404,181992,164522,17470,12455,2886,2129,1544,1476,0,0,0,68,612,2829,23060
"Frankfort, IN Micro Area",15322,13942,12457,1485,1172,202,111,0,0,0,0,0,0,43,222,23140
"Frankfort, KY Micro Area",35154,30364,27136,3228,2403,478,347,289,289,0,0,0,0,0,525,23180
"Fredericksburg, TX Micro Area",12087,10454,8970,1484,1084,245,155,49,24,0,0,25,0,0,405,23240
"Freeport, IL Micro Area",20106,17195,15487,1708,1456,204,48,158,146,12,0,0,0,90,577,23300
"Fremont, NE Micro Area",17862,16512,14974,1538,1215,197,126,3,0,0,0,0,3,172,295,23340
"Fremont, OH Micro Area",27071,25524,23435,2089,1648,226,215,65,65,0,0,0,0,80,286,23380
"Fresno, CA Metro Area",411511,360440,312282,48158,30930,8486,8742,3531,3371,87,9,30,34,1848,6174,23420
"Gadsden, AL Metro Area",43715,41626,38498,3128,2447,310,371,50,6,0,0,3,41,0,388,23460
"Gaffney, SC Micro Area",23919,22265,20056,2209,1860,178,171,11,11,0,0,0,0,0,170,23500
"Gainesville, FL Metro Area",154744,126778,112048,14730,12048,1266,1416,3860,3844,2,0,0,14,2569,3526,23540
"Gainesville, GA Metro Area",97489,85579,72989,12590,8134,2156,2300,621,554,67,0,0,0,20,1007,23580
"Gainesville, TX Micro Area",19886,17817,15621,2196,1799,160,237,74,12,15,0,0,47,57,303,23620
"Galesburg, IL Micro Area",20421,18508,16425,2083,1566,400,117,108,107,0,0,0,1,26,627,23660
"Gallup, NM Micro Area",23701,20172,18219,1953,1562,300,91,343,286,0,57,0,0,21,639,23700
"Garden City, KS Micro Area",20041,18919,16170,2749,1886,368,495,63,63,0,0,0,0,19,173,23780
"Gardnerville Ranchos, NV Micro Area",21142,17745,15655,2090,1775,196,119,30,30,0,0,0,0,145,444,23820
"Georgetown, SC Micro Area",25553,22189,19521,2668,2039,393,236,148,148,0,0,0,0,14,468,23860
"Gettysburg, PA Metro Area",50568,43881,39984,3897,2628,985,284,113,76,0,37,0,0,198,1764,23900
"Gillette, WY Micro Area",30237,27245,23452,3793,2802,622,369,452,452,0,0,0,0,110,533,23940
"Glasgow, KY Micro Area",22543,20444,17805,2639,2270,118,251,64,58,6,0,0,0,0,309,23980
"Glens Falls, NY Metro Area",59342,52120,47283,4837,3963,549,325,337,275,32,21,0,9,162,1613,24020
"Glenwood Springs, CO Micro Area",43546,32557,26906,5651,4107,1002,542,2398,2381,15,0,0,2,1526,1969,24060
"Gloversville, NY Micro Area",23844,21615,19582,2033,1782,233,18,116,116,0,0,0,0,44,498,24100
"Goldsboro, NC Metro Area",52846,49782,43212,6570,4828,1149,593,231,231,0,0,0,0,77,453,24140
"Granbury, TX Micro Area",26263,23134,21054,2080,1652,165,263,0,0,0,0,0,0,0,279,24180
"Grand Forks, ND-MN Metro Area",54780,48134,43722,4412,3071,792,549,657,623,17,0,0,17,194,2407,24220
"Grand Island, NE Metro Area",37624,35130,31294,3836,2737,773,326,146,146,0,0,0,0,45,582,24260
"Grand Junction, CO Metro Area",72651,59453,53931,5522,4218,726,578,542,478,24,0,0,40,991,1412,24300
"Grand Rapids, MN Micro Area",18780,16390,14308,2082,1517,385,180,184,184,0,0,0,0,75,344,24330
"Grand Rapids-Kentwood, MI Metro Area",545270,468714,423550,45164,34474,6599,4091,6445,6257,93,47,10,38,1989,12009,24340
"Grants, NM Micro Area",8842,7676,6761,915,679,187,49,84,84,0,0,0,0,0,161,24380
"Grants Pass, OR Metro Area",32841,27795,24295,3500,2882,376,242,122,108,0,14,0,0,214,711,24420
"Great Bend, KS Micro Area",12256,10855,10035,820,399,113,308,0,0,0,0,0,0,12,404,24460
"Great Falls, MT Metro Area",40313,35995,32129,3866,2708,392,766,374,367,0,7,0,0,219,826,24500
"Greeley, CO Metro Area",166155,141863,124983,16880,11455,3243,2182,631,626,0,2,3,0,334,2852,24540
"Green Bay, WI Metro Area",168896,148399,135114,13285,10026,2080,1179,810,807,0,0,0,3,248,2931,24580
"Greeneville, TN Micro Area",28512,26347,24158,2189,1705,353,131,22,11,0,11,0,0,16,294,24620
"Greensboro-High Point, NC Metro Area",362024,314918,281970,32948,24981,4984,2983,3706,3587,76,27,0,16,514,5679,24660
"Greensburg, IN Micro Area",13135,11696,10610,1086,939,125,22,7,7,0,0,0,0,0,368,24700
"Greenville, MS Micro Area",16403,15343,13972,1371,1097,174,100,107,107,0,0,0,0,13,344,24740
"Greenville, NC Metro Area",80221,69862,62584,7278,5960,776,542,607,607,0,0,0,0,60,1721,24780
"Greenville, OH Micro Area",24358,22173,19672,2501,2021,347,133,49,49,0,0,0,0,17,464,24820
"Greenville-Anderson, SC Metro Area",435936,381611,344541,37070,28292,5572,3206,1648,1485,37,38,0,88,766,6275,24860
"Greenwood, MS Micro Area",13765,13018,11649,1369,1019,289,61,0,0,0,0,0,0,0,144,24900
"Greenwood, SC Micro Area",28878,27466,24762,2704,2097,216,391,64,64,0,0,0,0,7,337,24940
"Grenada, MS Micro Area",8902,8600,8000,600,518,82,0,0,0,0,0,0,0,0,33,24980
"Guayama, PR Metro Area",16879,15866,14365,1501,978,368,155,114,78,0,0,36,0,0,450,25020
"Gulfport-Biloxi, MS Metro Area",180061,163913,148143,15770,12428,1953,1389,262,185,22,5,0,50,193,3516,25060
"Guymon, OK Micro Area",10085,9349,7998,1351,1177,52,122,74,73,1,0,0,0,3,236,25100
"Hagerstown-Martinsburg, MD-WV Metro Area",138856,121691,109154,12537,10075,1657,805,1248,964,41,221,0,22,259,1704,25180
"Hailey, ID Micro Area",13733,10739,9724,1015,773,174,68,161,161,0,0,0,0,391,323,25200
"Hammond, LA Metro Area",56297,51694,46396,5298,4353,478,467,158,69,89,0,0,0,8,709,25220
"Hanford-Corcoran, CA Metro Area",56893,52353,44555,7798,4643,1670,1485,234,142,41,34,0,17,234,828,25260
"Hannibal, MO Micro Area",17653,15761,14097,1664,1150,414,100,18,18,0,0,0,0,0,537,25300
"Harrisburg-Carlisle, PA Metro Area",292938,239625,218465,21160,16250,2862,2048,2724,2408,210,63,43,0,913,9441,25420
"Harrison, AR Micro Area",18635,16383,14808,1575,1181,266,128,4,4,0,0,0,0,11,369,25460
"Harrisonburg, VA Metro Area",64921,56103,49307,6796,4957,819,1020,431,414,10,0,7,0,529,2793,25500
"Hartford-East Hartford-Middletown, CT Metro Area",612625,498980,456381,42599,34220,4992,3387,14156,12928,343,453,23,409,1043,12821,25540
"Hastings, NE Micro Area",15172,13828,12670,1158,652,263,243,3,3,0,0,0,0,18,455,25580
"Hattiesburg, MS Metro Area",76354,69812,63558,6254,4802,907,545,357,339,3,0,0,15,129,904,25620
"Hays, KS Micro Area",16473,14304,12975,1329,831,398,100,3,3,0,0,0,0,10,1048,25700
"Heber, UT Micro Area",39644,30302,26849,3453,2599,451,403,588,546,0,2,0,40,99,604,25720
"Helena, MT Micro Area",41377,33801,29084,4717,3392,811,514,142,142,0,0,0,0,342,1764,25740
"Helena-West Helena, AR Micro Area",5529,5074,4409,665,452,112,101,21,21,0,0,0,0,3,131,25760
"Henderson, NC Micro Area",17668,15751,14141,1610,1131,391,88,3,3,0,0,0,0,0,240,25780
"Hereford, TX Micro Area",8286,7658,6423,1235,624,341,270,57,57,0,0,0,0,0,42,25820
"Hermiston-Pendleton, OR Micro Area",38210,34564,30640,3924,2766,673,485,225,225,0,0,0,0,124,999,25840
"Hickory-Lenoir-Morganton, NC Metro Area",164225,151048,135851,15197,12189,1950,1058,277,158,119,0,0,0,120,1330,25860
"Hillsdale, MI Micro Area",19694,16800,15168,1632,1217,339,76,81,81,0,0,0,0,95,831,25880
"Hilo, HI Micro Area",87270,74042,60292,13750,9730,1947,2073,700,695,0,5,0,0,238,1757,25900
"Hilton Head Island-Bluffton, SC Metro Area",96625,83076,73753,9323,6864,1299,1160,679,445,26,0,0,208,354,1758,25940
"Hinesville, GA Metro Area",37072,33524,29441,4083,3342,667,74,93,26,0,14,0,53,128,694,25980
"Hobbs, NM Micro Area",30122,28441,23631,4810,2496,744,1570,40,40,0,0,0,0,10,373,26020
"Holland, MI Micro Area",56188,50130,45721,4409,3695,487,227,158,46,89,3,0,20,99,910,26090
"Homosassa Springs, FL Metro Area",48459,41719,37586,4133,3113,726,294,59,46,13,0,0,0,107,372,26140
"Hood River, OR Micro Area",12605,9324,7723,1601,1020,296,285,88,88,0,0,0,0,152,922,26220
"Hope, AR Micro Area",10743,10441,9144,1297,973,99,225,87,87,0,0,0,0,1,61,26260
"Hot Springs, AR Metro Area",41090,37381,32891,4490,3715,451,324,137,137,0,0,0,0,1,654,26300
"Houghton, MI Micro Area",17149,12966,11252,1714,1360,242,112,373,369,0,0,0,4,219,1775,26340
"Houma-Thibodaux, LA Metro Area",87328,80071,70587,9484,7579,1170,735,459,459,0,0,0,0,7,1313,26380
"Houston-The Woodlands-Sugar Land, TX Metro Area",3359720,2850532,2533324,317208,229979,51644,35585,56669,52084,1003,810,2454,318,8635,38050,26420
"Hudson, NY Micro Area",29002,22189,20126,2063,1452,258,353,764,75,446,240,3,0,129,1229,26460
"Huntingdon, PA Micro Area",18037,15693,13975,1718,1222,257,239,21,17,0,4,0,0,0,979,26500
"Huntington, IN Micro Area",17611,15984,14613,1371,1234,72,65,4,4,0,0,0,0,37,363,26540
"Huntington-Ashland, WV-KY-OH Metro Area",143612,130532,117952,12580,9532,1554,1494,607,553,41,0,0,13,189,3210,26580
"Huntsville, AL Metro Area",238408,207913,192906,15007,10951,2585,1471,440,440,0,0,0,0,91,1716,26620
"Huntsville, TX Micro Area",28340,24848,22947,1901,1709,117,75,197,197,0,0,0,0,17,933,26660
"Huron, SD Micro Area",10147,8792,7634,1158,768,140,250,0,0,0,0,0,0,0,457,26700
"Hutchinson, KS Micro Area",28709,25998,23596,2402,1597,356,449,66,33,0,0,0,33,255,282,26740
"Hutchinson, MN Micro Area",18781,16668,15356,1312,982,200,130,103,87,0,0,16,0,133,390,26780
"Idaho Falls, ID Metro Area",70228,60382,53414,6968,5058,1201,709,1568,1542,0,22,4,0,276,1116,26820
"Indiana, PA Micro Area",35567,30257,27354,2903,2102,329,472,86,86,0,0,0,0,99,2255,26860
"Indianapolis-Carmel-Anderson, IN Metro Area",1047681,890495,803210,87285,68549,11870,6866,7411,7195,22,0,6,188,2534,14495,26900
"Indianola, MS Micro Area",8599,8025,7271,754,679,55,20,45,45,0,0,0,0,0,117,26940
"Iowa City, IA Metro Area",94047,71540,63947,7593,5704,789,1100,3474,3449,0,3,0,22,1522,6680,26980
"Iron Mountain, MI-WI Micro Area",13652,12009,11016,993,682,174,137,44,41,3,0,0,0,21,305,27020
"Ithaca, NY Metro Area",48267,30895,26214,4681,3636,878,167,2921,2778,91,13,15,24,504,5714,27060
"Jackson, MI Metro Area",68511,60730,55468,5262,4399,568,295,236,216,0,0,0,20,109,1371,27100
"Jackson, MS Metro Area",260986,239386,213004,26382,20154,4063,2165,874,533,0,341,0,0,247,2805,27140
"Jackson, OH Micro Area",13433,12054,11148,906,676,100,130,38,38,0,0,0,0,0,554,27160
"Jackson, TN Metro Area",78595,70462,62855,7607,6134,951,522,240,240,0,0,0,0,56,1091,27180
"Jackson, WY-ID Micro Area",21248,14923,13248,1675,1357,216,102,719,719,0,0,0,0,570,1819,27220
"Jacksonville, FL Metro Area",773924,640634,576457,64177,50183,9056,4938,6508,6301,30,88,36,53,3065,9596,27260
"Jacksonville, IL Micro Area",16360,14566,13571,995,807,160,28,127,113,0,14,0,0,46,242,27300
"Jacksonville, NC Metro Area",104468,85970,72588,13382,8730,2817,1835,118,108,0,0,0,10,157,7368,27340
"Jacksonville, TX Micro Area",19699,17489,14776,2713,2172,405,136,71,71,0,0,0,0,29,193,27380
"Jamestown, ND Micro Area",10640,9495,8576,919,552,260,107,1,1,0,0,0,0,2,444,27420
"Jamestown-Dunkirk-Fredonia, NY Micro Area",53861,47316,41823,5493,4314,668,511,246,207,24,0,0,15,270,1918,27460
"Janesville-Beloit, WI Metro Area",80958,72865,65796,7069,5708,806,555,409,401,0,8,0,0,165,1272,27500
"Jasper, AL Micro Area",25402,23824,21317,2507,1839,634,34,33,33,0,0,0,0,16,152,27530
"Jasper, IN Micro Area",28008,26287,24234,2053,1454,167,432,29,29,0,0,0,0,29,412,27540
"Jayuya, PR Micro Area",3540,3369,3140,229,225,0,4,12,12,0,0,0,0,0,72,27580
"Jefferson, GA Micro Area",36440,31345,28464,2881,2340,394,147,190,173,17,0,0,0,23,169,27600
"Jefferson City, MO Metro Area",71498,64485,57920,6565,4802,1086,677,398,322,0,60,8,8,100,1264,27620
"Jennings, LA Micro Area",12900,12162,10937,1225,926,175,124,31,31,0,0,0,0,21,127,27660
"Jesup, GA Micro Area",10946,10216,8439,1777,1112,368,297,103,103,0,0,0,0,16,23,27700
"Johnson City, TN Metro Area",92286,82610,76539,6071,4583,966,522,249,220,0,26,0,3,35,1384,27740
"Johnstown, PA Metro Area",56653,49274,44893,4381,3557,388,436,553,553,0,0,0,0,64,1549,27780
"Jonesboro, AR Metro Area",59315,55472,49672,5800,4299,777,724,70,70,0,0,0,0,24,896,27860
"Joplin, MO Metro Area",82568,74331,65950,8381,6717,1144,520,154,112,0,0,42,0,125,1140,27900
"Juneau, AK Micro Area",16370,12898,10960,1938,1560,307,71,439,386,0,0,0,53,100,875,27940
"Kahului-Wailuku-Lahaina, HI Metro Area",79955,67555,57110,10445,7234,2136,1075,1292,1083,56,0,16,137,529,2203,27980
"Kalamazoo-Portage, MI Metro Area",129059,110339,101896,8443,6413,1107,923,1758,1739,19,0,0,0,425,3650,28020
"Kalispell, MT Micro Area",51262,41834,38390,3444,2522,423,499,53,53,0,0,0,0,295,1402,28060
"Kankakee, IL Metro Area",49040,43272,39426,3846,2951,528,367,470,302,55,113,0,0,104,1283,28100
"Kansas City, MO-KS Metro Area",1107985,931357,852653,78704,60985,11121,6598,8004,7444,112,89,152,207,1353,11939,28140
"Kapaa, HI Micro Area",34033,29425,25085,4340,3039,505,796,385,383,0,2,0,0,96,913,28180
"Kearney, NE Micro Area",30657,28310,25360,2950,1994,389,567,51,48,0,0,0,3,88,585,28260
"Keene, NH Micro Area",38344,32551,29595,2956,2221,308,427,43,10,21,11,0,1,167,895,28300
"Kendallville, IN Micro Area",22483,20569,17392,3177,2063,694,420,59,59,0,0,0,0,74,329,28340
"Kennett, MO Micro Area",10860,10087,8546,1541,990,401,150,14,14,0,0,0,0,70,182,28380
"Kennewick-Richland, WA Metro Area",134863,119347,103580,15767,10355,2254,3158,958,956,2,0,0,0,203,1429,28420
"Kerrville, TX Micro Area",22844,19746,16907,2839,2165,354,320,28,28,0,0,0,0,198,559,28500
"Ketchikan, AK Micro Area",7018,5792,4654,1138,926,155,57,234,112,0,0,8,114,7,500,28540
"Key West, FL Micro Area",42929,32258,29031,3227,2862,253,112,153,117,0,18,0,18,2333,1788,28580
"Kill Devil Hills, NC Micro Area",18731,15799,14264,1535,1193,189,153,5,5,0,0,0,0,171,314,28620
"Killeen-Temple, TX Metro Area",211120,184823,162318,22505,16687,3396,2422,619,555,26,38,0,0,192,6444,28660
"Kingsport-Bristol, TN-VA Metro Area",127819,114559,106314,8245,6778,957,510,158,117,0,0,41,0,69,1814,28700
"Kingston, NY Metro Area",83839,65680,59994,5686,5045,360,281,1918,839,607,467,0,5,345,2630,28740
"Kingsville, TX Micro Area",13132,11559,10032,1527,1391,57,79,0,0,0,0,0,0,114,522,28780
"Kinston, NC Micro Area",22131,21025,18384,2641,1981,333,327,193,155,0,0,0,38,17,165,28820
"Kirksville, MO Micro Area",11626,10288,9012,1276,857,176,243,32,32,0,0,0,0,4,448,28860
"Klamath Falls, OR Micro Area",26823,23897,21691,2206,1817,323,66,50,41,0,0,0,9,129,692,28900
"Knoxville, TN Metro Area",413355,360989,331067,29922,23516,3714,2692,1784,1565,0,86,1,132,371,5202,28940
"Kokomo, IN Metro Area",36245,33287,29524,3763,2852,713,198,61,2,0,0,59,0,111,412,29020
"Laconia, NH Micro Area",32144,27770,24903,2867,2160,544,163,76,53,0,0,0,23,65,768,29060
"La Crosse-Onalaska, WI-MN Metro Area",72577,61480,56190,5290,4080,939,271,529,475,0,0,0,54,645,2792,29100
"Lafayette, LA Metro Area",211605,189806,176567,13239,9717,2024,1498,768,473,4,44,0,247,466,3899,29180
"Lafayette-West Lafayette, IN Metro Area",106343,89039,81080,7959,6378,672,909,2351,2335,0,10,0,6,892,5278,29200
"La Grande, OR Micro Area",11304,9556,8432,1124,864,125,135,19,7,12,0,0,0,104,624,29260
"LaGrange, GA-AL Micro Area",45176,41854,37792,4062,3208,537,317,91,82,0,8,1,0,35,562,29300
"Lake Charles, LA Metro Area",93410,86138,76993,9145,6388,1996,761,144,144,0,0,0,0,192,1793,29340
"Lake City, FL Micro Area",26940,24529,20910,3619,2970,317,332,10,10,0,0,0,0,16,161,29380
"Lake Havasu City-Kingman, AZ Metro Area",74493,66062,57593,8469,6410,1190,869,412,331,0,19,5,57,175,888,29420
"Lakeland-Winter Haven, FL Metro Area",315558,278300,250722,27578,20846,3864,2868,930,684,65,127,39,15,1059,2724,29460
"Lamesa, TX Micro Area",4205,3888,3175,713,341,199,173,0,0,0,0,0,0,0,65,29500
"Lancaster, PA Metro Area",274411,232301,203373,28928,19064,4523,5341,2222,1655,32,535,0,0,2059,9586,29540
"Lansing-East Lansing, MI Metro Area",260964,213871,192116,21755,16291,2991,2473,4284,4257,7,16,3,1,1652,7815,29620
"Laramie, WY Micro Area",20511,15714,14100,1614,1003,429,182,257,257,0,0,0,0,796,1970,29660
"Laredo, TX Metro Area",110657,100065,87526,12539,8407,2560,1572,1184,1125,8,51,0,0,90,1752,29700
"Las Cruces, NM Metro Area",91502,80564,70436,10128,6762,2004,1362,263,263,0,0,0,0,586,2057,29740
"Las Vegas, NM Micro Area",11932,9859,8734,1125,886,91,148,12,12,0,0,0,0,29,512,29780
"Las Vegas-Henderson-Paradise, NV Metro Area",1040510,877557,771776,105781,79807,15974,10000,26014,25601,110,62,56,185,2280,12995,29820
"Laurel, MS Micro Area",34065,32399,29269,3130,2345,516,269,155,155,0,0,0,0,0,443,29860
"Laurinburg, NC Micro Area",12134,11250,9827,1423,1201,150,72,40,22,0,0,0,18,13,171,29900
"Lawrence, KS Metro Area",65718,51825,46329,5496,4370,710,416,1671,1629,42,0,0,0,676,3219,29940
"Lawrenceburg, TN Micro Area",18192,16763,15416,1347,1131,149,67,20,20,0,0,0,0,0,202,29980
"Lawton, OK Metro Area",56268,48084,42740,5344,4126,819,399,360,360,0,0,0,0,98,788,30020
"Lebanon, MO Micro Area",15409,14077,12337,1740,1470,154,116,28,11,0,0,0,17,0,300,30060
"Lebanon, NH-VT Micro Area",109582,90050,79725,10325,8287,1160,878,661,607,24,23,0,7,276,4163,30100
"Lebanon, PA Metro Area",68005,59114,52785,6329,4731,951,647,434,425,0,9,0,0,119,1847,30140
"Levelland, TX Micro Area",9554,8933,7505,1428,899,291,238,26,26,0,0,0,0,8,179,30220
"Lewisburg, PA Micro Area",16432,13525,12153,1372,994,195,183,44,33,11,0,0,0,268,1395,30260
"Lewisburg, TN Micro Area",15692,14022,12898,1124,847,56,221,15,15,0,0,0,0,0,60,30280
"Lewiston, ID-WA Metro Area",28881,25550,23438,2112,1650,264,198,57,56,1,0,0,0,66,865,30300
"Lewiston-Auburn, ME Metro Area",54700,46240,40356,5884,4852,662,370,188,188,0,0,0,0,81,1740,30340
"Lewistown, PA Micro Area",21056,19336,16951,2385,1403,288,694,43,10,0,33,0,0,24,319,30380
"Lexington, NE Micro Area",13178,12386,10161,2225,1173,589,463,57,53,4,0,0,0,29,217,30420
"Lexington-Fayette, KY Metro Area",257889,221050,199285,21765,17571,2713,1481,2567,2523,7,0,0,37,960,7012,30460
"Liberal, KS Micro Area",10455,9716,7913,1803,1037,549,217,5,5,0,0,0,0,3,210,30580
"Lima, OH Metro Area",45300,41699,37733,3966,3057,512,397,252,245,7,0,0,0,87,595,30620
"Lincoln, IL Micro Area",12076,10736,9608,1128,823,119,186,39,39,0,0,0,0,36,392,30660
"Lincoln, NE Metro Area",182400,156555,140758,15797,12264,2541,992,1425,1392,0,19,14,0,1462,5641,30700
"Little Rock-North Little Rock-Conway, AR Metro Area",349028,312970,282415,30555,23611,4022,2922,1444,1375,56,0,13,0,356,3747,30780
"Lock Haven, PA Micro Area",17268,15090,13183,1907,1180,390,337,61,57,0,0,4,0,19,652,30820
"Logan, UT-ID Metro Area",72725,59335,52421,6914,5031,968,915,1440,1410,6,6,13,5,903,2668,30860
"Logansport, IN Micro Area",17896,16984,14797,2187,1782,295,110,72,72,0,0,0,0,46,193,30900
"London, KY Micro Area",53594,48840,42123,6717,5206,1035,476,58,58,0,0,0,0,9,706,30940
"Longview, TX Metro Area",124450,115524,103793,11731,8103,2297,1331,157,157,0,0,0,0,135,1567,30980
"Longview, WA Metro Area",45906,41040,37511,3529,2378,822,329,166,166,0,0,0,0,153,712,31020
"Los Alamos, NM Micro Area",10197,8339,7665,674,579,66,29,170,157,0,0,0,13,205,204,31060
"Los Angeles-Long Beach-Anaheim, CA Metro Area",6300998,4917955,4336370,581585,428008,90176,63401,239395,198976,22198,10816,5341,2064,36993,143302,31080
"Louisville/Jefferson County, KY-IN Metro Area",628139,537519,486095,51424,41472,6479,3473,8158,8015,50,17,65,11,1217,8960,31140
"Lubbock, TX Metro Area",156152,141062,123060,18002,13170,2837,1995,980,920,0,0,16,44,479,3302,31180
"Ludington, MI Micro Area",12200,10981,9518,1463,1175,157,131,15,15,0,0,0,0,8,190,31220
"Lufkin, TX Micro Area",36669,34024,29535,4489,3113,870,506,34,34,0,0,0,0,57,445,31260
"Lumberton, NC Micro Area",43118,40597,36775,3822,2524,632,666,192,186,0,0,6,0,18,413,31300
"Lynchburg, VA Metro Area",120391,104349,95179,9170,7269,1358,543,919,906,0,13,0,0,23,2947,31340
"Macomb, IL Micro Area",12596,10876,9734,1142,943,113,86,125,125,0,0,0,0,82,707,31380
"Macon-Bibb County, GA Metro Area",96751,87085,79336,7749,5782,1152,815,759,749,0,10,0,0,133,1567,31420
"Madera, CA Metro Area",57706,49584,42305,7279,4905,1074,1300,129,69,16,0,0,44,68,877,31460
"Madison, IN Micro Area",14833,13615,12297,1318,1093,122,103,0,0,0,0,0,0,10,297,31500
"Madison, WI Metro Area",376949,283052,260357,22695,17653,3453,1589,10986,10830,15,92,18,31,6355,18708,31540
"Madisonville, KY Micro Area",17727,16913,15936,977,692,90,195,1,1,0,0,0,0,6,130,31580
"Magnolia, AR Micro Area",9137,8374,7772,602,519,65,18,50,50,0,0,0,0,25,358,31620
"Malone, NY Micro Area",18873,16307,14169,2138,1511,501,126,255,249,4,0,0,2,57,790,31660
"Malvern, AR Micro Area",12758,11966,10373,1593,1437,108,48,31,31,0,0,0,0,2,281,31680
"Manchester-Nashua, NH Metro Area",231932,191372,174743,16629,12707,2004,1918,1548,1139,92,181,87,49,418,4241,31700
"Manhattan, KS Metro Area",71241,57667,50440,7227,5632,867,728,204,204,0,0,0,0,541,5978,31740
"Manitowoc, WI Micro Area",40326,35701,32757,2944,2048,454,442,206,183,0,18,0,5,163,1265,31820
"Mankato, MN Metro Area",55981,46927,42392,4535,3273,620,642,673,627,44,2,0,0,182,1975,31860
"Mansfield, OH Metro Area",53293,49374,44553,4821,3650,636,535,239,216,13,0,0,10,149,666,31900
"Marietta, OH Micro Area",26577,23721,21599,2122,1773,191,158,204,196,0,0,0,8,99,735,31930
"Marinette, WI-MI Micro Area",29296,26200,23693,2507,1993,288,226,48,41,0,0,3,4,100,948,31940
"Marion, IN Micro Area",28661,24194,21511,2683,2211,241,231,79,63,16,0,0,0,110,1897,31980
"Marion, NC Micro Area",18297,17234,15343,1891,1640,203,48,6,6,0,0,0,0,0,223,32000
"Marion, OH Micro Area",26661,24612,21845,2767,2192,408,167,159,159,0,0,0,0,0,295,32020
"Marquette, MI Micro Area",30498,26323,23622,2701,2032,520,149,117,117,0,0,0,0,306,1789,32100
"Marshall, MN Micro Area",12595,10639,9490,1149,849,117,183,23,21,0,0,0,2,35,501,32140
"Marshall, MO Micro Area",10279,9254,8462,792,595,167,30,0,0,0,0,0,0,23,211,32180
"Marshalltown, IA Micro Area",19134,17389,14867,2522,2075,245,202,3,3,0,0,0,0,4,491,32260
"Martin, TN Micro Area",14011,12283,11290,993,777,185,31,57,49,0,0,8,0,22,327,32280
"Martinsville, VA Micro Area",24772,22566,20196,2370,1861,360,149,70,37,0,0,0,33,6,178,32300
"Maryville, MO Micro Area",9880,9071,8196,875,666,75,134,2,2,0,0,0,0,22,194,32340
"Mason City, IA Micro Area",25581,22787,20455,2332,1943,332,57,125,125,0,0,0,0,95,460,32380
"Mayagüez, PR Metro Area",25933,24189,22717,1472,1209,53,210,197,57,0,0,140,0,79,605,32420
"Mayfield, KY Micro Area",15060,13660,12705,955,773,114,68,5,5,0,0,0,0,0,186,32460
"Maysville, KY Micro Area",7236,6660,6383,277,235,17,25,6,6,0,0,0,0,0,120,32500
"McAlester, OK Micro Area",16848,15252,13945,1307,974,209,124,29,29,0,0,0,0,23,350,32540
"McAllen-Edinburg-Mission, TX Metro Area",332795,288808,256405,32403,22262,6472,3669,817,717,19,81,0,0,328,3836,32580
"McComb, MS Micro Area",14632,13625,11900,1725,1367,230,128,55,55,0,0,0,0,4,117,32620
"McMinnville, TN Micro Area",17419,16222,14545,1677,1040,502,135,10,10,0,0,0,0,0,142,32660
"McPherson, KS Micro Area",15427,13654,12627,1027,678,291,58,0,0,0,0,0,0,111,642,32700
"Meadville, PA Micro Area",35404,30391,26979,3412,2541,398,473,227,169,25,8,16,9,100,2057,32740
"Medford, OR Metro Area",97138,80563,72434,8129,6351,975,803,842,815,0,0,0,27,930,2596,32780
"Memphis, TN-MS-AR Metro Area",610548,551199,495360,55839,42992,8988,3859,2834,2738,44,0,12,40,635,6256,32820
"Menomonie, WI Micro Area",23558,19691,18238,1453,1022,236,195,50,39,0,6,0,5,92,1533,32860
"Merced, CA Metro Area",106381,92717,82207,10510,6664,2221,1625,526,451,69,6,0,0,396,2481,32900
"Meridian, MS Micro Area",38819,35629,31670,3959,2397,1050,512,22,9,0,0,0,13,23,583,32940
"Mexico, MO Micro Area",10706,9944,8899,1045,673,114,258,4,4,0,0,0,0,4,133,33020
"Miami, OK Micro Area",12105,11315,10168,1147,914,133,100,13,7,0,3,0,3,5,257,33060
"Miami-Fort Lauderdale-Pompano Beach, FL Metro Area",2966935,2442231,2169288,272943,199514,42690,30739,73914,60497,6673,4436,2054,254,14332,45177,33100
"Michigan City-La Porte, IN Metro Area",48913,44803,40943,3860,3067,478,315,501,247,16,238,0,0,46,821,33140
"Middlesborough, KY Micro Area",6848,6244,5126,1118,995,57,66,3,3,0,0,0,0,9,296,33180
"Midland, MI Metro Area",37379,32915,30113,2802,2061,415,326,155,133,0,18,0,4,100,468,33220
"Midland, TX Metro Area",87248,80293,70617,9676,6895,1841,940,92,92,0,0,0,0,236,907,33260
"Milledgeville, GA Micro Area",18819,17202,15786,1416,862,356,198,36,36,0,0,0,0,41,99,33300
"Milwaukee-Waukesha, WI Metro Area",783232,648289,592882,55407,43729,7145,4533,17938,17377,108,291,121,41,2593,17237,33340
"Minden, LA Micro Area",12853,11525,11053,472,301,90,81,57,57,0,0,0,0,32,140,33380
"Mineral Wells, TX Micro Area",11985,10696,8839,1857,1236,205,416,27,14,0,0,13,0,0,119,33420
"Minneapolis-St. Paul-Bloomington, MN-WI Metro Area",1953875,1506248,1363445,142803,110172,18341,14290,60694,52293,1657,1404,5140,200,11239,40486,33460
"Minot, ND Micro Area",40789,37449,33250,4199,3376,278,545,61,58,0,0,3,0,132,730,33500
"Missoula, MT Metro Area",64821,51807,46404,5403,3615,1231,557,1014,994,0,20,0,0,2309,2554,33540
"Mitchell, SD Micro Area",12113,10599,9815,784,317,267,200,48,48,0,0,0,0,19,352,33580
"Moberly, MO Micro Area",10602,9751,8916,835,664,109,62,53,53,0,0,0,0,6,35,33620
"Mobile, AL Metro Area",179425,163865,151535,12330,9780,1478,1072,591,544,0,19,2,26,142,1666,33660
"Modesto, CA Metro Area",229451,206525,182717,23808,17093,4200,2515,1764,1643,25,58,19,19,789,2978,33700
"Monroe, LA Metro Area",84492,76893,68815,8078,5843,1440,795,738,734,0,4,0,0,121,1514,33740
"Monroe, MI Metro Area",69702,63191,58621,4570,3315,836,419,144,144,0,0,0,0,78,821,33780
"Montgomery, AL Metro Area",167566,153281,139911,13370,10944,1289,1137,542,540,0,0,0,2,171,2147,33860
"Montrose, CO Micro Area",20464,17055,14935,2120,1395,311,414,28,22,0,0,0,6,101,674,33940
"Morehead City, NC Micro Area",30080,26442,24434,2008,1546,327,135,115,110,0,0,0,5,115,414,33980
"Morgan City, LA Micro Area",19136,17960,16287,1673,1366,214,93,1,1,0,0,0,0,59,288,34020
"Morgantown, WV Metro Area",66772,55517,49094,6423,5526,450,447,780,700,66,6,8,0,63,2925,34060
"Morristown, TN Metro Area",60706,56391,50878,5513,4333,696,484,130,77,0,53,0,0,74,498,34100
"Moscow, ID Micro Area",18879,13946,12311,1635,1194,227,214,53,53,0,0,0,0,194,2653,34140
"Moses Lake, WA Micro Area",42635,37036,31501,5535,3832,801,902,536,534,0,0,0,2,117,932,34180
"Moultrie, GA Micro Area",19065,17402,15463,1939,1404,243,292,306,306,0,0,0,0,0,269,34220
"Mountain Home, AR Micro Area",15129,13762,11858,1904,1443,212,249,3,3,0,0,0,0,6,302,34260
"Mountain Home, ID Micro Area",13077,12164,10912,1252,819,228,205,13,13,0,0,0,0,7,348,34300
"Mount Airy, NC Micro Area",31099,29386,25820,3566,2732,485,349,18,18,0,0,0,0,43,273,34340
"Mount Gay-Shamrock, WV Micro Area",9181,8531,8027,504,452,32,20,66,66,0,0,0,0,0,150,34350
"Mount Pleasant, MI Micro Area",30645,26333,23806,2527,2060,248,219,162,162,0,0,0,0,193,2102,34380
"Mount Pleasant, TX Micro Area",18362,17103,14622,2481,1747,483,251,12,12,0,0,0,0,0,272,34420
"Mount Sterling, KY Micro Area",18077,16714,15234,1480,1071,327,82,0,0,0,0,0,0,0,222,34460
"Mount Vernon, IL Micro Area",15993,14810,13094,1716,1281,261,174,13,13,0,0,0,0,4,202,34500
"Mount Vernon, OH Micro Area",28192,23918,21615,2303,1595,279,429,123,123,0,0,0,0,57,808,34540
"Mount Vernon-Anacortes, WA Metro Area",57119,49108,43519,5589,4213,579,797,383,253,0,0,48,82,177,1002,34580
"Muncie, IN Metro Area",51601,45213,40040,5173,3980,655,538,536,530,0,0,0,6,261,2120,34620
"Murray, KY Micro Area",17096,14800,13444,1356,1285,60,11,15,15,0,0,0,0,64,1330,34660
"Muscatine, IA Micro Area",20877,19220,17602,1618,1238,292,88,107,107,0,0,0,0,25,479,34700
"Muskegon, MI Metro Area",75385,69950,63131,6819,5324,1073,422,121,121,0,0,0,0,95,787,34740
"Muskogee, OK Micro Area",25734,23201,21272,1929,1521,249,159,160,99,37,0,24,0,86,264,34780
"Myrtle Beach-Conway-North Myrtle Beach, SC-NC Metro Area",207482,180836,164020,16816,11654,3234,1928,1113,587,20,3,72,431,355,1942,34820
"Nacogdoches, TX Micro Area",27800,24086,21101,2985,2118,543,324,94,89,0,0,0,5,71,1182,34860
"Napa, CA Metro Area",66906,54984,48672,6312,4316,1201,795,944,555,19,11,6,353,733,1943,34900
"Naples-Marco Island, FL Metro Area",158573,134630,117423,17207,11898,2741,2568,854,756,81,0,12,5,547,1184,34940
"Nashville-Davidson--Murfreesboro--Franklin, TN Metro Area",1031961,852885,767604,85281,64611,12842,7828,7543,6721,88,554,95,85,1560,12214,34980
"Natchez, MS-LA Micro Area",15252,14429,13571,858,520,247,91,0,0,0,0,0,0,0,227,35020
"Natchitoches, LA Micro Area",14014,13083,11675,1408,986,180,242,24,24,0,0,0,0,72,292,35060
"New Bern, NC Metro Area",53149,47784,42529,5255,3266,1069,920,84,69,0,0,0,15,102,770,35100
"Newberry, SC Micro Area",16467,15368,14090,1278,730,256,292,0,0,0,0,0,0,64,289,35140
"New Castle, IN Micro Area",20169,18359,16531,1828,1375,291,162,51,51,0,0,0,0,18,310,35220
"New Castle, PA Micro Area",38089,33009,29673,3336,2691,381,264,215,215,0,0,0,0,42,853,35260
"New Haven-Milford, CT Metro Area",424644,345170,310458,34712,28112,4300,2300,11897,8813,528,2292,198,66,1650,15427,35300
"New Orleans-Metairie, LA Metro Area",576650,487333,433549,53784,40716,7867,5201,11330,9837,151,132,1146,64,4784,14506,35380
"New Philadelphia-Dover, OH Micro Area",42276,38052,35169,2883,1954,499,430,10,10,0,0,0,0,556,604,35420
"Newport, OR Micro Area",19621,16312,13932,2380,1778,454,148,106,88,0,0,0,18,78,635,35440
"Newport, TN Micro Area",14604,13562,11867,1695,1376,313,6,1,0,0,0,1,0,0,152,35460
"New Ulm, MN Micro Area",13314,11705,10895,810,549,117,144,59,59,0,0,0,0,36,431,35580
"New York-Newark-Jersey City, NY-NJ-PA Metro Area",9537695,5018246,4432975,585271,416956,87093,81222,2491807,618655,1562038,266847,20135,24132,70839,519586,35620
"Niles, MI Metro Area",69571,60577,54549,6028,4795,732,501,297,225,17,50,3,2,206,1914,35660
"Nogales, AZ Micro Area",18616,16675,14664,2011,1343,436,232,198,198,0,0,0,0,110,204,35700
"Norfolk, NE Micro Area",24728,22173,20208,1965,1184,420,361,71,71,0,0,0,0,117,616,35740
"North Platte, NE Micro Area",17073,15697,14676,1021,805,106,110,46,45,0,1,0,0,118,360,35820
"North Port-Sarasota-Bradenton, FL Metro Area",351471,292109,259926,32183,24669,4438,3076,1485,1285,78,39,62,21,1946,3702,35840
"North Vernon, IN Micro Area",12758,12136,10619,1517,1270,130,117,0,0,0,0,0,0,20,111,35860
"North Wilkesboro, NC Micro Area",28177,25585,22940,2645,2202,133,310,31,31,0,0,0,0,0,266,35900
"Norwalk, OH Micro Area",26975,24833,22558,2275,1738,401,136,86,86,0,0,0,0,89,601,35940
"Norwich-New London, CT Metro Area",132973,111917,102266,9651,7864,1143,644,1677,1150,65,347,34,81,263,3351,35980
"Oak Harbor, WA Micro Area",38999,31894,28023,3871,3163,325,383,789,248,0,95,0,446,177,1102,36020
"Ocala, FL Metro Area",139755,124054,109739,14315,11893,1546,876,202,184,18,0,0,0,416,708,36100
"Ocean City, NJ Metro Area",42154,35774,32469,3305,2942,263,100,320,272,12,12,12,12,573,1578,36140
"Odessa, TX Metro Area",73281,68743,59875,8868,5602,2005,1261,180,173,0,0,7,0,107,871,36220
"Ogden-Clearfield, UT Metro Area",342068,284472,253933,30539,22434,4626,3479,4173,2404,49,1590,94,36,966,4322,36260
"Ogdensburg-Massena, NY Micro Area",43767,37709,33829,3880,2946,479,455,87,80,1,0,3,3,82,2439,36300
"Oil City, PA Micro Area",21359,18905,16873,2032,1695,163,174,105,99,0,4,0,2,0,585,36340
"Okeechobee, FL Micro Area",15091,13252,11049,2203,1564,248,391,170,170,0,0,0,0,107,328,36380
"Oklahoma City, OK Metro Area",688627,606857,546070,60787,46301,9208,5278,2492,2133,47,32,155,125,1608,11463,36420
"Olean, NY Micro Area",32488,28038,25061,2977,2453,293,231,146,135,11,0,0,0,91,1542,36460
"Olympia-Lacey-Tumwater, WA Metro Area",137214,110282,97763,12519,9828,1577,1114,1999,1683,63,165,13,75,499,2831,36500
"Omaha-Council Bluffs, NE-IA Metro Area",499645,427687,388058,39629,29572,6117,3940,3401,3263,15,4,43,76,679,7822,36540
"Oneonta, NY Micro Area",26908,22200,19820,2380,1715,320,345,172,159,12,1,0,0,43,2002,36580
"Ontario, OR-ID Micro Area",22021,19509,17746,1763,1548,83,132,18,3,0,0,0,15,48,797,36620
"Opelousas, LA Micro Area",29973,27179,24416,2763,2095,441,227,65,32,33,0,0,0,74,558,36660
"Orangeburg, SC Micro Area",31563,29026,26485,2541,1637,502,402,44,35,9,0,0,0,52,379,36700
"Orlando-Kissimmee-Sanford, FL Metro Area",1309178,1082802,959341,123461,94533,16783,12145,14499,13140,560,639,128,32,4254,14792,36740
"Oshkosh-Neenah, WI Metro Area",88979,77493,70939,6554,5228,807,519,512,471,10,0,14,17,633,1841,36780
"Oskaloosa, IA Micro Area",11000,9759,8904,855,715,119,21,4,4,0,0,0,0,10,535,36820
"Othello, WA Micro Area",8050,7193,5880,1313,1150,40,123,6,6,0,0,0,0,7,259,36830
"Ottawa, IL Micro Area",69595,64384,58693,5691,4075,972,644,107,69,15,0,21,2,156,1141,36837
"Ottawa, KS Micro Area",12700,11148,10060,1088,742,295,51,7,7,0,0,0,0,0,192,36840
"Ottumwa, IA Micro Area",16045,14743,12877,1866,1447,293,126,111,111,0,0,0,0,0,344,36900
"Owatonna, MN Micro Area",18758,16561,15444,1117,798,234,85,160,100,0,0,0,60,21,535,36940
"Owensboro, KY Metro Area",54245,50643,46167,4476,3195,906,375,122,115,7,0,0,0,78,632,36980
"Oxford, MS Micro Area",24693,22148,20281,1867,1667,65,135,265,237,0,0,0,28,86,741,37060
"Oxnard-Thousand Oaks-Ventura, CA Metro Area",402639,338002,298220,39782,28465,7024,4293,3366,2421,201,608,0,136,1451,6329,37100
"Ozark, AL Micro Area",19769,18292,16464,1828,1615,113,100,36,36,0,0,0,0,0,492,37120
"Paducah, KY-IL Micro Area",42200,38425,35330,3095,2395,396,304,240,212,0,0,0,28,73,677,37140
"Pahrump, NV Micro Area",16552,14323,12526,1797,1446,192,159,94,68,26,0,0,0,0,347,37220
"Palatka, FL Micro Area",25550,22775,20045,2730,2130,263,337,72,42,0,30,0,0,179,326,37260
"Palestine, TX Micro Area",19753,18666,16706,1960,1250,560,150,51,51,0,0,0,0,0,127,37300
"Palm Bay-Melbourne-Titusville, FL Metro Area",269483,228392,209502,18890,15550,2213,1127,1846,1783,8,17,0,38,1196,2879,37340
"Pampa, TX Micro Area",9227,8559,7514,1045,893,106,46,0,0,0,0,0,0,0,111,37420
"Panama City, FL Metro Area",85923,76648,67085,9563,6856,1761,946,477,408,0,0,69,0,301,944,37460
"Paragould, AR Micro Area",19536,18171,16084,2087,1544,111,432,31,18,0,0,0,13,0,536,37500
"Paris, TN Micro Area",12545,11338,10608,730,582,77,71,73,18,0,0,55,0,14,45,37540
"Paris, TX Micro Area",22572,20062,18244,1818,1180,399,239,17,17,0,0,0,0,16,746,37580
"Parkersburg-Vienna, WV Metro Area",37469,33542,30415,3127,2706,217,204,241,241,0,0,0,0,57,706,37620
"Parsons, KS Micro Area",9028,8278,7035,1243,1039,154,50,8,4,4,0,0,0,13,189,37660
"Payson, AZ Micro Area",18434,16176,13518,2658,2118,342,198,7,7,0,0,0,0,37,391,37740
"Pearsall, TX Micro Area",6830,6214,5754,460,342,47,71,0,0,0,0,0,0,0,221,37770
"Pecos, TX Micro Area",6294,6133,4902,1231,987,77,167,0,0,0,0,0,0,0,5,37780
"Pella, IA Micro Area",16435,14202,13199,1003,762,118,123,52,40,0,0,0,12,60,717,37800
"Pensacola-Ferry Pass-Brent, FL Metro Area",229881,189733,170309,19424,14669,3254,1501,1253,1196,45,0,0,12,1104,6578,37860
"Peoria, IL Metro Area",181545,160523,146919,13604,10762,1653,1189,1207,1199,0,2,0,6,393,3378,37900
"Peru, IN Micro Area",15136,14009,12616,1393,1160,169,64,44,44,0,0,0,0,76,229,37940
"Philadelphia-Camden-Wilmington, PA-NJ-DE-MD Metro Area",3052356,2237122,2023019,214103,165675,28965,19463,220148,116038,49940,45643,8392,135,17346,95751,37980
"Phoenix-Mesa-Chandler, AZ Metro Area",2313702,1829329,1599520,229809,174327,33255,22227,29725,25722,936,396,2466,205,12149,31563,38060
"Picayune, MS Micro Area",22433,19986,17356,2630,2276,332,22,0,0,0,0,0,0,0,325,38100
"Pierre, SD Micro Area",10890,9810,8643,1167,866,206,95,65,40,0,0,0,25,16,284,38180
"Pine Bluff, AR Metro Area",31362,28832,26798,2034,1678,160,196,157,138,0,0,19,0,0,305,38220
"Pinehurst-Southern Pines, NC Micro Area",44256,37209,33851,3358,2393,765,200,45,11,0,34,0,0,30,461,38240
"Pittsburg, KS Micro Area",19152,17649,16148,1501,1110,191,200,0,0,0,0,0,0,114,462,38260
"Pittsburgh, PA Metro Area",1153032,902968,821253,81715,67808,8352,5555,47827,42840,1967,122,2727,171,2544,35208,38300
"Pittsfield, MA Metro Area",62128,50943,45702,5241,4208,610,423,672,480,143,35,14,0,163,3351,38340
"Plainview, TX Micro Area",13458,12846,11202,1644,1237,285,122,20,20,0,0,0,0,2,201,38380
"Platteville, WI Micro Area",25660,20875,19460,1415,1095,166,154,84,84,0,0,0,0,87,1728,38420
"Plattsburgh, NY Micro Area",35098,30881,27578,3303,2673,345,285,58,8,26,0,0,24,95,1495,38460
"Plymouth, IN Micro Area",21335,18923,16746,2177,1683,245,249,27,27,0,0,0,0,509,583,38500
"Pocatello, ID Metro Area",42307,36310,32496,3814,2723,531,560,425,425,0,0,0,0,249,1176,38540
"Point Pleasant, WV-OH Micro Area",20707,19150,17920,1230,920,190,120,62,48,0,0,0,14,13,301,38580
"Ponca City, OK Micro Area",18612,17187,14922,2265,1449,539,277,0,0,0,0,0,0,14,302,38620
"Ponce, PR Metro Area",62243,57563,53615,3948,2748,806,394,183,138,0,0,45,0,252,1307,38660
"Pontiac, IL Micro Area",16394,14495,13207,1288,867,153,268,7,4,0,0,0,3,199,398,38700
"Poplar Bluff, MO Micro Area",21341,19650,16834,2816,2199,451,166,103,103,0,0,0,0,29,261,38740
"Portales, NM Micro Area",8672,7982,6723,1259,1066,41,152,22,22,0,0,0,0,19,276,38780
"Port Angeles, WA Micro Area",29996,24488,21399,3089,2258,427,404,285,278,1,0,0,6,103,1341,38820
"Portland-South Portland, ME Metro Area",294475,232370,209055,23315,19751,2033,1531,2062,1491,143,153,3,272,1371,11945,38860
"Portland-Vancouver-Hillsboro, OR-WA Metro Area",1269200,917167,816021,101146,78256,13996,8894,54144,39482,3111,1857,9481,213,19128,38991,38900
"Port Lavaca, TX Micro Area",9608,9273,8210,1063,788,275,0,0,0,0,0,0,0,0,159,38920
"Port St. Lucie, FL Metro Area",208564,180831,163813,17018,13275,2327,1416,488,379,12,90,7,0,1060,2508,38940
"Portsmouth, OH Micro Area",26345,24082,22119,1963,1596,230,137,6,6,0,0,0,0,61,460,39020
"Pottsville, PA Micro Area",63364,57068,50883,6185,5030,706,449,273,229,4,20,0,20,50,1978,39060
"Poughkeepsie-Newburgh-Middletown, NY Metro Area",328751,261491,234875,26616,20442,3239,2935,14670,5517,1785,7126,140,102,344,10949,39100
"Prescott Valley-Prescott, AZ Metro Area",92865,77854,68621,9233,7078,1012,1143,193,155,14,0,0,24,261,2888,39150
"Price, UT Micro Area",8067,7298,6404,894,477,112,305,34,26,0,8,0,0,24,166,39220
"Prineville, OR Micro Area",11025,9704,8887,817,617,187,13,4,4,0,0,0,0,20,98,39260
"Providence-Warwick, RI-MA Metro Area",827819,701775,634374,67401,51263,9905,6233,15797,9102,904,5585,42,164,2190,21075,39300
"Provo-Orem, UT Metro Area",325907,255587,223512,32075,24739,4300,3036,5850,3395,306,1911,238,0,2103,10336,39340
"Pueblo, CO Metro Area",69850,63691,56275,7416,5274,1104,1038,429,379,0,0,8,42,123,1027,39380
"Pullman, WA Micro Area",22363,16151,13786,2365,1600,309,456,840,839,0,1,0,0,373,2761,39420
"Punta Gorda, FL Metro Area",66322,54397,49548,4849,3793,420,636,165,93,15,0,0,57,342,705,39460
"Quincy, IL-MO Micro Area",37159,33486,30525,2961,2351,372,238,261,236,0,14,0,11,25,871,39500
"Racine, WI Metro Area",94221,82912,75538,7374,5630,1156,588,966,832,0,108,0,26,158,925,39540
"Raleigh-Cary, NC Metro Area",730417,561519,510187,51332,38822,7690,4820,4549,4386,24,82,29,28,1081,8119,39580
"Rapid City, SD Metro Area",70542,61670,55436,6234,4697,781,756,228,228,0,0,0,0,343,1625,39660
"Raymondville, TX Micro Area",7939,7012,6374,638,501,127,10,0,0,0,0,0,0,0,250,39700
"Reading, PA Metro Area",206685,174429,157814,16615,12993,1935,1687,2499,2309,117,37,0,36,332,5915,39740
"Red Bluff, CA Micro Area",24769,21933,19882,2051,1227,480,344,23,23,0,0,0,0,8,356,39780
"Redding, CA Metro Area",74304,65495,58405,7090,5173,1227,690,404,313,44,17,0,30,579,1660,39820
"Red Wing, MN Micro Area",23597,20449,18841,1608,1219,275,114,329,329,0,0,0,0,53,475,39860
"Reno, NV Metro Area",245719,206056,175797,30259,22284,4615,3360,4753,4730,0,0,13,10,1048,4920,39900
"Rexburg, ID Micro Area",31927,24712,20016,4696,3716,462,518,295,201,0,0,0,94,236,2824,39940
"Richmond, IN Micro Area",29789,26741,23648,3093,2131,480,482,71,68,0,0,0,3,1,916,39980
"Richmond, VA Metro Area",665398,540311,490040,50271,38694,7402,4175,8533,7376,157,710,158,132,2546,10206,40060
"Richmond-Berea, KY Micro Area",48500,42884,37901,4983,4034,491,458,56,56,0,0,0,0,136,1801,40080
"Rio Grande City-Roma, TX Micro Area",23333,20161,16701,3460,2926,369,165,0,0,0,0,0,0,0,877,40100
"Riverside-San Bernardino-Ontario, CA Metro Area",1994724,1737991,1517992,219999,158027,34778,27194,18640,11562,998,5426,512,142,3981,26061,40140
"Riverton, WY Micro Area",16314,13660,12323,1337,1072,186,79,79,49,25,0,0,5,255,688,40180
"Roanoke, VA Metro Area",146506,125265,115608,9657,7241,1290,1126,1683,1643,19,16,5,0,122,2676,40220
"Roanoke Rapids, NC Micro Area",24398,22188,19828,2360,1437,487,436,21,21,0,0,0,0,0,256,40260
"Rochelle, IL Micro Area",24422,22132,20235,1897,1577,239,81,158,72,6,0,19,61,22,316,40300
"Rochester, MN Metro Area",118223,96142,83152,12990,9910,1869,1211,3418,3374,0,7,0,37,660,4055,40340
"Rochester, NY Metro Area",519115,433395,392433,40962,33434,4400,3128,7839,7359,297,78,8,97,2075,13892,40380
"Rockford, IL Metro Area",152553,137304,121980,15324,11957,1753,1614,866,762,26,61,0,17,404,1480,40420
"Rockingham, NC Micro Area",17681,16875,14953,1922,1367,310,245,34,34,0,0,0,0,0,241,40460
"Rockport, TX Micro Area",8833,7403,6597,806,675,97,34,51,51,0,0,0,0,51,145,40530
"Rock Springs, WY Micro Area",20668,18820,15970,2850,2115,404,331,417,413,0,0,0,4,147,572,40540
"Rocky Mount, NC Metro Area",62465,55827,50639,5188,3688,1123,377,443,443,0,0,0,0,20,560,40580
"Rolla, MO Micro Area",18728,16679,14048,2631,2101,337,193,0,0,0,0,0,0,35,741,40620
"Rome, GA Metro Area",42651,38415,34112,4303,2996,1008,299,74,63,0,0,0,11,99,1325,40660
"Roseburg, OR Micro Area",42065,36575,31282,5293,4295,672,326,53,53,0,0,0,0,69,1143,40700
"Roswell, NM Micro Area",25977,24111,21807,2304,1238,618,448,127,124,3,0,0,0,85,407,40740
"Ruidoso, NM Micro Area",8220,6838,6256,582,284,247,51,10,10,0,0,0,0,0,87,40760
"Russellville, AR Micro Area",35670,32697,28753,3944,3247,229,468,76,76,0,0,0,0,32,554,40780
"Ruston, LA Micro Area",20920,18134,16590,1544,1040,133,371,0,0,0,0,0,0,30,596,40820
"Rutland, VT Micro Area",28803,25352,23460,1892,1288,232,372,132,126,4,2,0,0,15,813,40860
"Sacramento-Roseville-Folsom, CA Metro Area",1101133,864662,769367,95295,70181,14451,10663,17125,11098,1090,1420,3340,177,12075,18148,40900
"Safford, AZ Micro Area",13864,12937,11513,1424,979,140,305,34,34,0,0,0,0,0,174,40940
"Saginaw, MI Metro Area",79772,71393,64447,6946,5443,1049,454,300,268,0,0,30,2,148,1656,40980
"St. Cloud, MN Metro Area",104643,88655,81000,7655,5661,1044,950,1528,1404,11,94,11,8,448,4814,41060
"St. George, UT Metro Area",77459,64517,57221,7296,5243,1233,820,334,294,0,0,0,40,337,1034,41100
"St. Joseph, MO-KS Metro Area",54585,49907,44555,5352,3928,1030,394,155,144,0,0,0,11,24,756,41140
"St. Louis, MO-IL Metro Area",1390743,1166855,1075395,91460,72147,11439,7874,21218,17019,2179,569,1360,91,2533,21750,41180
"St. Marys, GA Micro Area",25574,21721,19695,2026,1743,236,47,198,198,0,0,0,0,163,1151,41220
"St. Marys, PA Micro Area",14790,13769,12349,1420,1153,242,25,64,44,0,0,0,20,41,396,41260
"Salem, OH Micro Area",45689,41681,37281,4400,3340,694,366,137,137,0,0,0,0,308,885,41400
"Salem, OR Metro Area",195544,162312,142469,19843,15389,2622,1832,2376,2337,0,10,17,12,1505,5038,41420
"Salina, KS Micro Area",29661,26838,23886,2952,2208,565,179,115,84,31,0,0,0,117,508,41460
"Salinas, CA Metro Area",189526,150522,131052,19470,13823,2940,2707,2502,2403,0,23,18,58,993,5421,41500
"Salisbury, MD-DE Metro Area",186340,162446,147189,15257,10854,2049,2354,896,772,92,22,0,10,751,3187,41540
"Salt Lake City, UT Metro Area",655978,518709,451225,67484,50313,9623,7548,16174,8680,1193,1861,4329,111,3576,12306,41620
"San Angelo, TX Metro Area",58554,51127,44950,6177,4055,1282,840,222,118,47,0,0,57,204,2300,41660
"San Antonio-New Braunfels, TX Metro Area",1216437,1025805,892173,133632,96038,23245,14349,16575,16162,44,192,8,169,2459,20434,41700
"San Diego-Chula Vista-Carlsbad, CA Metro Area",1622954,1264039,1126502,137537,100146,21518,15873,36235,28037,1023,1865,4838,472,7520,46996,41740
"Sandpoint, ID Micro Area",19490,15987,14518,1469,1197,247,25,191,170,0,21,0,0,421,643,41760
"Sandusky, OH Micro Area",35164,32608,29587,3021,2466,196,359,224,176,0,0,8,40,30,426,41780
"Sanford, NC Micro Area",28339,26249,23235,3014,2647,335,32,43,43,0,0,0,0,0,309,41820
"San Francisco-Oakland-Berkeley, CA Metro Area",2391418,1438631,1240502,198129,145408,33735,18986,282730,126428,111437,27403,11028,6434,36675,97625,41860
"San Germán, PR Metro Area",35331,32423,30673,1750,1453,198,99,221,67,78,0,76,0,0,930,41900
"San Jose-Sunnyvale-Santa Clara, CA Metro Area",1006137,735648,645152,90496,68268,13788,8440,28747,16100,2010,7693,2879,65,13808,21192,41940
"San Juan-Bayamón-Caguas, PR Metro Area",714144,634660,580275,54385,43888,7553,2944,10205,4638,1779,74,3600,114,937,18317,41980
"San Luis Obispo-Paso Robles, CA Metro Area",129192,102497,90426,12071,9040,1928,1103,913,901,0,4,0,8,1778,5869,42020
"Santa Cruz-Watsonville, CA Metro Area",129470,94587,83143,11444,8689,1920,835,2332,2203,74,50,5,0,2538,5928,42100
"Santa Fe, NM Metro Area",70746,56761,50169,6592,4677,1481,434,512,471,20,21,0,0,413,1538,42140
"Santa Isabel, PR Micro Area",6680,6329,6033,296,246,21,29,0,0,0,0,0,0,58,35,42180
"Santa Maria-Santa Barbara, CA Metro Area",204766,161384,136332,25052,17496,4549,3007,4663,4501,22,112,0,28,5238,7811,42200
"Santa Rosa-Petaluma, CA Metro Area",242102,197210,174617,22593,17333,3133,2127,3185,2251,159,687,30,58,1665,5321,42220
"Sault Ste. Marie, MI Micro Area",15504,13492,11703,1789,1419,281,89,54,51,0,0,0,3,226,463,42300
"Savannah, GA Metro Area",195488,170901,151908,18993,14526,2964,1503,2347,2292,49,0,6,0,1209,3556,42340
"Sayre, PA Micro Area",25435,22462,20357,2105,1629,302,174,28,28,0,0,0,0,0,1027,42380
"Scottsbluff, NE Micro Area",17818,16148,14287,1861,1368,335,158,9,9,0,0,0,0,42,382,42420
"Scottsboro, AL Micro Area",20023,18772,17064,1708,1330,258,120,20,14,0,6,0,0,17,201,42460
"Scottsburg, IN Micro Area",10567,9579,8637,942,750,86,106,0,0,0,0,0,0,109,124,42500
"Scranton--Wilkes-Barre, PA Metro Area",263405,228837,202197,26640,20883,2770,2987,2200,2069,62,24,0,45,395,7183,42540
"Searcy, AR Micro Area",31811,29617,26864,2753,1995,625,133,115,115,0,0,0,0,81,573,42620
"Seattle-Tacoma-Bellevue, WA Metro Area",2078385,1431243,1253417,177826,136691,23752,17383,141626,117868,5189,7952,9295,1322,17549,73210,42660
"Sebastian-Vero Beach, FL Metro Area",62037,52791,47438,5353,3925,1149,279,370,291,31,20,0,28,590,436,42680
"Sebring-Avon Park, FL Metro Area",34686,30862,26780,4082,2977,748,357,48,29,0,11,0,8,56,744,42700
"Sedalia, MO Micro Area",19837,17960,16138,1822,1402,170,250,39,39,0,0,0,0,44,229,42740
"Selinsgrove, PA Micro Area",19142,16198,14346,1852,1349,262,241,57,45,0,0,12,0,281,1124,42780
"Selma, AL Micro Area",14138,13258,12222,1036,778,151,107,75,67,0,8,0,0,0,120,42820
"Seneca, SC Micro Area",31671,28621,25040,3581,2276,823,482,166,166,0,0,0,0,0,371,42860
"Seneca Falls, NY Micro Area",14480,12627,11078,1549,1126,216,207,55,52,3,0,0,0,56,428,42900
"Sevierville, TN Micro Area",45941,41459,35921,5538,4175,948,415,275,238,0,17,20,0,81,715,42940
"Seymour, IN Micro Area",22017,20489,18218,2271,1785,315,171,14,14,0,0,0,0,23,451,42980
"Shawano, WI Micro Area",20966,17895,16722,1173,933,83,157,37,37,0,0,0,0,56,657,43020
"Shawnee, OK Micro Area",29303,26801,24494,2307,1804,267,236,12,6,0,0,0,6,30,477,43060
"Sheboygan, WI Metro Area",60282,53369,48745,4624,3469,862,293,214,210,0,4,0,0,404,1080,43100
"Shelby, NC Micro Area",42455,38757,34994,3763,3040,310,413,2,2,0,0,0,0,0,929,43140
"Shelbyville, TN Micro Area",22971,21056,17385,3671,3032,404,235,17,0,0,0,17,0,0,118,43180
"Shelton, WA Micro Area",25535,22067,18892,3175,2587,352,236,236,156,0,0,0,80,7,386,43220
"Sheridan, WY Micro Area",15372,13420,12040,1380,927,354,99,0,0,0,0,0,0,70,446,43260
"Sherman-Denison, TX Metro Area",63791,56322,49755,6567,5477,461,629,187,187,0,0,0,0,104,1015,43300
"Show Low, AZ Micro Area",33309,28598,25309,3289,2653,411,225,304,299,0,0,5,0,138,1112,43320
"Shreveport-Bossier City, LA Metro Area",163098,148368,134500,13868,10677,2208,983,1689,1670,0,0,0,19,143,1766,43340
"Sidney, OH Micro Area",23620,22076,19746,2330,1956,210,164,42,39,3,0,0,0,136,145,43380
"Sierra Vista-Douglas, AZ Metro Area",46755,39982,35931,4051,2244,805,1002,67,61,0,0,0,6,169,1251,43420
"Sikeston, MO Micro Area",17157,16167,14397,1770,1274,308,188,2,2,0,0,0,0,0,133,43460
"Silver City, NM Micro Area",9731,8249,7081,1168,576,392,200,30,30,0,0,0,0,0,184,43500
"Sioux City, IA-NE-SD Metro Area",73597,67438,59986,7452,5560,1143,749,491,486,0,0,0,5,69,1353,43580
"Sioux Falls, SD Metro Area",152979,134462,123635,10827,7643,1754,1430,673,613,60,0,0,0,258,3048,43620
"Snyder, TX Micro Area",6876,6446,5593,853,593,77,183,0,0,0,0,0,0,0,155,43660
"Somerset, KY Micro Area",26510,25050,22748,2302,1963,204,135,59,59,0,0,0,0,5,302,43700
"Somerset, PA Micro Area",31886,28567,26256,2311,1838,253,220,38,29,3,2,0,4,9,651,43740
"Sonora, CA Micro Area",19951,16784,15146,1638,1197,287,154,62,62,0,0,0,0,11,742,43760
"South Bend-Mishawaka, IN-MI Metro Area",151993,130842,117125,13717,10758,1618,1341,1491,1279,103,43,57,9,756,5238,43780
"Spartanburg, SC Metro Area",151753,137905,123459,14446,11022,2138,1286,177,168,9,0,0,0,97,1459,43900
"Spearfish, SD Micro Area",14124,12519,11292,1227,1097,92,38,168,168,0,0,0,0,22,449,43940
"Spencer, IA Micro Area",8259,7222,6492,730,410,265,55,74,74,0,0,0,0,8,300,43980
"Spirit Lake, IA Micro Area",9231,8008,7376,632,568,24,40,0,0,0,0,0,0,50,150,44020
"Spokane-Spokane Valley, WA Metro Area",264392,215405,192631,22774,18199,2625,1950,5544,5532,0,3,0,9,1122,7359,44060
"Springfield, IL Metro Area",97824,84487,78292,6195,4980,758,457,1000,938,59,0,0,3,452,1263,44100
"Springfield, MA Metro Area",320342,265099,241224,23875,18543,3214,2118,6012,5725,126,109,0,52,1096,11082,44140
"Springfield, MO Metro Area",221667,196141,176979,19162,15623,2090,1449,1279,1271,0,0,0,8,594,3782,44180
"Springfield, OH Metro Area",59345,53271,47461,5810,4327,885,598,309,309,0,0,0,0,43,1263,44220
"Starkville, MS Micro Area",25804,23091,21486,1605,1326,183,96,48,48,0,0,0,0,72,689,44260
"State College, PA Metro Area",73011,54321,48526,5795,4350,751,694,2953,2939,0,0,11,3,1036,5293,44300
"Statesboro, GA Micro Area",34969,31096,27899,3197,2449,613,135,167,167,0,0,0,0,136,609,44340
"Staunton, VA Metro Area",60047,54781,49676,5105,4107,701,297,212,206,2,0,0,4,74,832,44420
"Steamboat Springs, CO Micro Area",13686,10314,9300,1014,714,197,103,113,79,34,0,0,0,408,558,44460
"Stephenville, TX Micro Area",20446,17726,15693,2033,1597,325,111,5,5,0,0,0,0,269,782,44500
"Sterling, CO Micro Area",10183,8922,7685,1237,627,425,185,210,210,0,0,0,0,38,220,44540
"Sterling, IL Micro Area",26038,23785,21261,2524,1995,425,104,102,89,0,0,0,13,142,832,44580
"Stevens Point, WI Micro Area",36822,30608,27647,2961,2454,341,166,129,123,4,2,0,0,359,1352,44620
"Stillwater, OK Micro Area",36655,30825,27474,3351,2907,233,211,174,164,0,0,0,10,303,2087,44660
"Stockton, CA Metro Area",325292,287045,247437,39608,27758,6829,5021,4201,1770,711,1619,81,20,1124,3758,44700
"Storm Lake, IA Micro Area",10171,8808,7044,1764,1275,358,131,33,19,0,0,14,0,36,642,44740
"Sturgis, MI Micro Area",27239,24410,20314,4096,3036,471,589,23,23,0,0,0,0,325,626,44780
"Sulphur Springs, TX Micro Area",16779,15391,13667,1724,1085,369,270,126,126,0,0,0,0,0,246,44860
"Summerville, GA Micro Area",8879,8505,7624,881,626,98,157,11,11,0,0,0,0,0,63,44900
"Sumter, SC Metro Area",55861,51727,47159,4568,3251,754,563,91,91,0,0,0,0,127,841,44940
"Sunbury, PA Micro Area",40657,35967,32025,3942,3218,363,361,156,137,0,19,0,0,28,1111,44980
"Susanville, CA Micro Area",8909,8049,7018,1031,889,57,85,32,32,0,0,0,0,21,253,45000
"Sweetwater, TX Micro Area",6187,5811,5023,788,630,47,111,0,0,0,0,0,0,8,56,45020
"Syracuse, NY Metro Area",306385,255445,231575,23870,19877,2513,1480,5771,5139,619,5,8,0,982,11497,45060
"Tahlequah, OK Micro Area",20118,17841,15250,2591,1674,567,350,24,24,0,0,0,0,84,679,45140
"Talladega-Sylacauga, AL Micro Area",31194,29192,26166,3026,1754,716,556,97,97,0,0,0,0,123,353,45180
"Tallahassee, FL Metro Area",184377,156570,141518,15052,12013,1734,1305,2592,2507,19,0,0,66,714,3725,45220
"Tampa-St. Petersburg-Clearwater, FL Metro Area",1498886,1205120,1083114,122006,92290,18682,11034,13587,13076,145,128,172,66,8177,18854,45300
"Taos, NM Micro Area",13876,11044,9247,1797,1667,78,52,191,191,0,0,0,0,109,369,45340
"Taylorville, IL Micro Area",14557,13456,12249,1207,936,190,81,0,0,0,0,0,0,43,221,45380
"Terre Haute, IN Metro Area",81167,73427,64568,8859,6666,956,1237,471,422,49,0,0,0,252,2430,45460
"Texarkana, TX-AR Metro Area",58824,55146,49939,5207,3554,646,1007,215,183,27,0,5,0,78,579,45500
"The Dalles, OR Micro Area",11567,10080,9020,1060,759,127,174,12,12,0,0,0,0,64,375,45520
"The Villages, FL Metro Area",27879,22313,20198,2115,1408,648,59,5,5,0,0,0,0,314,350,45540
"Thomaston, GA Micro Area",11247,10608,9756,852,758,41,53,6,6,0,0,0,0,0,243,45580
"Thomasville, GA Micro Area",20528,19059,16287,2772,2136,428,208,38,38,0,0,0,0,40,155,45620
"Tiffin, OH Micro Area",26313,23436,21446,1990,1610,221,159,49,44,5,0,0,0,50,1133,45660
"Tifton, GA Micro Area",17682,16380,14448,1932,1161,197,574,13,13,0,0,0,0,68,249,45700
"Toccoa, GA Micro Area",11191,10104,9000,1104,1035,49,20,0,0,0,0,0,0,30,305,45740
"Toledo, OH Metro Area",301088,270661,246762,23899,18913,2654,2332,2540,2327,0,10,21,182,743,5648,45780
"Topeka, KS Metro Area",109853,96623,86300,10323,7406,1778,1139,779,779,0,0,0,0,74,1612,45820
"Torrington, CT Micro Area",94647,79471,73042,6429,4895,877,657,881,168,253,411,49,0,150,2641,45860
"Traverse City, MI Micro Area",72548,61276,54557,6719,5094,1232,393,556,493,0,35,0,28,695,1218,45900
"Trenton-Princeton, NJ Metro Area",181170,133519,114962,18557,12990,3553,2014,9405,2752,233,6211,209,0,1221,6480,45940
"Troy, AL Micro Area",13338,12279,11251,1028,626,306,96,60,60,0,0,0,0,47,266,45980
"Truckee-Grass Valley, CA Micro Area",44318,32814,29853,2961,2172,506,283,41,41,0,0,0,0,265,960,46020
"Tucson, AZ Metro Area",461211,376915,332015,44900,32281,8172,4447,7205,6970,10,0,215,10,5140,9054,46060
"Tullahoma-Manchester, TN Micro Area",46769,42174,38059,4115,3200,513,402,10,0,0,10,0,0,118,773,46100
"Tulsa, OK Metro Area",473145,419538,376853,42685,33544,5673,3468,1605,1499,3,69,0,34,837,6199,46140
"Tupelo, MS Micro Area",72543,69170,63430,5740,4436,596,708,56,56,0,0,0,0,57,127,46180
"Tuscaloosa, AL Metro Area",121916,112426,100342,12084,9568,1914,602,929,869,36,16,0,8,204,1196,46220
"Twin Falls, ID Metro Area",52851,47773,42827,4946,3396,1101,449,140,140,0,0,0,0,51,823,46300
"Tyler, TX Metro Area",107599,96300,87257,9043,6383,1430,1230,495,484,0,0,11,0,224,1251,46340
"Ukiah, CA Micro Area",36841,30193,26713,3480,2445,537,498,103,95,0,0,8,0,79,2454,46380
"Union, SC Micro Area",10591,10070,8729,1341,1048,211,82,19,19,0,0,0,0,8,137,46420
"Union City, TN Micro Area",13120,12148,10981,1167,909,196,62,0,0,0,0,0,0,25,202,46460
"Urbana, OH Micro Area",18144,16348,14397,1951,1772,152,27,1,1,0,0,0,0,22,392,46500
"Urban Honolulu, HI Metro Area",503138,394949,325990,68959,49657,11020,8282,28116,28026,27,39,18,6,4754,24708,46520
"Utica-Rome, NY Metro Area",127856,110325,99775,10550,8373,1331,846,1561,1387,143,11,9,11,184,4268,46540
"Uvalde, TX Micro Area",9661,9077,7904,1173,976,13,184,0,0,0,0,0,0,0,144,46620
"Valdosta, GA Metro Area",64591,59173,53689,5484,4326,850,308,137,116,0,15,6,0,221,1492,46660
"Vallejo, CA Metro Area",209755,179443,155338,24105,16906,4106,3093,4554,1760,566,503,43,1682,651,2499,46700
"Van Wert, OH Micro Area",13971,13002,11833,1169,867,162,140,13,13,0,0,0,0,32,274,46780
"Vermillion, SD Micro Area",7330,5764,5271,493,309,112,72,21,3,0,18,0,0,121,831,46820
"Vernal, UT Micro Area",14316,12765,11097,1668,1172,239,257,63,63,0,0,0,0,130,359,46860
"Vernon, TX Micro Area",5436,5044,4289,755,623,19,113,6,6,0,0,0,0,46,90,46900
"Vicksburg, MS Micro Area",19159,18218,17244,974,691,149,134,126,126,0,0,0,0,20,71,46980
"Victoria, TX Metro Area",44029,39828,35098,4730,3311,923,496,351,351,0,0,0,0,129,736,47020
"Vidalia, GA Micro Area",13335,12164,10697,1467,1037,345,85,51,51,0,0,0,0,40,356,47080
"Vincennes, IN Micro Area",17699,16530,15146,1384,1044,168,172,63,63,0,0,0,0,58,554,47180
"Vineland-Bridgeton, NJ Metro Area",61388,55946,48099,7847,5921,1227,699,869,801,16,10,13,29,317,739,47220
"Vineyard Haven, MA Micro Area",10084,7571,6594,977,700,186,91,115,9,0,0,0,106,55,518,47240
"Virginia Beach-Norfolk-Newport News, VA-NC Metro Area",901096,770188,697701,72487,56109,10475,5903,11088,10020,198,236,372,262,2724,22001,47260
"Visalia, CA Metro Area",184620,169935,143320,26615,17415,4991,4209,935,863,9,28,35,0,225,2464,47300
"Wabash, IN Micro Area",14096,12832,11839,993,657,209,127,53,53,0,0,0,0,23,378,47340
"Waco, TX Metro Area",124151,111145,99471,11674,8758,1339,1577,473,473,0,0,0,0,284,2628,47380
"Wahpeton, ND-MN Micro Area",11480,9835,9061,774,567,166,41,45,20,0,0,0,25,21,578,47420
"Walla Walla, WA Metro Area",26947,21553,19171,2382,1812,342,228,168,166,0,0,2,0,363,1766,47460
"Wapakoneta, OH Micro Area",23580,21528,20242,1286,1037,177,72,61,49,0,0,12,0,127,502,47540
"Warner Robins, GA Metro Area",89685,80936,72881,8055,5648,1681,726,234,101,0,0,86,47,31,560,47580
"Warren, PA Micro Area",16977,15303,13425,1878,1673,147,58,104,83,21,0,0,0,23,618,47620
"Warrensburg, MO Micro Area",26671,23958,21514,2444,1564,623,257,64,64,0,0,0,0,63,958,47660
"Warsaw, IN Micro Area",39179,34880,30327,4553,3645,458,450,91,91,0,0,0,0,184,955,47700
"Washington, IN Micro Area",14983,13382,10314,3068,1430,403,1235,22,22,0,0,0,0,163,532,47780
"Washington, NC Micro Area",19091,17346,16019,1327,860,414,53,23,19,0,0,0,4,9,153,47820
"Washington-Arlington-Alexandria, DC-VA-MD-WV Metro Area",3364807,2248255,1975007,273248,197545,45593,30110,296096,108363,168125,17146,2141,321,22448,91120,47900
"Washington Court House, OH Micro Area",12678,11960,10843,1117,878,209,30,56,56,0,0,0,0,0,73,47920
"Waterloo-Cedar Falls, IA Metro Area",83963,72886,66008,6878,5377,882,619,156,155,0,0,0,1,299,3194,47940
"Watertown, SD Micro Area",18130,16577,15282,1295,845,282,168,69,69,0,0,0,0,76,288,47980
"Watertown-Fort Atkinson, WI Micro Area",46221,40231,36228,4003,2937,805,261,136,83,0,6,0,47,125,1586,48020
"Watertown-Fort Drum, NY Metro Area",54156,46987,43081,3906,3025,674,207,280,248,24,0,0,8,68,2318,48060
"Wauchula, FL Micro Area",8845,8283,6231,2052,1712,185,155,78,78,0,0,0,0,0,110,48100
"Wausau-Weston, WI Metro Area",83884,72647,65742,6905,5154,1348,403,299,299,0,0,0,0,165,1584,48140
"Waycross, GA Micro Area",21379,20385,18177,2208,1634,269,305,47,28,19,0,0,0,0,80,48180
"Weatherford, OK Micro Area",14054,13173,11522,1651,956,314,381,0,0,0,0,0,0,0,404,48220
"Weirton-Steubenville, WV-OH Metro Area",49235,43513,40227,3286,2467,318,501,154,90,26,7,21,10,12,1638,48260
"Wenatchee, WA Metro Area",57150,48342,44272,4070,3263,546,261,461,461,0,0,0,0,249,1813,48300
"West Plains, MO Micro Area",15459,14472,12746,1726,1386,215,125,50,50,0,0,0,0,3,193,48460
"West Point, MS Micro Area",6979,6293,5917,376,161,15,200,0,0,0,0,0,0,41,14,48500
"Wheeling, WV-OH Metro Area",59292,54304,49962,4342,3653,503,186,323,292,28,0,3,0,87,1442,48540
"Whitewater, WI Micro Area",54345,46782,42295,4487,3296,648,543,142,100,17,25,0,0,189,1959,48580
"Wichita, KS Metro Area",307960,276915,249472,27443,19570,5009,2864,1392,1150,60,0,95,87,1045,4504,48620
"Wichita Falls, TX Metro Area",71022,60881,53262,7619,5567,1378,674,187,153,16,0,0,18,168,4756,48660
"Williamsport, PA Metro Area",51688,45799,41034,4765,3409,646,710,510,510,0,0,0,0,197,1698,48700
"Williston, ND Micro Area",19950,18641,17130,1511,1169,145,197,38,7,18,13,0,0,1,499,48780
"Willmar, MN Micro Area",21810,19312,17189,2123,1453,296,374,252,250,2,0,0,0,91,361,48820
"Wilmington, NC Metro Area",142888,119236,108435,10801,8289,1118,1394,414,345,19,50,0,0,499,1878,48900
"Wilmington, OH Micro Area",19725,17833,16381,1452,1108,203,141,57,33,0,0,0,24,26,394,48940
"Wilson, NC Micro Area",34109,31338,28336,3002,2237,442,323,61,51,2,8,0,0,36,479,48980
"Winchester, VA-WV Metro Area",67325,58738,53037,5701,4969,388,344,295,220,5,36,0,34,97,1280,49020
"Winfield, KS Micro Area",15037,13710,11988,1722,1257,281,184,28,20,0,8,0,0,66,332,49060
"Winnemucca, NV Micro Area",8176,6232,4984,1248,714,134,400,751,751,0,0,0,0,4,270,49080
"Winona, MN Micro Area",27040,22232,20569,1663,1270,247,146,395,395,0,0,0,0,248,1696,49100
"Winston-Salem, NC Metro Area",306637,270755,242207,28548,22151,4296,2101,1757,1691,12,9,0,45,267,3679,49180
"Wisconsin Rapids-Marshfield, WI Micro Area",35109,31113,28198,2915,2144,564,207,52,51,0,1,0,0,231,669,49220
"Woodward, OK Micro Area",10807,10150,8777,1373,851,343,179,0,0,0,0,0,0,3,166,49260
"Wooster, OH Micro Area",53961,46183,40537,5646,3491,808,1347,81,81,0,0,0,0,911,2409,49300
"Worcester, MA-CT Metro Area",488235,399998,362749,37249,28739,4802,3708,6939,3118,716,3040,65,0,731,11992,49340
"Worthington, MN Micro Area",10420,9140,7602,1538,1141,230,167,107,107,0,0,0,0,7,495,49380
"Yakima, WA Metro Area",105896,97114,84570,12544,9143,1513,1888,237,237,0,0,0,0,267,1453,49420
"Yankton, SD Micro Area",11674,10558,9661,897,678,180,39,27,27,0,0,0,0,27,322,49460
"Yauco, PR Metro Area",22668,21109,20547,562,451,27,84,27,27,0,0,0,0,8,395,49500
"York-Hanover, PA Metro Area",225878,197775,180773,17002,13966,2172,864,1630,1477,33,89,12,19,427,3203,49620
"Youngstown-Warren-Boardman, OH-PA Metro Area",232676,207677,190707,16970,12575,2084,2311,1899,1830,17,39,13,0,297,3982,49660
"Yuba City, CA Metro Area",75189,67649,58493,9156,5858,1708,1590,456,455,1,0,0,0,198,1100,49700
"Yuma, AZ Metro Area",77216,69825,60420,9405,6001,1958,1446,624,608,0,0,1,15,317,1130,49740
"Zanesville, OH Micro Area",38989,36211,33062,3149,2229,411,509,75,67,8,0,0,0,10,860,49780
"Zapata, TX Micro Area",4669,4129,3440,689,358,59,272,0,0,0,0,0,0,0,203,49820
